ticker,precio,vcp_score,calidad_patron,num_contracciones,contracciones,profundidad_base,etapa_analisis,trend_score,volumen_score,breakout_potential,listo_comprar,sector,market_cap,razon
LII,557.510009765625,91.525,Excellent,20,11.8% → 5.5% → 10.8% → 13.7% → 5.7% → 11.0% → 3.1% → 7.4% → 6.8% → 4.9% → 5.8% → 17.2% → 3.6% → 12.9% → 12.4% → 13.3% → 14.7% → 8.6% → 11.1% → 7.4%,17.161751337200855,Stage 2 Strong,85.0,80.125,100.0,True,Industrials,19553427456,VCP 20 contracciones (Excellent) - PATRÓN SÓLIDO | Base: 17.2% | Stage 2 Strong
OKE,84.9000015258789,91.26086956521739,Excellent,23,13.9% → 6.1% → 25.0% → 8.2% → 9.8% → 10.1% → 4.3% → 6.9% → 5.2% → 4.6% → 4.8% → 11.5% → 4.4% → 7.6% → 4.6% → 11.5% → 5.8% → 7.7% → 3.8% → 8.0% → 6.7% → 5.6% → 4.2%,24.957741495288893,Stage 2 Strong,85.0,78.80434782608695,100.0,True,Energy,53466284032,VCP 23 contracciones (Excellent) - PATRÓN SÓLIDO | Base: 25.0% | Stage 2 Strong
XOM,155.55999755859375,91.09375,Excellent,16,18.4% → 4.7% → 5.4% → 7.0% → 3.1% → 8.4% → 7.3% → 6.6% → 6.0% → 3.4% → 6.2% → 4.2% → 3.9% → 4.4% → 3.4% → 4.9%,18.438829141404284,Stage 2 Strong,85.0,77.96875,100.0,True,Energy,656022241280,VCP 16 contracciones (Excellent) - PATRÓN SÓLIDO | Base: 18.4% | Stage 2 Strong
IBKR,76.3499984741211,90.8125,Excellent,8,12.5% → 7.7% → 16.0% → 12.4% → 7.5% → 3.2% → 5.0% → 7.2%,16.0454915037051,Stage 2 Strong,85.0,76.5625,100.0,True,Financial Services,129790230528,VCP 8 contracciones (Excellent) - PATRÓN SÓLIDO | Base: 16.0% | Stage 2 Strong
HSIC,81.69000244140625,90.5,Excellent,23,14.3% → 22.2% → 6.8% → 3.9% → 6.0% → 4.7% → 8.1% → 4.3% → 4.2% → 9.3% → 10.4% → 11.2% → 3.4% → 5.5% → 5.3% → 6.3% → 8.0% → 4.1% → 7.5% → 4.8% → 6.1% → 3.6% → 7.4%,22.18938719191039,Stage 2 Strong,85.0,75.0,100.0,True,Healthcare,9906415616,VCP 23 contracciones (Excellent) - PATRÓN SÓLIDO | Base: 22.2% | Stage 2 Strong
PKG,244.5500030517578,90.45238095238095,Excellent,21,11.2% → 4.4% → 14.7% → 8.8% → 8.2% → 5.1% → 4.1% → 6.3% → 7.0% → 5.2% → 11.0% → 4.1% → 3.4% → 3.8% → 4.2% → 3.2% → 9.3% → 10.6% → 6.2% → 6.8% → 3.8%,14.693542031373907,Stage 2 Strong,85.0,74.76190476190476,100.0,True,Consumer Cyclical,22004312064,VCP 21 contracciones (Excellent) - PATRÓN SÓLIDO | Base: 14.7% | Stage 2 Strong
EQIX,867.52001953125,90.34210526315789,Excellent,19,11.3% → 7.9% → 15.9% → 12.2% → 5.7% → 3.1% → 4.6% → 22.0% → 7.1% → 6.1% → 3.7% → 5.4% → 3.8% → 4.9% → 4.5% → 6.1% → 13.1% → 3.2% → 3.9%,21.97232367312992,Stage 2 Strong,85.0,74.21052631578948,100.0,True,Real Estate,85178392576,VCP 19 contracciones (Excellent) - PATRÓN SÓLIDO | Base: 22.0% | Stage 2 Strong
DLR,174.57000732421875,90.30555555555556,Excellent,18,10.5% → 12.9% → 5.0% → 3.6% → 8.5% → 3.8% → 4.0% → 10.0% → 6.6% → 3.5% → 3.9% → 5.5% → 4.6% → 9.6% → 8.7% → 5.8% → 11.2% → 4.9%,12.942987590000318,Stage 2 Strong,85.0,74.02777777777777,100.0,True,Real Estate,61057605632,VCP 18 contracciones (Excellent) - PATRÓN SÓLIDO | Base: 12.9% | Stage 2 Strong
CPAY,346.6099853515625,90.29166666666667,Excellent,24,15.3% → 6.4% → 25.4% → 15.6% → 6.6% → 5.0% → 6.0% → 10.6% → 5.6% → 11.7% → 6.7% → 3.3% → 14.2% → 4.5% → 5.5% → 7.6% → 9.9% → 5.5% → 7.9% → 13.3% → 7.9% → 4.7% → 5.7% → 8.8%,25.396565596162063,Stage 2 Strong,85.0,73.95833333333333,100.0,True,Technology,24475650048,VCP 24 contracciones (Excellent) - PATRÓN SÓLIDO | Base: 25.4% | Stage 2 Strong
HOLX,75.08999633789062,90.22727272727273,Excellent,11,20.1% → 3.1% → 4.4% → 5.7% → 3.3% → 3.3% → 5.8% → 6.5% → 10.3% → 3.2% → 5.8%,20.117215446500115,Stage 2 Strong,85.0,73.63636363636364,100.0,True,Healthcare,16763459584,VCP 11 contracciones (Excellent) - PATRÓN SÓLIDO | Base: 20.1% | Stage 2 Strong
WMB,71.12000274658203,90.19444444444444,Excellent,18,10.6% → 5.0% → 16.3% → 7.4% → 4.2% → 6.6% → 3.3% → 4.8% → 4.1% → 11.0% → 5.0% → 7.0% → 4.5% → 4.3% → 13.8% → 5.1% → 5.1% → 8.3%,16.33414752402327,Stage 2 Strong,85.0,73.47222222222223,100.0,True,Energy,86908641280,VCP 18 contracciones (Excellent) - PATRÓN SÓLIDO | Base: 16.3% | Stage 2 Strong
CF,96.93000030517578,90.17647058823529,Excellent,17,13.8% → 9.0% → 16.2% → 3.3% → 4.6% → 6.7% → 4.9% → 7.2% → 11.1% → 6.4% → 7.8% → 10.5% → 3.9% → 6.4% → 3.2% → 4.2% → 6.3%,16.221329937030756,Stage 2 Strong,85.0,73.38235294117646,100.0,True,Basic Materials,15700038656,VCP 17 contracciones (Excellent) - PATRÓN SÓLIDO | Base: 16.2% | Stage 2 Strong
COP,111.20999908447266,90.02631578947368,Excellent,19,13.0% → 24.8% → 6.9% → 10.6% → 4.1% → 9.6% → 6.3% → 6.2% → 4.7% → 3.4% → 9.2% → 4.3% → 14.1% → 4.7% → 4.5% → 5.8% → 7.1% → 8.8% → 6.8%,24.783425549112,Stage 2 Strong,85.0,72.63157894736842,100.0,True,Energy,137424224256,VCP 19 contracciones (Excellent) - PATRÓN SÓLIDO | Base: 24.8% | Stage 2 Strong
SJM,111.05999755859375,90.0,Excellent,18,10.6% → 10.5% → 3.8% → 5.5% → 6.3% → 19.3% → 3.6% → 4.4% → 4.7% → 12.6% → 10.4% → 4.4% → 7.8% → 4.3% → 6.1% → 11.3% → 5.7% → 6.0%,19.297640833319235,Stage 2 Strong,85.0,72.5,100.0,True,Consumer Defensive,11849472000,VCP 18 contracciones (Excellent) - PATRÓN SÓLIDO | Base: 19.3% | Stage 2 Strong
EIX,67.05999755859375,89.90625,Excellent,16,14.4% → 10.4% → 7.0% → 15.3% → 6.4% → 4.1% → 6.1% → 6.8% → 8.1% → 6.3% → 6.6% → 8.9% → 4.2% → 6.6% → 3.9% → 4.9%,15.267182713032188,Stage 2 Strong,85.0,72.03125,100.0,True,Utilities,25806968832,VCP 16 contracciones (Excellent) - PATRÓN SÓLIDO | Base: 15.3% | Stage 2 Strong
SPG,194.77000427246094,89.83333333333334,Excellent,21,15.8% → 4.9% → 3.8% → 20.2% → 11.6% → 9.4% → 3.1% → 4.0% → 5.1% → 5.3% → 4.8% → 3.3% → 7.0% → 3.1% → 4.9% → 3.8% → 3.2% → 3.9% → 3.7% → 3.4% → 3.6%,20.203679525468104,Stage 2 Strong,85.0,71.66666666666667,100.0,True,Real Estate,73463963648,VCP 21 contracciones (Excellent) - PATRÓN SÓLIDO | Base: 20.2% | Stage 2 Strong
LMT,628.7000122070312,89.80555555555556,Excellent,18,12.5% → 11.9% → 9.3% → 8.4% → 3.4% → 5.6% → 7.1% → 3.2% → 8.9% → 5.6% → 6.4% → 3.1% → 13.6% → 3.8% → 6.5% → 5.3% → 9.3% → 9.2%,13.61741955755204,Stage 2 Strong,85.0,71.52777777777777,100.0,True,Industrials,145479794688,VCP 18 contracciones (Excellent) - PATRÓN SÓLIDO | Base: 13.6% | Stage 2 Strong
DOV,233.07000732421875,89.76315789473685,Excellent,19,12.5% → 23.8% → 11.7% → 6.1% → 5.6% → 4.4% → 5.0% → 3.9% → 11.2% → 3.9% → 5.1% → 9.3% → 5.6% → 6.3% → 4.9% → 5.1% → 4.3% → 3.5% → 3.4%,23.77298037473004,Stage 2 Strong,85.0,71.3157894736842,100.0,True,Industrials,31966300160,VCP 19 contracciones (Excellent) - PATRÓN SÓLIDO | Base: 23.8% | Stage 2 Strong
TXT,97.27999877929688,89.75,Excellent,10,13.7% → 3.7% → 3.0% → 4.5% → 3.3% → 8.3% → 7.1% → 3.0% → 5.1% → 5.2%,13.66742206487406,Stage 2 Strong,85.0,71.25,100.0,True,Industrials,17335810048,VCP 10 contracciones (Excellent) - PATRÓN SÓLIDO | Base: 13.7% | Stage 2 Strong
ALGN,197.50999450683594,89.5952380952381,Excellent,21,10.4% → 5.2% → 18.0% → 8.1% → 12.1% → 14.4% → 5.9% → 8.9% → 4.4% → 8.6% → 38.7% → 4.3% → 12.8% → 13.1% → 7.5% → 5.6% → 12.5% → 10.3% → 5.9% → 7.2% → 3.8%,38.69713482555126,Stage 2 Strong,85.0,70.47619047619048,100.0,True,Healthcare,14316782592,VCP 21 contracciones (Excellent) - PATRÓN SÓLIDO | Base: 38.7% | Stage 2 Strong
TXN,226.55999755859375,89.5909090909091,Excellent,22,14.1% → 23.6% → 19.0% → 5.3% → 4.4% → 8.5% → 4.4% → 4.5% → 16.3% → 7.1% → 16.8% → 3.0% → 4.8% → 7.7% → 12.4% → 5.3% → 7.7% → 3.9% → 5.2% → 3.6% → 6.7% → 4.4%,23.559853252317378,Stage 2 Strong,85.0,70.45454545454545,100.0,True,Technology,205857636352,VCP 22 contracciones (Excellent) - PATRÓN SÓLIDO | Base: 23.6% | Stage 2 Strong
TSCO,54.529998779296875,89.56521739130434,Excellent,23,14.4% → 16.4% → 7.2% → 10.2% → 4.1% → 10.8% → 5.1% → 4.6% → 6.3% → 13.3% → 3.8% → 3.4% → 7.4% → 8.2% → 7.4% → 4.7% → 6.1% → 10.8% → 8.6% → 6.3% → 5.8% → 4.9% → 3.8%,16.408607020955834,Stage 2 Strong,85.0,70.32608695652173,100.0,True,Consumer Cyclical,28813846528,VCP 23 contracciones (Excellent) - PATRÓN SÓLIDO | Base: 16.4% | Stage 2 Strong
HD,390.67999267578125,89.52631578947368,Excellent,19,13.4% → 12.4% → 5.4% → 3.4% → 7.3% → 7.3% → 4.4% → 6.7% → 4.0% → 3.8% → 3.9% → 12.2% → 3.1% → 6.8% → 11.9% → 4.4% → 3.2% → 6.7% → 3.6%,13.356013438434852,Stage 2 Strong,85.0,70.13157894736842,100.0,True,Consumer Cyclical,388926406656,VCP 19 contracciones (Excellent) - PATRÓN SÓLIDO | Base: 13.4% | Stage 2 Strong
LH,289.8900146484375,89.5,Excellent,20,10.7% → 4.3% → 5.0% → 12.2% → 5.1% → 4.7% → 3.5% → 9.0% → 9.4% → 3.2% → 4.1% → 3.3% → 5.4% → 3.3% → 15.6% → 5.8% → 4.9% → 6.1% → 8.2% → 5.2%,15.565848475236008,Stage 2 Strong,85.0,70.0,100.0,True,Healthcare,24089860096,VCP 20 contracciones (Excellent) - PATRÓN SÓLIDO | Base: 15.6% | Stage 2 Strong
PCAR,129.47999572753906,89.5,Excellent,25,16.6% → 4.4% → 14.3% → 10.1% → 9.0% → 3.9% → 5.2% → 4.6% → 5.4% → 3.7% → 8.1% → 6.5% → 4.5% → 4.5% → 5.9% → 3.1% → 8.2% → 9.8% → 6.1% → 4.4% → 6.1% → 3.3% → 3.6% → 4.9% → 6.4%,16.62480167304824,Stage 2 Strong,85.0,70.0,100.0,True,Industrials,68028788736,VCP 25 contracciones (Excellent) - PATRÓN SÓLIDO | Base: 16.6% | Stage 2 Strong
FANG,169.00999450683594,89.42307692307692,Excellent,26,14.0% → 5.6% → 29.5% → 17.0% → 8.7% → 9.9% → 3.9% → 5.0% → 13.9% → 7.4% → 3.7% → 8.1% → 8.6% → 4.4% → 10.5% → 4.4% → 6.8% → 8.8% → 4.8% → 8.3% → 7.1% → 5.3% → 10.8% → 9.8% → 5.5% → 4.6%,29.53393474788491,Stage 2 Strong,85.0,69.61538461538461,100.0,True,Energy,48425689088,VCP 26 contracciones (Excellent) - PATRÓN SÓLIDO | Base: 29.5% | Stage 2 Strong
TPL,413.5400085449219,89.38,Excellent,25,14.6% → 13.0% → 10.0% → 29.1% → 17.4% → 7.5% → 6.5% → 25.3% → 9.5% → 5.1% → 14.7% → 6.9% → 12.8% → 6.1% → 8.6% → 10.0% → 12.3% → 4.8% → 5.3% → 12.6% → 18.8% → 13.6% → 9.5% → 8.6% → 6.1%,29.099864125375106,Stage 2 Strong,85.0,69.4,100.0,True,Energy,28508717056,VCP 25 contracciones (Excellent) - PATRÓN SÓLIDO | Base: 29.1% | Stage 2 Strong
TRGP,221.91000366210938,89.325,Excellent,20,14.5% → 6.6% → 27.2% → 12.6% → 9.3% → 13.6% → 9.5% → 4.9% → 8.8% → 8.6% → 5.1% → 6.8% → 6.5% → 9.0% → 15.0% → 5.3% → 4.8% → 4.4% → 6.1% → 8.6%,27.216259804179288,Stage 2 Strong,85.0,69.125,100.0,True,Energy,47753224192,VCP 20 contracciones (Excellent) - PATRÓN SÓLIDO | Base: 27.2% | Stage 2 Strong
COST,978.1400146484375,89.26666666666667,Excellent,15,17.3% → 12.4% → 5.7% → 3.4% → 3.6% → 8.7% → 3.1% → 7.1% → 6.6% → 7.9% → 4.4% → 4.6% → 3.9% → 5.9% → 8.9%,17.30206380547045,Stage 2 Strong,85.0,73.83333333333333,90.0,True,Consumer Defensive,434252775424,VCP 15 contracciones (Excellent) - PATRÓN SÓLIDO | Base: 17.3% | Stage 2 Strong
EQR,64.6500015258789,89.23529411764706,Excellent,17,10.7% → 17.6% → 3.3% → 4.0% → 3.8% → 6.8% → 3.3% → 5.8% → 9.9% → 3.9% → 4.2% → 5.8% → 8.7% → 3.2% → 3.9% → 4.6% → 6.8%,17.600551937872705,Stage 2 Strong,85.0,71.17647058823529,95.0,True,Real Estate,25443776512,VCP 17 contracciones (Excellent) - PATRÓN SÓLIDO | Base: 17.6% | Stage 2 Strong
MOS,31.139999389648438,89.125,Excellent,16,22.0% → 3.8% → 10.6% → 5.7% → 9.2% → 19.8% → 4.8% → 5.7% → 3.9% → 8.8% → 19.7% → 18.8% → 11.0% → 7.2% → 10.8% → 8.2%,21.98185195507661,Stage 2 Strong,85.0,68.125,100.0,True,Basic Materials,9884081152,VCP 16 contracciones (Excellent) - PATRÓN SÓLIDO | Base: 22.0% | Stage 2 Strong
TGT,114.61000061035156,89.0952380952381,Excellent,21,20.4% → 7.6% → 18.4% → 10.8% → 3.8% → 5.6% → 8.0% → 8.8% → 5.8% → 8.0% → 5.1% → 5.7% → 9.6% → 4.4% → 19.5% → 6.2% → 11.1% → 9.9% → 4.0% → 8.1% → 6.3%,20.43161555822019,Stage 2 Strong,85.0,70.47619047619048,95.0,True,Consumer Defensive,52078686208,VCP 21 contracciones (Excellent) - PATRÓN SÓLIDO | Base: 20.4% | Stage 2 Strong
ON,71.18000030517578,89.09375,Excellent,16,14.3% → 23.2% → 7.3% → 5.7% → 11.0% → 5.8% → 9.6% → 11.0% → 10.3% → 15.3% → 11.4% → 10.5% → 6.5% → 5.3% → 7.3% → 8.0%,23.223456527773646,Stage 2 Strong,85.0,67.96875,100.0,True,Technology,28641294336,VCP 16 contracciones (Excellent) - PATRÓN SÓLIDO | Base: 23.2% | Stage 2 Strong
IEX,211.47999572753906,89.0904761904762,Excellent,21,10.9% → 3.9% → 18.3% → 9.8% → 6.2% → 3.2% → 6.8% → 4.2% → 8.4% → 5.3% → 15.8% → 4.4% → 5.1% → 4.7% → 4.7% → 5.0% → 3.3% → 8.7% → 6.6% → 3.7% → 3.9%,18.277731729803065,Stage 2 Strong,85.0,67.95238095238095,100.0,True,Industrials,15921755136,VCP 21 contracciones (Excellent) - PATRÓN SÓLIDO | Base: 18.3% | Stage 2 Strong
DD,51.529998779296875,89.0,Excellent,5,10.1% → 3.8% → 3.9% → 4.0% → 5.3%,10.138255365146849,Stage 2 Strong,85.0,67.5,100.0,True,Basic Materials,21589798912,VCP 5 contracciones (Excellent) - PATRÓN SÓLIDO | Base: 10.1% | Stage 2 Strong
VLO,203.9199981689453,88.78571428571429,Excellent,7,11.7% → 5.4% → 6.3% → 8.7% → 12.2% → 7.1% → 6.8%,12.16698681979095,Stage 2 Strong,85.0,66.42857142857143,100.0,True,Energy,63348101120,VCP 7 contracciones (Excellent) - PATRÓN SÓLIDO | Base: 12.2% | Stage 2 Strong
GILD,155.8000030517578,88.75,Excellent,20,12.1% → 15.2% → 13.2% → 8.1% → 3.4% → 5.3% → 4.9% → 6.5% → 6.2% → 7.7% → 3.9% → 7.9% → 6.1% → 6.2% → 8.5% → 5.6% → 4.1% → 7.7% → 3.9% → 8.3%,15.189543152113908,Stage 2 Strong,85.0,66.25,100.0,True,Healthcare,193347796992,VCP 20 contracciones (Excellent) - PATRÓN SÓLIDO | Base: 15.2% | Stage 2 Strong
SHW,366.9700012207031,88.73809523809524,Excellent,21,10.2% → 12.7% → 6.8% → 3.4% → 4.3% → 3.5% → 4.3% → 9.6% → 4.9% → 7.9% → 5.6% → 3.4% → 5.4% → 10.0% → 6.1% → 3.2% → 9.8% → 8.4% → 7.2% → 4.7% → 3.4%,12.742270597242594,Stage 2 Strong,85.0,66.19047619047619,100.0,True,Basic Materials,91497848832,VCP 21 contracciones (Excellent) - PATRÓN SÓLIDO | Base: 12.7% | Stage 2 Strong
DECK,115.36000061035156,88.61904761904762,Excellent,21,14.6% → 21.4% → 15.5% → 6.0% → 7.2% → 27.0% → 13.2% → 13.2% → 19.1% → 8.3% → 4.5% → 9.5% → 17.6% → 9.9% → 24.2% → 4.6% → 7.5% → 7.5% → 8.7% → 6.0% → 6.7%,26.964586459338253,Stage 2 Strong,85.0,68.0952380952381,95.0,True,Consumer Cyclical,16813123584,VCP 21 contracciones (Excellent) - PATRÓN SÓLIDO | Base: 27.0% | Stage 2 Strong
FRT,106.94999694824219,88.34210526315789,Excellent,19,11.3% → 4.1% → 3.0% → 18.8% → 4.7% → 4.2% → 6.7% → 4.0% → 3.7% → 3.8% → 3.4% → 6.2% → 4.1% → 3.5% → 5.0% → 11.7% → 4.1% → 3.9% → 3.2%,18.838687351855917,Stage 2 Strong,85.0,64.21052631578948,100.0,True,Real Estate,9283178496,VCP 19 contracciones (Excellent) - PATRÓN SÓLIDO | Base: 18.8% | Stage 2 Strong
SWK,90.52999877929688,88.0304347826087,Excellent,23,12.1% → 34.6% → 16.5% → 8.3% → 7.2% → 8.2% → 11.4% → 7.9% → 9.6% → 7.2% → 9.4% → 12.8% → 6.1% → 7.5% → 4.3% → 10.9% → 16.8% → 4.5% → 11.2% → 8.5% → 10.6% → 7.6% → 5.1%,34.5990467893991,Stage 2 Strong,85.0,62.652173913043484,100.0,True,Industrials,14021735424,VCP 23 contracciones (Excellent) - PATRÓN SÓLIDO | Base: 34.6% | Stage 2 Strong
CARR,67.08000183105469,87.95652173913044,Excellent,23,12.0% → 6.5% → 4.6% → 21.0% → 6.4% → 3.7% → 8.3% → 4.4% → 4.6% → 4.1% → 20.4% → 3.5% → 9.2% → 11.8% → 9.0% → 6.6% → 10.8% → 13.0% → 3.1% → 5.6% → 5.4% → 7.8% → 3.9%,20.95632761448828,Stage 2 Strong,85.0,62.28260869565217,100.0,True,Industrials,56068411392,VCP 23 contracciones (Excellent) - PATRÓN SÓLIDO | Base: 21.0% | Stage 2 Strong
HSY,230.85000610351562,87.9,Excellent,17,15.3% → 9.5% → 6.3% → 4.3% → 11.7% → 3.9% → 5.2% → 10.1% → 6.9% → 9.7% → 3.9% → 3.8% → 6.2% → 6.4% → 16.9% → 7.3% → 6.5%,16.87864454468434,Stage 2 Strong,85.0,62.0,100.0,True,Consumer Defensive,46812946432,VCP 17 contracciones (Excellent) - PATRÓN SÓLIDO | Base: 16.9% | Stage 2 Strong
IP,49.189998626708984,87.82857142857142,Excellent,21,14.8% → 4.7% → 8.1% → 21.2% → 12.8% → 10.6% → 7.6% → 7.7% → 5.3% → 20.0% → 3.9% → 3.1% → 9.1% → 5.7% → 6.7% → 28.0% → 7.8% → 5.8% → 5.5% → 4.5% → 5.7%,27.97342853600438,Stage 2 Strong,85.0,61.64285714285714,100.0,True,Consumer Cyclical,25974204416,VCP 21 contracciones (Excellent) - PATRÓN SÓLIDO | Base: 28.0% | Stage 2 Strong
BLDR,126.94000244140625,87.57142857142857,Excellent,21,12.0% → 9.6% → 15.6% → 15.9% → 19.0% → 11.2% → 4.9% → 4.1% → 11.4% → 14.6% → 9.9% → 9.5% → 6.6% → 23.0% → 8.6% → 8.3% → 26.0% → 10.4% → 9.6% → 6.1% → 8.1%,25.982586043313553,Stage 2 Strong,85.0,62.857142857142854,95.0,True,Industrials,14037099520,VCP 21 contracciones (Excellent) - PATRÓN SÓLIDO | Base: 26.0% | Stage 2 Strong
SBUX,99.12000274658203,85.40384615384616,Excellent,26,18.3% → 4.9% → 5.3% → 23.7% → 12.6% → 4.9% → 11.2% → 5.3% → 5.0% → 5.8% → 3.8% → 4.5% → 7.5% → 8.3% → 13.6% → 9.2% → 9.8% → 3.8% → 10.1% → 10.9% → 6.9% → 3.5% → 6.7% → 7.9% → 4.3% → 5.5%,23.659141021984865,Stage 2 Strong,75.0,69.51923076923077,90.0,True,Consumer Cyclical,112927416320,VCP 26 contracciones (Excellent) - PATRÓN SÓLIDO | Base: 23.7% | Stage 2 Strong
GRMN,206.5800018310547,84.78571428571429,Excellent,21,11.3% → 3.4% → 22.9% → 13.2% → 12.7% → 3.1% → 3.9% → 3.6% → 6.3% → 11.6% → 3.5% → 4.3% → 4.6% → 3.3% → 6.4% → 26.5% → 3.1% → 5.0% → 3.5% → 6.6% → 3.9%,26.49051506924845,Stage 2 (Uptrend),65.0,76.42857142857143,100.0,True,Technology,39765401600,VCP 21 contracciones (Excellent) - PATRÓN SÓLIDO | Base: 26.5% | Stage 2 (Uptrend)
ODFL,194.4600067138672,84.70370370370371,Excellent,27,13.3% → 5.5% → 14.5% → 12.3% → 13.7% → 5.3% → 5.1% → 8.0% → 4.8% → 8.9% → 5.2% → 8.1% → 18.9% → 7.6% → 4.2% → 11.9% → 8.2% → 10.8% → 6.8% → 8.8% → 7.6% → 8.8% → 5.4% → 11.0% → 7.2% → 5.7% → 3.4%,18.91412316191564,Stage 2 Strong,75.0,68.51851851851852,85.0,True,Industrials,40869298176,VCP 27 contracciones (Excellent) - PATRÓN SÓLIDO | Base: 18.9% | Stage 2 Strong
FTV,58.709999084472656,84.69411764705882,Excellent,17,11.2% → 21.1% → 11.5% → 7.0% → 7.7% → 5.4% → 10.1% → 9.2% → 12.3% → 6.0% → 4.1% → 4.9% → 6.2% → 12.3% → 4.9% → 6.3% → 6.1%,21.106606270962978,Stage 2 Strong,75.0,73.47058823529412,75.0,True,Technology,18646978560,VCP 17 contracciones (Excellent) - PATRÓN SÓLIDO | Base: 21.1% | Stage 2 Strong
FFIV,282.6700134277344,84.64583333333334,Excellent,24,14.4% → 7.1% → 17.3% → 7.7% → 5.9% → 3.9% → 4.2% → 3.4% → 4.4% → 4.8% → 5.2% → 3.9% → 9.7% → 5.9% → 5.2% → 5.2% → 4.8% → 3.5% → 16.9% → 26.7% → 5.3% → 4.2% → 4.7% → 8.4%,26.72016046039316,Stage 2 Strong,75.0,70.72916666666667,80.0,True,Technology,16058791936,VCP 24 contracciones (Excellent) - PATRÓN SÓLIDO | Base: 26.7% | Stage 2 Strong
EMR,154.6699981689453,83.68571428571428,Excellent,14,17.7% → 3.5% → 3.2% → 4.8% → 7.0% → 5.6% → 7.4% → 3.4% → 9.3% → 7.6% → 7.3% → 3.4% → 3.3% → 4.9%,17.67486394167852,Stage 2 Strong,75.0,63.42857142857143,85.0,True,Industrials,86971260928,VCP 14 contracciones (Excellent) - PATRÓN SÓLIDO | Base: 17.7% | Stage 2 Strong
RMD,259.6199951171875,83.5578947368421,Excellent,19,10.6% → 4.4% → 5.3% → 11.2% → 7.1% → 5.1% → 5.3% → 3.6% → 4.2% → 5.6% → 9.6% → 5.6% → 4.8% → 16.0% → 5.3% → 7.9% → 7.7% → 4.2% → 5.3%,15.958153149828366,Stage 2 Strong,75.0,62.78947368421052,85.0,True,Healthcare,37895766016,VCP 19 contracciones (Excellent) - PATRÓN SÓLIDO | Base: 16.0% | Stage 2 Strong
ATO,175.97000122070312,83.53571428571429,Excellent,14,10.4% → 5.5% → 3.2% → 3.7% → 4.0% → 3.3% → 4.2% → 5.8% → 3.0% → 3.8% → 6.3% → 3.5% → 3.3% → 5.0%,10.421009082633361,Stage 2 (Uptrend),65.0,70.17857142857143,100.0,True,Utilities,29112291328,VCP 14 contracciones (Excellent) - PATRÓN SÓLIDO | Base: 10.4% | Stage 2 (Uptrend)
ANET,140.66000366210938,82.9,Excellent,10,10.1% → 11.4% → 7.3% → 15.9% → 30.6% → 5.8% → 10.8% → 3.5% → 15.1% → 6.2%,30.568694708399306,Stage 2 Strong,75.0,59.5,85.0,True,Technology,177131044864,VCP 10 contracciones (Excellent) - PATRÓN SÓLIDO | Base: 30.6% | Stage 2 Strong
CIEN,297.25,82.9,Excellent,3,18.7% → 9.0% → 17.3%,18.66935606925718,Stage 2 Strong,85.0,64.5,85.0,False,Technology,41928867840,VCP 3 contracciones (Excellent) | Base: 18.7% | Stage 2 Strong
RCL,333.75,81.95833333333334,Excellent,12,16.3% → 5.0% → 12.9% → 5.7% → 11.1% → 7.0% → 22.2% → 9.7% → 10.0% → 4.0% → 8.8% → 15.9%,22.21086812887608,Stage 2 Strong,75.0,64.79166666666667,65.0,False,Consumer Cyclical,91017953280,VCP 12 contracciones (Excellent) | Base: 22.2% | Stage 2 Strong
META,668.6900024414062,80.92105263157895,Excellent,19,16.5% → 24.0% → 18.4% → 4.3% → 5.5% → 3.7% → 4.2% → 4.7% → 6.3% → 5.0% → 8.2% → 4.9% → 12.6% → 4.9% → 23.4% → 5.6% → 10.2% → 4.3% → 9.8%,23.97614822117555,Stage 2 Strong,75.0,62.10526315789474,60.0,True,Communication Services,1691488485376,VCP 19 contracciones (Excellent) - PATRÓN SÓLIDO | Base: 24.0% | Stage 2 Strong
SRE,91.18000030517578,79.86842105263158,Excellent,19,25.9% → 3.4% → 15.7% → 4.0% → 5.5% → 4.1% → 7.8% → 4.9% → 3.4% → 3.7% → 5.3% → 4.1% → 6.0% → 3.9% → 4.6% → 7.6% → 3.7% → 4.6% → 9.4%,25.924648508791016,Stage 2 Early,50.0,74.34210526315789,100.0,True,Utilities,59511500800,VCP 19 contracciones (Excellent) - PATRÓN SÓLIDO | Base: 25.9% | Stage 2 Early
NCLH,22.950000762939453,79.05,Excellent,20,31.9% → 31.9% → 18.3% → 15.9% → 14.3% → 6.1% → 13.5% → 5.4% → 12.5% → 7.5% → 7.2% → 7.1% → 7.3% → 8.9% → 7.2% → 14.0% → 6.5% → 25.4% → 11.9% → 9.7%,31.944441526379556,Stage 2 (Uptrend),55.0,65.25,95.0,True,Consumer Cyclical,10448159744,VCP 20 contracciones (Excellent) - PATRÓN SÓLIDO | Base: 31.9% | Stage 2 (Uptrend)
SOLV,81.48999786376953,76.78260869565217,Excellent,23,13.2% → 9.9% → 9.6% → 21.9% → 12.4% → 5.4% → 4.4% → 7.4% → 7.3% → 5.9% → 7.1% → 5.7% → 5.7% → 4.9% → 6.3% → 4.9% → 6.1% → 8.1% → 6.9% → 10.3% → 9.3% → 6.9% → 9.0%,21.929259468888162,Stage 2 Early,40.0,73.91304347826087,100.0,False,Healthcare,14134240256,VCP 23 contracciones (Excellent) | Base: 21.9% | Stage 2 Early
FTNT,87.81999969482422,76.54347826086956,Excellent,23,16.2% → 20.2% → 9.2% → 14.7% → 4.4% → 5.9% → 4.8% → 5.6% → 9.3% → 4.1% → 34.4% → 5.4% → 5.7% → 5.2% → 4.9% → 6.9% → 4.0% → 14.1% → 8.4% → 9.8% → 5.6% → 3.8% → 7.7%,34.43664820250889,Stage 1-2 Transition,40.0,72.71739130434783,100.0,False,Technology,67293483008,VCP 23 contracciones (Excellent) | Base: 34.4% | Stage 1-2 Transition
MET,78.88999938964844,76.05555555555556,Excellent,18,11.1% → 23.3% → 12.0% → 5.9% → 4.8% → 7.2% → 3.9% → 7.8% → 8.0% → 4.4% → 5.4% → 4.2% → 4.6% → 10.0% → 7.9% → 8.8% → 6.8% → 7.7%,23.282350441322635,Stage 2 Early,40.0,72.77777777777777,95.0,False,Financial Services,51979960320,VCP 18 contracciones (Excellent) | Base: 23.3% | Stage 2 Early
COO,83.05000305175781,75.65,Excellent,20,17.0% → 18.1% → 4.1% → 4.3% → 23.7% → 7.5% → 6.5% → 3.9% → 8.9% → 5.2% → 18.2% → 8.1% → 3.8% → 4.5% → 11.8% → 3.7% → 4.4% → 13.6% → 4.8% → 5.8%,23.73577679237279,Stage 2 Early,40.0,68.25,100.0,False,Healthcare,16511082496,VCP 20 contracciones (Excellent) | Base: 23.7% | Stage 2 Early
REGN,778.969970703125,75.38888888888889,Excellent,18,29.7% → 5.3% → 11.8% → 15.4% → 22.8% → 3.2% → 6.5% → 5.8% → 6.3% → 6.9% → 9.4% → 9.0% → 12.5% → 4.3% → 5.9% → 12.5% → 5.0% → 12.5%,29.70773105691407,Stage 2 Early,40.0,66.94444444444444,100.0,False,Healthcare,82352553984,VCP 18 contracciones (Excellent) | Base: 29.7% | Stage 2 Early
STX,407.25,75.3,Excellent,2,10.6% → 10.1%,10.623772871003343,Stage 2 Strong,75.0,67.5,53.0,True,Technology,88810258432,VCP 2 contracciones (Excellent) - PATRÓN SÓLIDO | Base: 10.6% | Stage 2 Strong
MGM,36.36000061035156,74.06666666666666,Excellent,15,12.9% → 4.9% → 7.1% → 4.5% → 5.6% → 13.8% → 14.5% → 6.6% → 15.2% → 5.2% → 13.1% → 8.9% → 5.7% → 5.4% → 9.2%,15.228014623006125,Stage 2 Early,40.0,72.83333333333333,75.0,False,Consumer Cyclical,9944693760,VCP 15 contracciones (Excellent) | Base: 15.2% | Stage 2 Early
PFG,92.80999755859375,73.8529411764706,Excellent,17,10.1% → 5.7% → 20.9% → 6.0% → 7.6% → 3.8% → 4.1% → 3.3% → 10.3% → 3.5% → 4.7% → 4.7% → 8.5% → 4.2% → 7.0% → 4.0% → 4.0%,20.899832298443172,Stage 2 Early,40.0,66.76470588235294,85.0,False,Financial Services,20389785600,VCP 17 contracciones (Excellent) | Base: 20.9% | Stage 2 Early
DLTR,125.0,73.0,Excellent,2,10.1% → 4.5%,10.137374025435232,Stage 1-2 Transition,30.0,82.5,75.0,False,Consumer Defensive,25495980032,VCP 2 contracciones (Excellent) | Base: 10.1% | Stage 1-2 Transition
WRB,71.54000091552734,73.0,Excellent,14,18.0% → 4.3% → 3.1% → 5.8% → 3.5% → 9.4% → 3.1% → 3.1% → 5.1% → 9.4% → 6.9% → 17.2% → 5.0% → 6.8%,18.00209624654217,Stage 1-2 Transition,30.0,70.0,100.0,False,Financial Services,27186716672,VCP 14 contracciones (Excellent) | Base: 18.0% | Stage 1-2 Transition
AVB,179.8300018310547,72.66666666666666,Excellent,15,10.2% → 16.7% → 5.9% → 5.9% → 4.2% → 3.9% → 3.1% → 10.9% → 4.2% → 3.7% → 5.5% → 12.6% → 5.1% → 6.3% → 4.7%,16.662824564286712,Stage Unknown,25.0,75.83333333333333,100.0,False,Real Estate,25463019520,VCP 15 contracciones (Excellent) | Base: 16.7% | Stage Unknown
CPB,29.31999969482422,72.32692307692308,Excellent,26,10.0% → 13.9% → 10.9% → 6.1% → 8.3% → 5.2% → 8.5% → 4.5% → 8.9% → 5.7% → 8.1% → 5.1% → 5.0% → 5.1% → 6.9% → 4.0% → 4.1% → 3.7% → 10.0% → 7.5% → 5.9% → 3.9% → 12.2% → 9.1% → 4.9% → 8.3%,13.91105747290718,Stage Unknown,25.0,74.13461538461539,100.0,False,Consumer Defensive,8741296128,VCP 26 contracciones (Excellent) | Base: 13.9% | Stage Unknown
AXP,354.010009765625,72.25,Excellent,4,11.4% → 3.8% → 4.3% → 9.2%,11.433337731919371,Stage 1-2 Transition,30.0,68.75,95.0,False,Financial Services,243860373504,VCP 4 contracciones (Excellent) | Base: 11.4% | Stage 1-2 Transition
MA,537.4600219726562,69.82142857142857,Excellent,14,11.1% → 17.1% → 3.4% → 4.4% → 11.3% → 4.2% → 4.4% → 4.6% → 6.5% → 6.5% → 7.0% → 7.3% → 4.1% → 4.1%,17.129737429563246,Stage Unknown,15.0,76.60714285714286,100.0,False,Financial Services,480187056128,VCP 14 contracciones (Excellent) | Base: 17.1% | Stage Unknown
RVTY,101.0999984741211,69.81578947368422,Excellent,19,25.6% → 13.0% → 9.9% → 7.4% → 10.3% → 7.0% → 6.3% → 5.5% → 5.9% → 13.9% → 18.5% → 14.1% → 6.9% → 7.2% → 11.9% → 6.4% → 7.3% → 8.6% → 5.1%,25.56690587694339,Stage 1-2 Transition,30.0,69.07894736842105,70.0,False,Healthcare,11734937600,VCP 19 contracciones (Excellent) | Base: 25.6% | Stage 1-2 Transition
GEHC,79.19999694824219,69.75652173913043,Excellent,23,10.3% → 10.2% → 30.4% → 12.0% → 7.5% → 7.8% → 12.3% → 3.7% → 6.3% → 4.2% → 4.7% → 12.3% → 3.6% → 5.8% → 5.1% → 11.3% → 10.2% → 8.1% → 6.0% → 7.3% → 4.6% → 5.2% → 12.7%,30.44998938264763,Stage 1-2 Transition,30.0,69.78260869565217,68.0,False,Healthcare,36095381504,VCP 23 contracciones (Excellent) | Base: 30.4% | Stage 1-2 Transition
TSLA,428.2699890136719,69.75,Excellent,8,12.6% → 8.0% → 5.9% → 19.3% → 10.5% → 5.1% → 14.9% → 8.1%,19.256651366786045,Stage 1-2 Transition,30.0,61.25,85.0,False,Consumer Cyclical,1608311111680,VCP 8 contracciones (Excellent) | Base: 19.3% | Stage 1-2 Transition
V,329.239990234375,68.7,Excellent,15,11.0% → 15.0% → 6.8% → 4.6% → 10.8% → 4.2% → 8.3% → 5.6% → 3.4% → 5.9% → 3.0% → 5.1% → 7.6% → 3.5% → 3.7%,15.023008024510387,Stage Unknown,15.0,71.0,100.0,False,Financial Services,634787725312,VCP 15 contracciones (Excellent) | Base: 15.0% | Stage Unknown
AVGO,342.760009765625,68.6125,Excellent,8,13.1% → 6.8% → 7.6% → 14.9% → 8.0% → 22.5% → 8.4% → 12.6%,22.476539642372682,Stage 1-2 Transition,20.0,66.5625,93.0,False,Technology,1625118998528,VCP 8 contracciones (Excellent) | Base: 22.5% | Stage 1-2 Transition
SWKS,63.68000030517578,68.58333333333334,Excellent,6,17.4% → 5.3% → 33.2% → 9.9% → 14.3% → 6.1%,33.17620387760252,Stage Unknown,15.0,70.41666666666667,100.0,False,Technology,9575791616,VCP 6 contracciones (Excellent) | Base: 33.2% | Stage Unknown
DELL,124.16000366210938,67.71666666666667,Excellent,6,10.8% → 8.1% → 30.7% → 14.2% → 5.8% → 12.5%,30.652075213138687,Stage Unknown,15.0,72.08333333333333,88.0,False,Technology,83212058624,VCP 6 contracciones (Excellent) | Base: 30.7% | Stage Unknown
FSLR,227.74000549316406,67.71428571428572,Excellent,7,13.4% → 9.0% → 9.8% → 9.1% → 8.9% → 16.9% → 7.2%,16.93404634581105,Stage 1-2 Transition,20.0,71.07142857142857,75.0,False,Technology,24438358016,VCP 7 contracciones (Excellent) | Base: 16.9% | Stage 1-2 Transition
FISV,62.11000061035156,67.42105263157895,Excellent,19,13.0% → 4.4% → 17.8% → 5.0% → 20.4% → 3.3% → 18.6% → 5.8% → 4.5% → 6.7% → 23.7% → 3.5% → 15.0% → 52.7% → 11.0% → 4.9% → 4.4% → 5.9% → 8.8%,52.671221198413306,Stage Unknown,15.0,72.10526315789474,85.0,False,Unknown,33762570240,VCP 19 contracciones (Excellent) | Base: 52.7% | Stage Unknown
ZBRA,252.5,67.3,Excellent,19,16.3% → 9.3% → 29.0% → 16.9% → 8.1% → 8.8% → 5.0% → 6.3% → 3.1% → 6.9% → 15.1% → 10.5% → 4.3% → 6.6% → 4.6% → 10.7% → 11.5% → 29.2% → 11.8%,29.197831281392077,Stage Unknown,15.0,70.0,88.0,False,Technology,12838146048,VCP 19 contracciones (Excellent) | Base: 29.2% | Stage Unknown
CPRT,39.5099983215332,67.0625,Excellent,16,11.0% → 4.4% → 4.6% → 25.9% → 8.7% → 4.0% → 3.7% → 11.7% → 4.4% → 3.7% → 8.6% → 8.8% → 3.1% → 7.6% → 3.8% → 5.8%,25.87313553306049,Stage Unknown,15.0,70.3125,85.0,False,Industrials,38246375424,VCP 16 contracciones (Excellent) | Base: 25.9% | Stage Unknown
NTAP,105.9000015258789,66.55882352941177,Excellent,17,29.7% → 10.1% → 20.7% → 13.9% → 5.2% → 6.9% → 6.7% → 3.3% → 5.4% → 5.4% → 6.8% → 8.0% → 7.9% → 8.1% → 13.5% → 13.3% → 15.2%,29.66035452777747,Stage Unknown,15.0,67.79411764705883,85.0,False,Technology,21139587072,VCP 17 contracciones (Excellent) | Base: 29.7% | Stage Unknown
CDNS,299.6499938964844,66.55625,Excellent,16,14.5% → 6.8% → 3.7% → 5.8% → 8.4% → 4.8% → 4.2% → 10.0% → 7.3% → 10.5% → 15.6% → 6.8% → 8.9% → 6.6% → 5.7% → 7.2%,15.635049950309602,Stage Unknown,15.0,67.78125,85.0,False,Technology,81651621888,VCP 16 contracciones (Excellent) | Base: 15.6% | Stage Unknown
DIS,108.12000274658203,66.55555555555556,Excellent,18,17.0% → 3.2% → 21.7% → 12.0% → 4.1% → 4.1% → 4.4% → 4.6% → 9.6% → 3.2% → 6.9% → 6.5% → 4.4% → 3.9% → 13.0% → 4.0% → 6.2% → 4.8%,21.67790922334839,Stage Unknown,15.0,65.27777777777777,90.0,False,Communication Services,191738609664,VCP 18 contracciones (Excellent) | Base: 21.7% | Stage Unknown
DPZ,384.0,66.13043478260869,Excellent,23,15.7% → 3.8% → 7.4% → 11.9% → 4.0% → 5.7% → 4.5% → 9.1% → 4.1% → 5.5% → 3.6% → 5.3% → 8.7% → 10.9% → 4.1% → 10.1% → 9.7% → 6.9% → 7.6% → 3.8% → 4.7% → 9.6% → 8.3%,15.748318426897622,Stage Unknown,15.0,70.65217391304348,75.0,False,Consumer Cyclical,13036385280,VCP 23 contracciones (Excellent) | Base: 15.7% | Stage Unknown
BBY,67.08000183105469,65.97391304347826,Excellent,23,20.0% → 13.6% → 6.1% → 27.9% → 8.3% → 6.0% → 4.6% → 11.6% → 11.8% → 13.1% → 12.0% → 9.2% → 3.9% → 7.2% → 10.3% → 3.4% → 7.7% → 10.5% → 14.1% → 14.2% → 5.1% → 9.8% → 11.4%,27.919779414231684,Stage Unknown,15.0,65.8695652173913,83.0,False,Consumer Cyclical,14093593600,VCP 23 contracciones (Excellent) | Base: 27.9% | Stage Unknown
LW,50.2400016784668,65.93478260869566,Excellent,23,14.5% → 10.8% → 4.8% → 4.0% → 8.2% → 4.0% → 7.6% → 6.2% → 7.5% → 10.8% → 16.3% → 4.6% → 3.7% → 4.3% → 5.7% → 9.4% → 5.5% → 4.1% → 9.0% → 12.7% → 6.6% → 31.6% → 6.8%,31.610239111250504,Stage Unknown,5.0,72.17391304347827,100.0,False,Consumer Defensive,7001069056,VCP 23 contracciones (Excellent) | Base: 31.6% | Stage Unknown
GPN,72.22000122070312,65.63333333333334,Excellent,21,14.2% → 4.8% → 22.2% → 27.5% → 13.0% → 3.9% → 7.8% → 6.4% → 11.1% → 8.3% → 5.4% → 5.3% → 4.0% → 7.1% → 7.2% → 7.6% → 16.1% → 9.6% → 4.8% → 10.3% → 10.4%,27.517592599840658,Stage Unknown,15.0,69.16666666666667,73.0,False,Industrials,20222447616,VCP 21 contracciones (Excellent) | Base: 27.5% | Stage Unknown
AMP,485.9599914550781,65.52380952380952,Excellent,21,13.8% → 23.5% → 7.5% → 7.3% → 4.9% → 3.4% → 4.1% → 5.9% → 8.9% → 4.4% → 7.0% → 3.8% → 4.8% → 7.5% → 9.3% → 9.2% → 4.1% → 3.5% → 3.9% → 4.5% → 5.2%,23.483730362288984,Stage Unknown,15.0,70.11904761904762,70.0,False,Financial Services,45148459008,VCP 21 contracciones (Excellent) | Base: 23.5% | Stage Unknown
PRU,105.26000213623047,65.23333333333333,Excellent,18,10.3% → 22.6% → 11.7% → 5.1% → 4.2% → 6.7% → 3.9% → 8.6% → 4.8% → 6.2% → 4.9% → 5.1% → 5.4% → 5.5% → 5.0% → 5.5% → 5.7% → 3.2%,22.62649007212179,Stage Unknown,15.0,63.66666666666667,80.0,False,Financial Services,37045514240,VCP 18 contracciones (Excellent) | Base: 22.6% | Stage Unknown
MTCH,31.399999618530273,64.85454545454544,Excellent,22,10.2% → 17.7% → 3.1% → 5.2% → 13.8% → 4.8% → 4.8% → 7.9% → 4.9% → 7.3% → 4.5% → 9.2% → 7.4% → 3.8% → 4.6% → 9.3% → 15.1% → 7.4% → 8.4% → 7.4% → 6.1% → 8.2%,17.737270243758253,Stage Unknown,15.0,61.772727272727266,80.0,False,Communication Services,7553128960,VCP 22 contracciones (Excellent) | Base: 17.7% | Stage Unknown
JKHY,165.64999389648438,64.7095238095238,Excellent,21,12.3% → 3.9% → 14.8% → 4.9% → 3.5% → 7.6% → 3.2% → 3.6% → 3.4% → 3.6% → 3.2% → 3.9% → 13.4% → 3.7% → 3.5% → 3.8% → 11.0% → 7.9% → 3.6% → 4.2% → 5.6%,14.84066082176437,Stage Unknown,15.0,66.04761904761905,70.0,False,Technology,11989272576,VCP 21 contracciones (Excellent) | Base: 14.8% | Stage Unknown
DXCM,68.1500015258789,64.54545454545455,Excellent,22,25.7% → 24.6% → 11.6% → 6.6% → 4.0% → 3.9% → 4.8% → 4.1% → 11.5% → 10.1% → 3.4% → 16.9% → 10.8% → 7.7% → 19.5% → 8.4% → 24.9% → 6.0% → 4.6% → 6.6% → 4.4% → 9.1%,25.65581690450219,Stage Unknown,15.0,70.22727272727273,60.0,False,Healthcare,26713618432,VCP 22 contracciones (Excellent) | Base: 25.7% | Stage Unknown
CMG,37.220001220703125,64.4047619047619,Excellent,21,13.8% → 7.8% → 15.0% → 12.2% → 6.4% → 5.3% → 4.9% → 5.3% → 7.2% → 4.7% → 6.3% → 27.8% → 13.5% → 3.9% → 4.0% → 5.3% → 3.5% → 30.4% → 5.3% → 4.9% → 3.9%,30.393077136942182,Stage Unknown,15.0,64.52380952380952,70.0,False,Consumer Cyclical,49215188992,VCP 21 contracciones (Excellent) | Base: 30.4% | Stage Unknown
EFX,197.60000610351562,64.26538461538462,Excellent,26,11.2% → 3.8% → 19.4% → 6.3% → 3.8% → 8.9% → 9.9% → 6.8% → 3.0% → 8.1% → 10.9% → 4.4% → 4.8% → 4.7% → 8.9% → 5.9% → 9.0% → 13.3% → 10.2% → 7.2% → 15.5% → 5.4% → 3.9% → 3.8% → 6.2% → 7.2%,19.418141884800363,Stage Unknown,15.0,63.82692307692308,70.0,False,Industrials,24185063424,VCP 26 contracciones (Excellent) | Base: 19.4% | Stage Unknown
TROW,93.79000091552734,63.98695652173913,Excellent,23,14.4% → 19.9% → 12.9% → 8.3% → 4.9% → 3.5% → 5.8% → 4.5% → 4.2% → 4.0% → 7.7% → 5.5% → 4.7% → 11.6% → 5.6% → 7.3% → 6.6% → 8.9% → 5.5% → 3.3% → 3.5% → 6.3% → 4.4%,19.9074049839766,Stage Unknown,15.0,62.434782608695656,70.0,False,Financial Services,20502493184,VCP 23 contracciones (Excellent) | Base: 19.9% | Stage Unknown
VST,160.14999389648438,63.27777777777778,Excellent,18,10.2% → 8.9% → 10.0% → 8.0% → 12.4% → 13.8% → 11.4% → 6.1% → 13.2% → 6.8% → 17.3% → 13.3% → 15.9% → 14.2% → 6.5% → 10.9% → 17.0% → 15.8%,17.25012037267698,Stage Unknown,15.0,66.38888888888889,55.0,False,Utilities,54262902784,VCP 18 contracciones (Excellent) | Base: 17.3% | Stage Unknown
HPQ,19.760000228881836,62.7,Excellent,20,17.3% → 8.7% → 27.3% → 8.1% → 4.3% → 3.2% → 20.0% → 4.3% → 6.7% → 5.3% → 4.0% → 8.2% → 7.4% → 3.8% → 5.7% → 8.8% → 6.7% → 23.2% → 6.2% → 5.0%,27.313234940874707,Stage Unknown,5.0,63.5,85.0,False,Technology,18469707776,VCP 20 contracciones (Excellent) | Base: 27.3% | Stage Unknown
SNPS,438.2099914550781,62.565217391304344,Excellent,23,11.9% → 5.9% → 4.9% → 21.2% → 13.1% → 5.3% → 15.0% → 10.0% → 3.7% → 4.9% → 6.7% → 5.7% → 5.0% → 38.2% → 10.4% → 5.9% → 12.3% → 18.6% → 6.8% → 6.2% → 3.3% → 8.0% → 6.1%,38.15423928172802,Stage Unknown,5.0,70.32608695652173,70.0,False,Technology,83837550592,VCP 23 contracciones (Excellent) | Base: 38.2% | Stage Unknown
CTSH,70.91000366210938,62.5,Excellent,20,13.2% → 18.6% → 10.3% → 3.1% → 4.2% → 7.7% → 9.4% → 11.4% → 5.5% → 3.7% → 6.9% → 8.2% → 5.6% → 3.3% → 6.4% → 4.3% → 5.4% → 3.9% → 6.1% → 5.7%,18.62890847078836,Stage Unknown,5.0,70.0,70.0,False,Technology,34224461824,VCP 20 contracciones (Excellent) | Base: 18.6% | Stage Unknown
ADP,217.57000732421875,62.368421052631575,Excellent,19,10.3% → 11.9% → 7.9% → 3.1% → 7.5% → 4.9% → 5.0% → 5.5% → 3.7% → 4.1% → 5.2% → 3.2% → 4.8% → 13.1% → 3.6% → 3.6% → 4.7% → 3.5% → 5.2%,13.124563753037291,Stage Unknown,5.0,69.34210526315789,70.0,False,Technology,87995916288,VCP 19 contracciones (Excellent) | Base: 13.1% | Stage Unknown
QCOM,141.0399932861328,62.25,Excellent,4,18.3% → 11.2% → 6.2% → 4.1%,18.30541127246889,Stage Unknown,5.0,68.75,70.0,False,Technology,150637084672,VCP 4 contracciones (Excellent) | Base: 18.3% | Stage Unknown
LULU,175.86000061035156,61.785714285714285,Excellent,21,18.2% → 32.6% → 15.6% → 6.5% → 6.3% → 35.4% → 26.3% → 5.6% → 6.0% → 22.9% → 4.8% → 5.3% → 9.6% → 5.5% → 14.2% → 7.1% → 4.2% → 6.2% → 6.9% → 8.4% → 7.7%,35.350477231240816,Stage Unknown,5.0,71.42857142857143,60.0,False,Consumer Cyclical,20855089152,VCP 21 contracciones (Excellent) | Base: 35.4% | Stage Unknown
WST,246.16000366210938,61.541666666666664,Excellent,12,19.6% → 5.3% → 3.5% → 3.2% → 5.4% → 7.1% → 15.3% → 12.0% → 4.5% → 7.8% → 3.4% → 8.1%,19.634310476286725,Stage Unknown,5.0,65.20833333333333,70.0,False,Healthcare,17709590528,VCP 12 contracciones (Excellent) | Base: 19.6% | Stage Unknown
PODD,250.85000610351562,61.3125,Excellent,16,10.3% → 3.5% → 3.6% → 11.3% → 7.9% → 11.2% → 4.3% → 11.4% → 14.3% → 3.9% → 13.5% → 13.4% → 8.5% → 19.0% → 6.8% → 8.2%,18.981068232171623,Stage Unknown,5.0,69.0625,60.0,False,Healthcare,17657968640,VCP 16 contracciones (Excellent) | Base: 19.0% | Stage Unknown
MSCI,511.8399963378906,61.06666666666666,Excellent,21,10.5% → 5.0% → 15.6% → 8.1% → 5.6% → 3.8% → 4.4% → 5.3% → 5.8% → 10.2% → 6.0% → 5.6% → 6.4% → 4.8% → 8.4% → 7.3% → 6.6% → 7.1% → 5.3% → 3.1% → 4.9%,15.602025296420626,Stage Unknown,5.0,62.83333333333333,70.0,False,Financial Services,38459420672,VCP 21 contracciones (Excellent) | Base: 15.6% | Stage Unknown
ACN,230.42999267578125,60.95238095238095,Excellent,21,13.5% → 7.7% → 4.1% → 4.9% → 4.6% → 15.1% → 3.0% → 9.9% → 18.7% → 3.9% → 11.9% → 4.9% → 8.1% → 3.8% → 6.6% → 4.7% → 5.0% → 5.6% → 7.0% → 5.6% → 5.0%,18.670103722011923,Stage Unknown,5.0,69.76190476190476,55.0,False,Technology,142898593792,VCP 21 contracciones (Excellent) | Base: 18.7% | Stage Unknown
EBAY,82.87999725341797,60.375,Excellent,8,12.8% → 6.5% → 8.5% → 8.2% → 21.8% → 10.0% → 5.2% → 7.5%,21.766217071617575,Stage Unknown,5.0,64.375,60.0,False,Consumer Cyclical,37876158464,VCP 8 contracciones (Excellent) | Base: 21.8% | Stage Unknown
BX,133.47000122070312,60.275,Excellent,20,17.1% → 13.0% → 22.2% → 16.0% → 12.2% → 4.7% → 12.3% → 8.0% → 3.4% → 4.4% → 8.0% → 8.3% → 4.7% → 4.4% → 19.4% → 14.4% → 9.1% → 5.5% → 4.1% → 10.0%,22.151186922029062,Stage Unknown,5.0,61.375,65.0,False,Financial Services,164119871488,VCP 20 contracciones (Excellent) | Base: 22.2% | Stage Unknown
NFLX,79.62000274658203,60.15714285714286,Excellent,21,14.2% → 17.8% → 10.2% → 5.2% → 6.5% → 8.2% → 9.0% → 4.4% → 4.7% → 4.5% → 7.4% → 3.8% → 7.4% → 5.7% → 12.9% → 5.4% → 11.5% → 15.8% → 6.2% → 7.4% → 10.5%,17.78311970341694,Stage Unknown,0.0,74.28571428571429,53.0,False,Communication Services,337781653504,VCP 21 contracciones (Excellent) | Base: 17.8% | Stage Unknown
PSKY,11.010000228881836,60.0,Excellent,12,36.4% → 14.7% → 8.6% → 8.4% → 12.3% → 19.0% → 13.5% → 12.3% → 8.0% → 17.8% → 15.6% → 19.0%,36.39475652146191,Stage Unknown,0.0,67.5,65.0,False,Communication Services,12145869824,VCP 12 contracciones (Excellent) | Base: 36.4% | Stage Unknown
LLY,1015.2100219726562,59.96666666666667,Excellent,3,12.1% → 5.1% → 10.7%,12.128705860810927,Stage 1-2 Transition,30.0,44.166666666666664,68.0,False,Healthcare,910091878400,VCP 3 contracciones (Excellent) | Base: 12.1% | Stage 1-2 Transition
ADSK,232.58999633789062,59.72857142857143,Excellent,21,16.5% → 7.0% → 13.7% → 10.5% → 6.0% → 4.4% → 3.6% → 12.4% → 6.7% → 8.4% → 4.2% → 5.9% → 3.9% → 4.6% → 8.4% → 7.0% → 5.6% → 6.5% → 6.6% → 6.8% → 14.9%,16.48190644031522,Stage Unknown,0.0,72.14285714285714,53.0,False,Technology,49541668864,VCP 21 contracciones (Excellent) | Base: 16.5% | Stage Unknown
VRSK,173.77000427246094,59.42173913043478,Excellent,23,12.8% → 4.0% → 6.6% → 10.7% → 5.3% → 4.7% → 5.1% → 4.3% → 3.5% → 3.1% → 4.9% → 10.5% → 13.9% → 4.7% → 12.3% → 5.1% → 8.1% → 17.7% → 5.7% → 3.3% → 5.9% → 3.6% → 5.5%,17.735001380556533,Stage Unknown,5.0,62.10869565217391,55.0,False,Industrials,24278272000,VCP 23 contracciones (Excellent) | Base: 17.7% | Stage Unknown
APO,126.94999694824219,59.268181818181816,Excellent,22,18.7% → 13.0% → 28.2% → 17.4% → 8.9% → 8.7% → 13.7% → 5.7% → 7.6% → 6.7% → 11.6% → 12.5% → 6.1% → 20.3% → 8.0% → 4.7% → 7.2% → 10.3% → 5.1% → 5.1% → 8.7% → 11.9%,28.155206026874573,Stage Unknown,5.0,62.34090909090909,53.0,False,Financial Services,73684647936,VCP 22 contracciones (Excellent) | Base: 28.2% | Stage Unknown
TECH,63.45000076293945,59.266666666666666,Excellent,3,19.1% → 8.4% → 14.3%,19.056147987117207,Stage 1-2 Transition,30.0,54.166666666666664,53.0,False,Healthcare,9926962176,VCP 3 contracciones (Excellent) | Base: 19.1% | Stage 1-2 Transition
PANW,165.3000030517578,59.25,Excellent,24,10.9% → 5.2% → 24.5% → 12.9% → 9.9% → 3.8% → 3.1% → 8.4% → 3.6% → 5.7% → 9.8% → 5.0% → 21.5% → 3.8% → 4.8% → 3.5% → 5.6% → 6.7% → 7.3% → 18.2% → 8.4% → 7.0% → 4.9% → 7.9%,24.528799007076245,Stage Unknown,5.0,58.75,60.0,False,Technology,115214098432,VCP 24 contracciones (Excellent) | Base: 24.5% | Stage Unknown
TTWO,203.88999938964844,58.682352941176475,Excellent,17,11.3% → 5.8% → 7.3% → 3.4% → 3.2% → 11.5% → 9.5% → 5.4% → 3.6% → 6.2% → 3.4% → 4.3% → 5.9% → 11.8% → 4.2% → 4.4% → 10.1%,11.833171677982541,Stage Unknown,5.0,56.91176470588235,58.0,False,Communication Services,37755424768,VCP 17 contracciones (Excellent) | Base: 11.8% | Stage Unknown
ADBE,257.1600036621094,58.65909090909091,Excellent,22,17.4% → 17.9% → 8.8% → 3.7% → 5.1% → 11.3% → 8.6% → 12.3% → 4.7% → 9.1% → 6.8% → 6.2% → 6.4% → 8.4% → 3.2% → 11.2% → 8.4% → 4.9% → 5.4% → 5.2% → 9.0% → 16.2%,17.920887573393077,Stage Unknown,0.0,70.79545454545455,45.0,False,Technology,107647180800,VCP 22 contracciones (Excellent) | Base: 17.9% | Stage Unknown
XYZ,53.810001373291016,58.03809523809524,Excellent,21,20.0% → 18.0% → 20.9% → 15.5% → 8.1% → 26.0% → 7.8% → 7.7% → 8.6% → 11.2% → 12.3% → 7.8% → 11.4% → 9.6% → 12.0% → 30.3% → 9.2% → 11.1% → 4.2% → 6.3% → 13.5%,30.281516264244885,Stage Unknown,0.0,71.19047619047619,38.0,False,Technology,32801716224,VCP 21 contracciones (Excellent) | Base: 30.3% | Stage Unknown
ARES,137.3800048828125,57.699999999999996,Excellent,21,21.3% → 10.8% → 28.6% → 17.4% → 6.6% → 11.8% → 5.7% → 5.7% → 4.1% → 5.5% → 8.6% → 3.6% → 9.9% → 4.6% → 4.7% → 4.3% → 24.7% → 10.0% → 7.6% → 12.0% → 10.4%,28.556675417167348,Stage Unknown,5.0,59.5,43.0,False,Financial Services,45009072128,VCP 21 contracciones (Excellent) | Base: 28.6% | Stage Unknown
EXPE,233.60000610351562,56.9,Excellent,2,16.1% → 5.2%,16.050487936138076,Stage Unknown,5.0,59.5,55.0,False,Consumer Cyclical,28899960832,VCP 2 contracciones (Excellent) | Base: 16.1% | Stage Unknown
PLTR,135.67999267578125,56.738461538461536,Excellent,13,25.1% → 8.1% → 6.2% → 9.3% → 9.0% → 8.3% → 18.6% → 20.8% → 15.5% → 7.3% → 16.4% → 9.2% → 11.7%,25.084212453741777,Stage Unknown,0.0,64.6923076923077,38.0,False,Technology,323384606720,VCP 13 contracciones (Excellent) | Base: 25.1% | Stage Unknown
SPGI,390.760009765625,56.13333333333333,Excellent,15,11.8% → 3.3% → 17.0% → 6.7% → 3.5% → 4.5% → 4.7% → 3.5% → 7.9% → 12.6% → 4.0% → 4.9% → 4.0% → 3.4% → 4.0%,17.045692641290184,Stage Unknown,0.0,53.16666666666667,55.0,False,Financial Services,118322135040,VCP 15 contracciones (Excellent) | Base: 17.0% | Stage Unknown
TYL,339.25,55.975,Excellent,20,11.9% → 4.0% → 12.4% → 5.5% → 12.1% → 3.6% → 4.0% → 4.3% → 3.7% → 7.6% → 3.9% → 11.9% → 8.8% → 9.1% → 5.8% → 14.2% → 3.3% → 6.5% → 5.6% → 7.4%,14.19255071511445,Stage Unknown,0.0,57.375,45.0,False,Technology,14676570112,VCP 20 contracciones (Excellent) | Base: 14.2% | Stage Unknown
COIN,153.1999969482422,55.96153846153846,Excellent,13,12.6% → 34.0% → 15.6% → 7.4% → 13.8% → 10.5% → 21.0% → 12.3% → 24.0% → 28.8% → 9.9% → 20.8% → 8.4%,34.03575810531169,Stage Unknown,0.0,64.8076923076923,30.0,False,Financial Services,41311543296,VCP 13 contracciones (Excellent) | Base: 34.0% | Stage Unknown
WDAY,144.5500030517578,55.955555555555556,Excellent,18,16.2% → 5.3% → 19.2% → 10.7% → 14.1% → 10.5% → 8.8% → 10.7% → 11.3% → 10.1% → 8.2% → 7.6% → 6.9% → 10.9% → 7.8% → 12.3% → 5.8% → 18.3%,19.205948562138015,Stage Unknown,0.0,64.77777777777777,30.0,False,Technology,38594850816,VCP 18 contracciones (Excellent) | Base: 19.2% | Stage Unknown
TTD,27.229999542236328,55.8,Excellent,15,31.3% → 17.9% → 10.8% → 9.0% → 9.3% → 11.4% → 8.0% → 8.1% → 45.1% → 7.4% → 22.4% → 14.0% → 30.6% → 13.1% → 16.9%,45.09567986875939,Stage Unknown,0.0,64.0,30.0,False,Communication Services,13313914880,VCP 15 contracciones (Excellent) | Base: 45.1% | Stage Unknown
KKR,105.05999755859375,55.65,Excellent,20,24.2% → 8.4% → 9.8% → 29.2% → 18.9% → 5.4% → 11.4% → 3.1% → 7.5% → 4.9% → 9.8% → 8.9% → 8.3% → 4.8% → 22.6% → 10.3% → 10.4% → 10.0% → 6.4% → 12.1%,29.182079001011456,Stage Unknown,0.0,56.75,43.0,False,Financial Services,97287700480,VCP 20 contracciones (Excellent) | Base: 29.2% | Stage Unknown
APP,456.80999755859375,55.233333333333334,Excellent,6,26.9% → 11.2% → 27.5% → 10.0% → 19.3% → 25.1%,27.511112919560187,Stage Unknown,0.0,56.16666666666667,40.0,False,Communication Services,154515947520,VCP 6 contracciones (Excellent) | Base: 27.5% | Stage Unknown
IT,161.52999877929688,54.675,Excellent,20,19.4% → 15.1% → 5.9% → 3.7% → 7.5% → 9.3% → 45.4% → 4.4% → 8.0% → 10.8% → 6.2% → 8.2% → 13.4% → 12.2% → 4.9% → 7.2% → 4.5% → 4.2% → 8.1% → 12.5%,45.41927260681003,Stage Unknown,0.0,51.875,43.0,False,Technology,12233602048,VCP 20 contracciones (Excellent) | Base: 45.4% | Stage Unknown
BSX,73.47000122070312,54.4,Excellent,15,11.6% → 17.6% → 11.1% → 4.1% → 3.7% → 5.7% → 7.4% → 5.6% → 6.7% → 12.3% → 9.3% → 7.6% → 9.1% → 11.3% → 13.7%,17.60421215697792,Stage Unknown,0.0,53.0,38.0,False,Healthcare,108957466624,VCP 15 contracciones (Excellent) | Base: 17.6% | Stage Unknown
INTU,399.69000244140625,54.34444444444445,Excellent,18,11.8% → 4.4% → 14.8% → 6.9% → 6.0% → 14.1% → 11.0% → 5.8% → 3.1% → 8.7% → 5.8% → 6.4% → 4.4% → 9.2% → 3.9% → 4.8% → 8.7% → 20.7%,20.699137868659204,Stage Unknown,0.0,56.72222222222223,30.0,False,Technology,111259779072,VCP 18 contracciones (Excellent) | Base: 20.7% | Stage Unknown
CRM,185.0,53.742105263157896,Excellent,19,20.8% → 13.1% → 14.0% → 6.1% → 4.7% → 3.9% → 8.0% → 17.3% → 9.1% → 7.1% → 7.1% → 6.0% → 6.8% → 10.4% → 10.7% → 3.7% → 5.9% → 6.2% → 18.2%,20.81253154219047,Stage Unknown,0.0,53.71052631578947,30.0,False,Technology,176120004608,VCP 19 contracciones (Excellent) | Base: 20.8% | Stage Unknown
DDOG,127.33000183105469,53.125,Excellent,4,24.7% → 16.6% → 8.2% → 20.6%,24.65913035268085,Stage Unknown,5.0,42.625,55.0,False,Technology,44650905600,VCP 4 contracciones (Excellent) | Base: 24.7% | Stage Unknown
NOW,100.58000183105469,52.705882352941174,Excellent,17,18.4% → 5.5% → 13.0% → 18.0% → 13.0% → 10.0% → 4.9% → 3.6% → 7.5% → 11.7% → 20.1% → 5.1% → 6.2% → 8.9% → 4.4% → 17.6% → 29.3%,29.268572126116073,Stage Unknown,0.0,48.529411764705884,30.0,False,Technology,106126278656,VCP 17 contracciones (Excellent) | Base: 29.3% | Stage Unknown
