ticker,vcp_score,ml_score,momentum_score,trend_score,volume_score,company_name,fundamental_score,sector,industry,earnings_quality_score,growth_acceleration_score,relative_strength_score,financial_health_score,catalyst_timing_score,current_price,market_cap,rs_line_score,rs_line_percentile,rs_line_at_new_high,rs_line_trend,eps_growth_yoy,eps_accelerating,eps_accel_quarters,rev_growth_yoy,rev_accelerating,rev_accel_quarters,short_percent_float,short_ratio,short_squeeze_potential,fifty_two_week_high,proximity_to_52w_high,trend_template_score,trend_template_pass,health_details,earnings_details,target_price_analyst,target_price_analyst_high,target_price_analyst_low,analyst_count,analyst_recommendation,analyst_upside_pct,target_price_dcf,target_price_dcf_upside_pct,target_price_pe,target_price_pe_upside_pct,sentiment,put_call_ratio,flow_score,unusual_calls,unusual_puts,insiders_score,institutional_score,num_whales,top_whales,super_score_ultimate,vcp_contribution,ml_contribution,fundamental_contribution,score_timestamp,data_as_of_date,market_regime,market_recommendation,ma_filter_pass,ma_filter_score,ma_filter_reason,ad_signal,ad_score,ad_reason,float_category,shares_outstanding_millions,filter_penalty,super_score_before_filters,rs_line_score_fund,rs_line_at_new_high_fund,rs_line_trend_fund,rs_line_percentile_fund,rs_line_bonus,eps_accelerating_fund2,eps_accel_quarters_fund2,rev_accelerating_fund2,rev_accel_quarters_fund2,canslim_a_bonus,industry_group_rank,industry_group_total,industry_group_percentile,industry_group_label,industry_group_rs,industry_bonus,short_bonus,proximity_bonus,trend_bonus,options_bonus,institutional_bonus,insider_bonus,profitability_penalty,negative_roe,filters_passed,value_score,sector_bonus,mr_bonus,risk_reward_ratio,rr_bonus,tier,quality,validation_status,validation_score,validation_reason,price_vs_ath,recent_news_sentiment,analyst_consensus,valuation_concern
MSFT,0.0,50.0,0.0,,,Microsoft Corporation,60.8,Technology,Software - Infrastructure,60.0,70.0,24.0,90.0,70.0,400.6,2977410580480,15.0,5.1,False,down,,,0,16.0,True,1,0.8,1.8,False,555.45,-27.9,2.0,False,"{'roe_pct': 34.4, 'debt_to_equity': 0.32, 'current_ratio': 1.39, 'operating_margin_pct': 47.1}",{'profit_margin_pct': 39.0},596.0,730.0,392.0,53.0,strong_buy,48.8,306.34,-23.5,479.4,19.7,,,,,,70.0,0.0,0.0,,5.0,0.0,15.0,18.2,2026-02-27 07:40:36,2026-02-27,CORRECTION,AVOID,False,33,Price below 150/200 MA - weak trend,DISTRIBUTION,35,"Moderate distribution (0.7x ratio, 41% up volume)",MEGA_FLOAT,7414.9,53.0,33.2,15.0,False,down,5.1,0.0,,0,True,1,2.0,41,42.0,4.8,Bottom 25%,2.8,-3.0,0.0,0.0,-5.0,0.0,0.0,5.0,0.0,False,0/3,57.32,0.0,0.0,6.1,3.0,ðŸ”µ DECENT,ðŸŸ¡ Good,,,,,,,
DFDV,0.0,50.0,0.0,,,DeFi Development Corp.,60.5,Financial Services,Asset Management,60.0,80.0,15.0,90.0,60.0,4.21,125848688,15.0,7.1,False,down,,,0,635.4,False,0,23.4,3.2,True,53.88,-92.2,1.0,False,"{'roe_pct': 56.7, 'debt_to_equity': 0.54, 'current_ratio': 2.04, 'operating_margin_pct': 1601.0}",{'profit_margin_pct': 932.6},14.0,18.0,10.0,2.0,none,232.5,,,35.8,750.4,,,,,,100.0,0.0,0.0,,5.200000000000003,0.0,15.0,18.2,2026-02-27 07:40:36,2026-02-27,CORRECTION,AVOID,False,0,Error: Too Many Requests. Rate limited. Try after a while.,NEUTRAL,40,"No clear pattern (0.9x ratio, 46% up volume)",LOW_FLOAT,23.0,20.0,33.2,15.0,False,down,7.1,0.0,,0,False,0,0.0,34,42.0,21.4,Bottom 25%,19.3,-3.0,0.0,-5.0,-5.0,0.0,0.0,5.0,0.0,False,0/3,57.2,0.0,0.0,29.06,3.0,ðŸ”µ DECENT,ðŸŸ¡ Good,,,,,,,
EXEL,0.0,50.0,22.58,,,"Exelixis, Inc.",60.8,Healthcare,Biotechnology,60.0,50.0,50.3,95.0,60.0,44.75,11998019584,35.0,47.2,False,up,,,0,7.8,False,0,14.4,11.4,True,49.62,-9.8,6.0,False,"{'roe_pct': 35.5, 'debt_to_equity': 0.09, 'current_ratio': 3.56, 'operating_margin_pct': 39.4}",{'profit_margin_pct': 33.7},47.17,60.0,35.0,18.0,buy,5.4,103.06,130.3,83.4,86.4,,,,,,70.0,0.0,0.0,,28.200000000000003,0.0,15.0,18.2,2026-02-27 07:40:36,2026-02-27,CORRECTION,AVOID,False,0,Error: Too Many Requests. Rate limited. Try after a while.,NEUTRAL,40,"No clear pattern (1.0x ratio, 49% up volume)",MEGA_FLOAT,211.3,23.0,33.2,35.0,False,up,47.2,2.0,,0,False,0,0.0,19,42.0,57.1,Medio,42.5,0.0,3.0,3.0,5.0,0.0,0.0,5.0,0.0,False,0/3,56.32,5.0,0.0,0.68,-3.0,ðŸ”µ DECENT,ðŸŸ¡ Good,,,,,,,
STRW,0.0,50.0,22.83,,,"Strawberry Fields REIT, Inc.",63.3,Real Estate,REIT - Healthcare Facilities,50.0,90.0,50.3,65.0,60.0,12.96,720561088,35.0,49.1,False,flat,,,0,30.3,True,1,0.5,2.2,False,14.0,-7.4,6.0,False,"{'roe_pct': 49.7, 'debt_to_equity': 15.66, 'current_ratio': 5.47, 'operating_margin_pct': 52.4}",{'profit_margin_pct': 4.9},14.5,16.0,12.0,6.0,strong_buy,11.9,,,6.1,-52.9,,,,,,90.0,0.0,0.0,,39.0,0.0,15.0,19.0,2026-02-27 07:40:36,2026-02-27,CORRECTION,AVOID,True,100,Passes Minervini Template (6/6 criteria),NEUTRAL,50,"No clear pattern (0.8x ratio, 43% up volume)",MICRO_FLOAT,8.0,15.0,34.0,35.0,False,flat,49.1,0.0,,0,True,1,2.0,4,42.0,92.9,Top 10%,76.0,5.0,0.0,3.0,5.0,0.0,0.0,5.0,0.0,False,1/3,56.32,8.0,0.0,1.49,0.0,ðŸ”µ DECENT,ðŸŸ¡ Good,,,,,,,
FTAI,0.0,50.0,37.2,,,FTAI Aviation Ltd.,72.0,Industrials,Rental & Leasing Services,60.0,80.0,91.0,65.0,60.0,302.03,30980102144,100.0,97.8,True,up,,,0,33.7,False,0,4.1,1.6,False,310.0,-2.6,8.0,True,"{'roe_pct': 263.0, 'debt_to_equity': 13.81, 'current_ratio': 5.84, 'operating_margin_pct': 31.2}",{'profit_margin_pct': 20.8},314.6,350.0,260.0,10.0,strong_buy,4.2,,,131.1,-56.6,,,,,,90.0,0.0,0.0,,51.6,0.0,15.0,21.6,2026-02-27 07:40:36,2026-02-27,CORRECTION,AVOID,False,0,Error: Too Many Requests. Rate limited. Try after a while.,STRONG_ACCUMULATION,75,"Strong institutional buying (1.9x ratio, 65% up volume)",HIGH_FLOAT,101.1,15.0,36.6,100.0,True,up,97.8,10.0,,0,False,0,0.0,18,42.0,59.5,Medio,44.0,0.0,0.0,5.0,10.0,0.0,0.0,5.0,0.0,False,1/3,55.8,0.0,0.0,0.52,-3.0,ðŸ”µ DECENT,ðŸŸ¡ Good,AVOID,15.0,Near ATH (-4.2% from high) - poor entry point | High P/E (70.9) - valuation risk,-4.2,NEUTRAL,STRONG_BUY,True
MRP,0.0,50.0,22.8,,,"Millrose Properties, Inc.",63.0,Real Estate,REIT - Residential,60.0,70.0,54.0,75.0,55.0,31.0,5146108416,60.0,56.3,False,flat,,,0,20.5,False,0,6.2,4.5,False,36.0,-13.9,6.0,False,"{'roe_pct': 4.0, 'debt_to_equity': 0.34, 'current_ratio': 64.22, 'operating_margin_pct': 85.3}",{'profit_margin_pct': 52.8},38.6,40.0,35.0,5.0,none,24.5,,,13.1,-57.7,,,,,,70.0,0.0,0.0,,22.9,0.0,15.0,18.9,2026-02-27 07:40:36,2026-02-27,CORRECTION,AVOID,True,83,Passes Minervini Template (5/6 criteria),NEUTRAL,40,"No clear pattern (0.9x ratio, 46% up volume)",HIGH_FLOAT,153.3,20.0,33.9,60.0,False,flat,56.3,0.0,,0,False,0,0.0,30,42.0,31.0,Bajo 50%,21.1,0.0,1.0,3.0,5.0,0.0,0.0,5.0,5.0,False,1/3,53.2,8.0,0.0,3.06,3.0,ðŸ”µ DECENT,ðŸŸ¡ Average,,,,,,,
OHI,0.0,50.0,36.39,,,"Omega Healthcare Investors, Inc",63.9,Real Estate,REIT - Healthcare Facilities,60.0,60.0,68.3,75.0,60.0,47.49,14426512384,80.0,88.5,False,up,,,0,15.3,False,0,4.7,5.3,False,47.94,-0.9,8.0,True,"{'roe_pct': 12.0, 'debt_to_equity': 0.79, 'current_ratio': 1.1, 'operating_margin_pct': 63.2}",{'profit_margin_pct': 49.6},48.88,59.0,43.0,16.0,buy,2.9,109.03,129.6,58.2,22.6,,,,,,100.0,0.0,0.0,,46.2,0.0,15.0,19.2,2026-02-27 07:40:36,2026-02-27,CORRECTION,AVOID,True,100,Passes Minervini Template (6/6 criteria),STRONG_ACCUMULATION,75,"Strong institutional buying (1.7x ratio, 60% up volume)",MEGA_FLOAT,294.6,18.0,34.2,80.0,False,up,88.5,5.0,,0,False,0,0.0,4,42.0,92.9,Top 10%,76.0,5.0,0.0,5.0,10.0,0.0,0.0,5.0,0.0,False,2/3,52.56,8.0,0.0,0.36,-3.0,ðŸ”µ DECENT,ðŸŸ¡ Average,AVOID,35.0,Near ATH (-0.0% from high) - poor entry point,-0.0,NEUTRAL,BUY,False
EXP,0.0,50.0,16.62,,,Eagle Materials Inc,56.2,Basic Materials,Building Materials,55.0,60.0,38.7,80.0,50.0,222.27,7126837760,15.0,19.0,False,down,,,0,18.2,False,0,6.2,2.8,False,243.64,-8.8,3.0,False,"{'roe_pct': 28.8, 'debt_to_equity': 1.21, 'current_ratio': 4.27, 'operating_margin_pct': 24.6}",{'profit_margin_pct': 18.7},222.55,244.0,205.0,11.0,hold,0.1,73.14,-67.1,132.3,-40.5,,,,,,70.0,10.000218978,1.0,Tiger Global Management,12.899999999999999,0.0,15.0,16.9,2026-02-27 07:40:36,2026-02-27,CORRECTION,AVOID,False,0,Error: Too Many Requests. Rate limited. Try after a while.,DISTRIBUTION,35,"Moderate distribution (0.8x ratio, 44% up volume)",MEDIUM_FLOAT,31.0,30.0,31.9,15.0,False,down,19.0,0.0,,0,False,0,0.0,12,42.0,73.8,Medio,50.8,0.0,1.0,3.0,0.0,0.0,2.0,5.0,0.0,False,0/3,52.480000000000004,0.0,0.0,0.01,-3.0,ðŸ”µ DECENT,ðŸŸ¡ Average,,,,,,,
PACS,0.0,50.0,30.05,,,"PACS Group, Inc.",60.5,Healthcare,Medical Care Facilities,50.0,70.0,89.0,35.0,50.0,39.31,6100027904,95.0,91.8,False,up,,,0,11.3,True,1,8.7,4.0,True,43.08,-8.8,8.0,True,"{'roe_pct': 21.7, 'debt_to_equity': 4.17, 'current_ratio': 0.94, 'operating_margin_pct': 6.4}",{'profit_margin_pct': 3.3},44.2,48.0,40.0,5.0,none,12.4,122.78,212.3,31.5,-19.9,,,,,,70.0,0.0,0.0,,49.2,0.0,15.0,18.2,2026-02-27 07:40:36,2026-02-27,CORRECTION,AVOID,True,100,Passes Minervini Template (6/6 criteria),ACCUMULATION,65,"Moderate accumulation (1.3x ratio, 55% up volume)",MEDIUM_FLOAT,45.3,15.0,33.2,95.0,False,up,91.8,5.0,,0,True,1,2.0,11,42.0,76.2,Top 25%,50.9,3.0,3.0,3.0,10.0,0.0,0.0,5.0,0.0,False,2/3,52.2,5.0,0.0,1.55,0.0,ðŸ”µ DECENT,ðŸŸ¡ Average,AVOID,20.0,Near ATH (-3.3% from high) - poor entry point | Elevated P/E (39.7) - watch valuation,-3.3,NEUTRAL,NONE,False
CNS,0.0,50.0,0.0,,,Cohen & Steers Inc,61.7,Financial Services,Asset Management,60.0,70.0,38.7,90.0,50.0,67.61,3448619776,15.0,15.2,False,up,,,0,1.4,True,2,6.8,5.0,False,88.49,-23.6,2.0,False,"{'roe_pct': 27.3, 'debt_to_equity': 0.24, 'operating_margin_pct': 28.0}",{'profit_margin_pct': 27.6},72.0,77.0,64.0,3.0,hold,6.5,,,29.7,-56.1,,,,,,100.0,0.0,0.0,,20.5,0.0,15.0,18.5,2026-02-27 07:40:36,2026-02-27,CORRECTION,AVOID,False,0,Error: Too Many Requests. Rate limited. Try after a while.,ACCUMULATION,60,"Moderate accumulation (1.0x ratio, 50% up volume)",MEDIUM_FLOAT,27.2,15.0,33.5,15.0,False,up,15.2,2.0,,0,True,2,2.0,34,42.0,21.4,Bottom 25%,19.3,-3.0,1.0,0.0,-5.0,0.0,0.0,5.0,0.0,False,1/3,51.68,0.0,0.0,0.81,-3.0,ðŸ”µ DECENT,ðŸŸ¡ Average,,,,,,,
MCY,0.0,50.0,25.85,,,Mercury General Corporation,63.5,Financial Services,Insurance - Property & Casualty,50.0,80.0,57.6,70.0,65.0,88.74,4915186688,60.0,74.7,False,down,,,0,16.0,True,2,7.2,7.8,False,100.06,-11.3,7.0,True,"{'roe_pct': 24.8, 'debt_to_equity': 0.24, 'current_ratio': 0.56, 'operating_margin_pct': 16.7}",{'profit_margin_pct': 9.0},110.0,110.0,110.0,1.0,strong_buy,24.0,1931.42,2076.5,293.1,230.3,,,,,,70.0,0.0,0.0,,37.0,0.0,15.0,19.0,2026-02-27 07:40:36,2026-02-27,CORRECTION,AVOID,True,100,Passes Minervini Template (6/6 criteria),ACCUMULATION,65,"Moderate accumulation (1.1x ratio, 52% up volume)",MEDIUM_FLOAT,26.6,15.0,34.0,60.0,False,down,74.7,0.0,,0,True,2,2.0,21,42.0,52.4,Medio,39.0,0.0,1.0,3.0,7.0,0.0,0.0,5.0,0.0,False,2/3,51.4,0.0,0.0,3.0,3.0,ðŸ”µ DECENT,ðŸŸ¡ Average,,,,,,,
EPD,0.0,50.0,27.93,,,Enterprise Products Partners L.,54.3,Energy,Oil & Gas Midstream,55.0,40.0,60.3,65.0,60.0,35.92,77775683584,60.0,53.4,False,up,,,0,-15.3,True,1,2.9,3.8,False,37.31,-3.7,6.0,False,"{'roe_pct': 19.7, 'debt_to_equity': 1.13, 'operating_margin_pct': 14.1}",{'profit_margin_pct': 11.1},36.65,41.0,32.0,20.0,buy,2.0,,,26.6,-25.9,,,,,,90.0,0.0,0.0,,37.3,0.0,15.0,16.3,2026-02-27 07:40:36,2026-02-27,CORRECTION,AVOID,False,0,Error: Too Many Requests. Rate limited. Try after a while.,STRONG_ACCUMULATION,75,"Strong institutional buying (1.6x ratio, 59% up volume)",MEGA_FLOAT,1449.8,18.0,31.3,60.0,False,up,53.4,2.0,,0,True,1,2.0,3,42.0,95.2,Top 10%,76.7,5.0,0.0,5.0,5.0,0.0,0.0,5.0,0.0,False,1/3,50.72,8.0,0.0,0.25,-3.0,ðŸ”µ DECENT,ðŸŸ¡ Average,,,,,,,
FIGR,0.0,50.0,0.0,,,"Figure Technology Solutions, In",63.5,Financial Services,Capital Markets,60.0,80.0,36.0,75.0,70.0,34.66,7479959040,15.0,12.0,False,down,,,0,56.5,False,0,8.9,3.4,True,78.0,-55.6,,,"{'debt_to_equity': 0.69, 'current_ratio': 2.26, 'operating_margin_pct': 34.2}",{'profit_margin_pct': 34.1},60.25,75.0,42.0,8.0,buy,73.8,,,7.8,-77.5,,,,,,70.0,0.0,0.0,,20.0,0.0,15.0,19.0,2026-02-27 07:40:36,2026-02-27,CORRECTION,AVOID,False,0,Error: Too Many Requests. Rate limited. Try after a while.,NEUTRAL,40,"No clear pattern (0.7x ratio, 41% up volume)",HIGH_FLOAT,128.4,20.0,34.0,15.0,False,down,12.0,0.0,,0,False,0,0.0,9,42.0,81.0,Top 25%,56.0,3.0,3.0,-5.0,0.0,0.0,0.0,5.0,0.0,False,0/3,50.4,0.0,0.0,9.22,3.0,ðŸ”µ DECENT,ðŸŸ¡ Average,,,,,,,
NIC,0.0,50.0,37.03,,,Nicolet Bankshares Inc.,70.3,Financial Services,Banks - Regional,60.0,80.0,82.6,65.0,60.0,160.5,2377236992,100.0,96.2,True,up,,,0,12.8,True,2,6.7,4.8,False,162.0,-0.9,8.0,True,"{'roe_pct': 12.4, 'operating_margin_pct': 52.8}",{'profit_margin_pct': 38.9},175.0,190.0,157.0,5.0,buy,9.0,,,199.31,24.2,,,,,,80.0,0.0,0.0,,57.1,0.0,15.0,21.1,2026-02-27 07:40:36,2026-02-27,CORRECTION,AVOID,True,100,Passes Minervini Template (6/6 criteria),ACCUMULATION,70,"Moderate accumulation (1.3x ratio, 56% up volume)",LOW_FLOAT,12.8,15.0,36.1,100.0,True,up,96.2,10.0,,0,True,2,2.0,6,42.0,88.1,Top 25%,70.1,3.0,1.0,5.0,10.0,0.0,0.0,5.0,0.0,False,2/3,50.12,0.0,0.0,1.12,0.0,ðŸ”µ DECENT,ðŸŸ¡ Average,AVOID,35.0,Near ATH (-3.1% from high) - poor entry point,-3.1,NEUTRAL,BUY,False
MSGM,0.0,50.0,0.0,,,Motorsport Games Inc.,72.3,Communication Services,Electronic Gaming & Multimedia,60.0,80.0,71.4,100.0,50.0,3.64,18485562,60.0,66.2,False,up,,,0,57.1,False,0,3.3,0.6,False,5.409,-32.7,6.0,False,"{'roe_pct': 70.3, 'debt_to_equity': 0.0, 'current_ratio': 1.92, 'operating_margin_pct': 25.8}",{'profit_margin_pct': 36.6},,,,,none,,,,4.2,15.4,,,,,,70.0,0.0,0.0,,28.700000000000003,0.0,15.0,21.7,2026-02-27 07:40:36,2026-02-27,CORRECTION,AVOID,True,83,Passes Minervini Template (5/6 criteria),STRONG_ACCUMULATION,85,"Strong institutional buying (2.3x ratio, 64% up volume)",MICRO_FLOAT,2.2,15.0,36.7,60.0,False,up,66.2,2.0,,0,False,0,0.0,23,42.0,47.6,Bajo 50%,34.2,0.0,0.0,-5.0,5.0,0.0,0.0,5.0,0.0,False,2/3,50.082,0.0,0.0,,0.0,ðŸ”µ DECENT,ðŸŸ¡ Average,,,,,,,
FAST,0.0,50.0,19.18,,,Fastenal Company,56.8,Industrials,Industrial Distribution,55.0,50.0,46.7,90.0,50.0,44.63,51243237376,35.0,30.3,False,up,,,0,3.5,False,0,3.5,3.8,False,50.63,-11.9,5.0,False,"{'roe_pct': 33.3, 'debt_to_equity': 0.11, 'current_ratio': 4.85, 'operating_margin_pct': 19.0}",{'profit_margin_pct': 15.3},44.68,52.0,38.0,13.0,hold,0.1,13.44,-69.9,10.9,-75.6,,,,,,100.0,0.0,0.0,,27.0,0.0,15.0,17.0,2026-02-27 07:40:36,2026-02-27,CORRECTION,AVOID,False,0,Error: Too Many Requests. Rate limited. Try after a while.,ACCUMULATION,65,"Moderate accumulation (1.4x ratio, 56% up volume)",MEGA_FLOAT,1144.9,18.0,32.0,35.0,False,up,30.3,2.0,,0,False,0,0.0,17,42.0,61.9,Medio,46.8,0.0,0.0,3.0,3.0,0.0,0.0,5.0,0.0,False,1/3,49.72,0.0,0.0,0.01,-3.0,âšª WEAK,ðŸŸ¡ Average,,,,,,,
IT,0.0,50.0,0.0,,,"Gartner, Inc.",49.2,Technology,Information Technology Services,55.0,70.0,15.0,45.0,55.0,149.34,10764000256,15.0,0.5,False,down,,,0,14.2,True,1,11.2,3.5,True,507.79,-70.6,0.0,False,"{'roe_pct': 86.9, 'debt_to_equity': 10.47, 'current_ratio': 1.0, 'operating_margin_pct': 19.0}",{'profit_margin_pct': 11.2},190.46,255.0,150.0,13.0,hold,27.5,192.74,29.1,96.5,-35.4,,,,,,70.0,0.0,0.0,,5.0,0.0,15.0,14.8,2026-02-27 07:40:36,2026-02-27,CORRECTION,AVOID,False,0,Error: Too Many Requests. Rate limited. Try after a while.,DISTRIBUTION,35,"Moderate distribution (0.8x ratio, 45% up volume)",HIGH_FLOAT,68.0,30.0,29.8,15.0,False,down,0.5,0.0,,0,True,1,2.0,38,42.0,11.9,Bottom 25%,8.4,-3.0,3.0,-5.0,-5.0,0.0,0.0,5.0,0.0,False,0/3,49.68000000000001,0.0,0.0,3.44,3.0,âšª WEAK,ðŸŸ¡ Average,,,,,,,
FRST,0.0,50.0,30.509999999999998,,,Primis Financial Corp.,65.1,Financial Services,Banks - Regional,60.0,60.0,79.4,65.0,65.0,13.57,335116352,80.0,82.2,False,flat,,,0,5.7,True,1,1.2,3.4,False,14.55,-6.7,8.0,True,"{'roe_pct': 14.7, 'operating_margin_pct': 47.4}",{'profit_margin_pct': 29.1},16.0,16.0,16.0,1.0,strong_buy,17.9,,,24.9,83.5,,,,,,90.0,0.0,0.0,,45.5,0.0,15.0,19.5,2026-02-27 07:40:36,2026-02-27,CORRECTION,AVOID,False,0,Error: Too Many Requests. Rate limited. Try after a while.,ACCUMULATION,60,"Moderate accumulation (1.1x ratio, 49% up volume)",LOW_FLOAT,21.9,15.0,34.5,80.0,False,flat,82.2,3.0,,0,True,1,2.0,6,42.0,88.1,Top 25%,70.1,3.0,0.0,3.0,10.0,0.0,0.0,5.0,0.0,False,1/3,49.03999999999999,0.0,0.0,2.24,1.0,âšª WEAK,ðŸŸ¡ Average,,,,,,,
TBBK,0.0,50.0,5.45,,,"The Bancorp, Inc.",54.5,Financial Services,Banks - Regional,60.0,60.0,24.0,75.0,55.0,57.72,2658894080,15.0,6.4,False,down,,,0,17.0,False,0,11.8,6.0,True,81.65,-29.3,3.0,False,"{'roe_pct': 30.8, 'operating_margin_pct': 58.2}",{'profit_margin_pct': 43.4},75.0,76.0,74.0,2.0,none,29.9,,,57.07,-1.1,,,,,,60.0,0.0,0.0,,9.0,0.0,15.0,16.3,2026-02-27 07:40:36,2026-02-27,CORRECTION,AVOID,False,50,Price below 150/200 MA - weak trend,ACCUMULATION,60,"Moderate accumulation (1.0x ratio, 49% up volume)",HIGH_FLOAT,79.9,35.0,31.4,15.0,False,down,6.4,0.0,,0,False,0,0.0,6,42.0,88.1,Top 25%,70.1,3.0,3.0,0.0,0.0,0.0,0.0,3.0,0.0,False,1/3,48.8,0.0,0.0,3.74,3.0,âšª WEAK,ðŸŸ¡ Average,,,,,,,
ACNB,0.0,50.0,32.08,,,ACNB Corporation,65.8,Financial Services,Banks - Regional,60.0,80.0,60.3,65.0,60.0,51.17,531390816,60.0,66.1,False,down,,,0,50.7,False,0,1.1,4.0,False,53.89,-5.0,7.0,True,"{'roe_pct': 10.2, 'operating_margin_pct': 41.9}",{'profit_margin_pct': 25.3},56.67,57.0,56.0,3.0,buy,10.7,,,108.0,111.1,,,,,,70.0,0.0,0.0,,39.7,0.0,15.0,19.7,2026-02-27 07:40:36,2026-02-27,CORRECTION,AVOID,False,0,Error: Too Many Requests. Rate limited. Try after a while.,ACCUMULATION,60,"Moderate accumulation (1.0x ratio, 49% up volume)",MICRO_FLOAT,10.0,15.0,34.7,60.0,False,down,66.1,0.0,,0,False,0,0.0,6,42.0,88.1,Top 25%,70.1,3.0,0.0,5.0,7.0,0.0,0.0,5.0,0.0,False,1/3,48.31999999999999,0.0,0.0,1.34,0.0,âšª WEAK,ðŸŸ¡ Average,,,,,,,
PRIM,0.0,50.0,31.06,,,Primoris Services Corporation,70.6,Industrials,Engineering & Construction,50.0,90.0,83.0,70.0,60.0,153.2,8277756416,80.0,82.9,False,up,,,0,25.1,True,2,6.5,3.7,False,174.43,-12.2,8.0,True,"{'roe_pct': 17.8, 'debt_to_equity': 0.57, 'current_ratio': 1.26, 'operating_margin_pct': 4.2}",{'profit_margin_pct': 3.6},165.93,205.0,138.0,14.0,buy,8.3,79.42,-48.2,50.6,-67.0,,,,,,90.0,0.0,0.0,,52.2,0.0,15.0,21.2,2026-02-27 07:40:36,2026-02-27,CORRECTION,AVOID,True,100,Passes Minervini Template (6/6 criteria),STRONG_ACCUMULATION,75,"Strong institutional buying (1.7x ratio, 61% up volume)",HIGH_FLOAT,53.6,15.0,36.2,80.0,False,up,82.9,5.0,,0,True,2,2.0,2,42.0,97.6,Top 10%,95.4,5.0,1.0,3.0,10.0,0.0,0.0,5.0,0.0,False,2/3,48.239999999999995,0.0,0.0,1.04,0.0,âšª WEAK,ðŸŸ¡ Average,HOLD,55.0,Close to ATH (-12.9% from high) - wait for pullback,-12.9,NEUTRAL,BUY,False
AMH,0.0,50.0,0.0,,,American Homes 4 Rent,55.5,Real Estate,REIT - Residential,60.0,60.0,24.0,75.0,65.0,29.81,12594214912,15.0,0.7,False,down,,,0,9.6,True,1,3.0,2.0,False,39.49,-24.5,1.0,False,"{'roe_pct': 6.6, 'debt_to_equity': 0.66, 'current_ratio': 2.19, 'operating_margin_pct': 25.5}",{'profit_margin_pct': 24.5},35.69,40.0,32.0,21.0,buy,19.7,28.6,-4.1,11.8,-60.4,,,,,,90.0,0.0,0.0,,0.0,0.0,15.0,16.6,2026-02-27 07:40:36,2026-02-27,CORRECTION,AVOID,False,0,Error: Too Many Requests. Rate limited. Try after a while.,DISTRIBUTION,25,"Moderate distribution (0.7x ratio, 40% up volume)",MEGA_FLOAT,311.9,33.0,31.6,15.0,False,down,0.7,0.0,,0,True,1,2.0,30,42.0,31.0,Bajo 50%,21.1,0.0,0.0,0.0,-5.0,0.0,0.0,5.0,5.0,False,0/3,48.2,8.0,0.0,2.46,1.0,âšª WEAK,ðŸŸ¡ Average,,,,,,,
NVT,0.0,50.0,37.22,,,nVent Electric plc,72.2,Industrials,Electrical Equipment & Parts,55.0,80.0,88.3,80.0,60.0,121.8,19698651136,100.0,100.0,True,up,,,0,40.1,False,0,3.0,1.7,False,122.6689,-0.7,8.0,True,"{'roe_pct': 12.3, 'debt_to_equity': 0.46, 'current_ratio': 1.63, 'operating_margin_pct': 16.2}",{'profit_margin_pct': 18.2},127.0,148.0,68.04,13.0,strong_buy,4.3,150.58,23.6,77.7,-36.2,,,,,,90.0,0.0,0.0,,54.7,0.0,15.0,21.7,2026-02-27 07:40:36,2026-02-27,CORRECTION,AVOID,True,100,Passes Minervini Template (6/6 criteria),ACCUMULATION,60,"Moderate accumulation (1.2x ratio, 54% up volume)",HIGH_FLOAT,160.9,15.0,36.7,100.0,True,up,100.0,10.0,,0,False,0,0.0,8,42.0,83.3,Top 25%,65.7,3.0,0.0,5.0,10.0,0.0,0.0,5.0,0.0,False,2/3,47.879999999999995,0.0,0.0,0.54,-3.0,âšª WEAK,ðŸŸ¡ Average,AVOID,25.0,Near ATH (-0.9% from high) - poor entry point | Elevated P/E (47.0) - watch valuation,-0.9,NEUTRAL,STRONG_BUY,True
FULT,0.0,50.0,25.9,,,Fulton Financial Corporation,64.0,Financial Services,Banks - Regional,60.0,70.0,63.9,65.0,60.0,21.23,3819173632,60.0,69.9,False,up,,,0,3.3,True,2,7.2,5.3,False,22.99,-7.7,7.0,True,"{'roe_pct': 11.7, 'operating_margin_pct': 39.3}",{'profit_margin_pct': 30.7},23.0,24.0,22.0,5.0,buy,8.3,,,62.4,193.9,,,,,,90.0,0.0,0.0,,42.2,0.0,15.0,19.2,2026-02-27 07:40:36,2026-02-27,CORRECTION,AVOID,False,0,Error: Too Many Requests. Rate limited. Try after a while.,ACCUMULATION,60,"Moderate accumulation (1.3x ratio, 53% up volume)",HIGH_FLOAT,177.4,15.0,34.2,60.0,False,up,69.9,2.0,,0,True,2,2.0,6,42.0,88.1,Top 25%,70.1,3.0,1.0,3.0,7.0,0.0,0.0,5.0,0.0,False,1/3,47.6,0.0,0.0,1.04,0.0,âšª WEAK,ðŸŸ¡ Average,,,,,,,
FCCO,0.0,50.0,36.13,,,First Community Corporation,61.3,Financial Services,Banks - Regional,60.0,60.0,60.3,65.0,65.0,30.01,280421152,60.0,70.1,False,down,,,0,16.9,False,0,0.9,1.2,False,31.5,-4.7,8.0,True,"{'roe_pct': 13.1, 'operating_margin_pct': 35.4}",{'profit_margin_pct': 24.6},35.33,36.0,34.0,3.0,strong_buy,17.7,,,32.11,7.0,,,,,,90.0,0.0,0.0,,41.4,0.0,15.0,18.4,2026-02-27 07:40:36,2026-02-27,CORRECTION,AVOID,False,0,Error: Too Many Requests. Rate limited. Try after a while.,ACCUMULATION,65,"Moderate accumulation (1.5x ratio, 58% up volume)",MICRO_FLOAT,6.4,15.0,33.4,60.0,False,down,70.1,0.0,,0,False,0,0.0,6,42.0,88.1,Top 25%,70.1,3.0,0.0,5.0,10.0,0.0,0.0,5.0,0.0,False,1/3,47.519999999999996,0.0,0.0,2.21,1.0,âšª WEAK,ðŸŸ¡ Average,,,,,,,
THFF,0.0,50.0,36.31,,,First Financial Corporation,63.1,Financial Services,Banks - Regional,60.0,60.0,71.9,65.0,60.0,65.99,784011264,80.0,77.5,False,flat,,,0,6.4,True,1,1.9,3.2,False,69.21,-4.7,8.0,True,"{'roe_pct': 13.2, 'operating_margin_pct': 34.2}",{'profit_margin_pct': 31.2},71.5,75.0,68.0,2.0,buy,8.3,,,200.4,203.7,,,,,,70.0,0.0,0.0,,31.9,0.0,15.0,18.9,2026-02-27 07:40:36,2026-02-27,CORRECTION,AVOID,True,100,Passes Minervini Template (6/6 criteria),DISTRIBUTION,35,"Moderate distribution (0.8x ratio, 45% up volume)",LOW_FLOAT,11.3,30.0,33.9,80.0,False,flat,77.5,3.0,,0,True,1,2.0,6,42.0,88.1,Top 25%,70.1,3.0,0.0,5.0,10.0,0.0,0.0,5.0,0.0,False,1/3,47.24,0.0,0.0,1.04,0.0,âšª WEAK,ðŸŸ¡ Average,,,,,,,
BY,0.0,50.0,36.31,,,"Byline Bancorp, Inc.",63.1,Financial Services,Banks - Regional,60.0,60.0,71.9,65.0,60.0,32.37,1483168384,80.0,76.9,False,up,,,0,10.1,False,0,5.6,2.3,False,33.89,-4.5,8.0,True,"{'roe_pct': 11.0, 'operating_margin_pct': 45.7}",{'profit_margin_pct': 31.7},35.6,38.0,33.0,5.0,buy,10.0,,,34.39,6.2,,,,,,90.0,0.0,0.0,,47.9,0.0,15.0,18.9,2026-02-27 07:40:36,2026-02-27,CORRECTION,AVOID,False,0,Error: Too Many Requests. Rate limited. Try after a while.,ACCUMULATION,60,"Moderate accumulation (1.1x ratio, 50% up volume)",MEDIUM_FLOAT,32.6,15.0,33.9,80.0,False,up,76.9,5.0,,0,False,0,0.0,6,42.0,88.1,Top 25%,70.1,3.0,1.0,5.0,10.0,0.0,0.0,5.0,0.0,False,1/3,47.24,0.0,0.0,1.25,0.0,âšª WEAK,ðŸŸ¡ Average,AVOID,35.0,Near ATH (-4.0% from high) - poor entry point,-4.0,NEUTRAL,BUY,False
BFST,0.0,50.0,25.78,,,"Business First Bancshares, Inc.",62.8,Financial Services,Banks - Regional,60.0,70.0,60.3,65.0,55.0,28.37,930892224,60.0,65.4,False,flat,,,0,4.4,True,2,0.8,2.0,False,30.32,-6.4,7.0,True,"{'roe_pct': 10.4, 'operating_margin_pct': 36.1}",{'profit_margin_pct': 28.1},32.88,35.0,31.0,4.0,none,15.9,,,83.7,195.0,,,,,,90.0,0.0,0.0,,38.8,0.0,15.0,18.8,2026-02-27 07:40:36,2026-02-27,CORRECTION,AVOID,False,0,Error: Too Many Requests. Rate limited. Try after a while.,ACCUMULATION,60,"Moderate accumulation (1.0x ratio, 50% up volume)",MEDIUM_FLOAT,27.8,15.0,33.8,60.0,False,flat,65.4,0.0,,0,True,2,2.0,6,42.0,88.1,Top 25%,70.1,3.0,0.0,3.0,7.0,0.0,0.0,5.0,0.0,False,1/3,47.120000000000005,0.0,0.0,1.99,0.0,âšª WEAK,ðŸŸ¡ Average,,,,,,,
CCNE,0.0,50.0,37.36,,,CNB Financial Corporation,73.6,Financial Services,Banks - Regional,60.0,100.0,77.9,60.0,60.0,29.69,875149568,95.0,90.6,False,up,,,0,31.6,True,2,1.2,2.5,False,30.84,-3.7,8.0,True,"{'roe_pct': 8.9, 'operating_margin_pct': 50.9}",{'profit_margin_pct': 24.2},32.67,35.0,29.0,3.0,buy,10.0,,,63.0,112.2,,,,,,100.0,0.0,0.0,,47.1,0.0,15.0,22.1,2026-02-27 07:40:36,2026-02-27,CORRECTION,AVOID,False,0,Error: Too Many Requests. Rate limited. Try after a while.,ACCUMULATION,60,"Moderate accumulation (1.2x ratio, 51% up volume)",MEDIUM_FLOAT,28.3,15.0,37.1,95.0,False,up,90.6,5.0,,0,True,2,2.0,6,42.0,88.1,Top 25%,70.1,3.0,0.0,5.0,10.0,0.0,0.0,5.0,5.0,False,1/3,46.44,0.0,0.0,1.25,0.0,âšª WEAK,ðŸŸ¡ Average,AVOID,35.0,Near ATH (-4.2% from high) - poor entry point,-4.2,NEUTRAL,BUY,False
SEI,0.0,50.0,30.85,,,"Solaris Energy Infrastructure, ",68.5,Energy,Oil & Gas Equipment & Services,50.0,80.0,86.3,65.0,65.0,55.22,3963776000,95.0,93.2,False,up,,,0,73.3,False,0,27.4,4.3,True,61.36,-10.0,8.0,True,"{'roe_pct': 7.7, 'debt_to_equity': 0.63, 'operating_margin_pct': 22.2}",{'profit_margin_pct': 4.8},66.3,71.0,62.0,10.0,strong_buy,20.1,,,9.4,-83.0,,,,,,100.0,0.0,0.0,,43.6,0.0,15.0,20.6,2026-02-27 07:40:36,2026-02-27,CORRECTION,AVOID,True,100,Passes Minervini Template (6/6 criteria),ACCUMULATION,60,"Moderate accumulation (1.1x ratio, 52% up volume)",MEDIUM_FLOAT,43.6,15.0,35.6,95.0,False,up,93.2,5.0,,0,False,0,0.0,1,42.0,100.0,Top 10%,96.6,5.0,0.0,3.0,10.0,0.0,0.0,5.0,5.0,False,2/3,46.400000000000006,8.0,0.0,2.51,1.0,âšª WEAK,ðŸŸ¡ Average,,,,,,,
SHBI,0.0,50.0,30.06,,,"Shore Bancshares, Inc.",60.6,Financial Services,Banks - Regional,60.0,50.0,71.9,65.0,60.0,19.41,648813312,80.0,80.1,False,flat,,,0,6.6,False,0,1.8,3.0,False,20.68,-6.1,8.0,True,"{'roe_pct': 10.5, 'operating_margin_pct': 42.0}",{'profit_margin_pct': 27.5},21.12,22.0,20.0,4.0,buy,8.8,,,34.35,77.0,,,,,,80.0,0.0,0.0,,42.2,0.0,15.0,18.2,2026-02-27 07:40:36,2026-02-27,CORRECTION,AVOID,True,100,Passes Minervini Template (6/6 criteria),STRONG_ACCUMULATION,75,"Strong institutional buying (1.6x ratio, 60% up volume)",MEDIUM_FLOAT,30.4,15.0,33.2,80.0,False,flat,80.1,3.0,,0,False,0,0.0,6,42.0,88.1,Top 25%,70.1,3.0,0.0,3.0,10.0,0.0,0.0,5.0,0.0,False,2/3,46.239999999999995,0.0,0.0,1.1,0.0,âšª WEAK,ðŸŸ¡ Average,,,,,,,
AROW,0.0,50.0,30.81,,,Arrow Financial Corporation,68.1,Financial Services,Banks - Regional,60.0,80.0,76.7,65.0,50.0,34.43,566213120,80.0,81.4,False,up,,,0,26.3,True,1,0.7,1.4,False,36.44,-5.5,8.0,True,"{'roe_pct': 10.6, 'operating_margin_pct': 40.7}",{'profit_margin_pct': 27.8},34.5,34.5,34.5,1.0,none,0.2,,,79.5,130.9,,,,,,90.0,0.0,0.0,,33.4,0.0,15.0,20.4,2026-02-27 07:40:36,2026-02-27,CORRECTION,AVOID,False,0,Error: Too Many Requests. Rate limited. Try after a while.,DISTRIBUTION,35,"Moderate distribution (0.7x ratio, 40% up volume)",LOW_FLOAT,14.0,30.0,35.4,80.0,False,up,81.4,5.0,,0,True,1,2.0,6,42.0,88.1,Top 25%,70.1,3.0,0.0,3.0,10.0,0.0,0.0,5.0,0.0,False,0/3,46.239999999999995,0.0,0.0,0.02,-3.0,âšª WEAK,ðŸŸ¡ Average,,,,,,,
SELF,0.0,50.0,6.800000000000001,,,"Global Self Storage, Inc.",53.0,Real Estate,REIT - Specialty,55.0,50.0,36.0,75.0,55.0,5.03,57031360,15.0,6.0,False,flat,,,0,1.2,False,0,0.2,0.4,False,5.89,-14.6,2.0,False,"{'roe_pct': 3.8, 'debt_to_equity': 0.34, 'current_ratio': 4.14, 'operating_margin_pct': 23.3}",{'profit_margin_pct': 14.1},6.25,6.5,6.0,2.0,none,24.3,4.82,-4.2,1.6,-68.2,,,,,,100.0,0.0,0.0,,0.0,0.0,15.0,15.9,2026-02-27 07:40:36,2026-02-27,CORRECTION,AVOID,False,33,Price below 150/200 MA - weak trend,STRONG_DISTRIBUTION,15,"Strong selling pressure (0.6x ratio, 33% up volume)",LOW_FLOAT,10.5,55.0,30.9,15.0,False,flat,6.0,0.0,,0,False,0,0.0,22,42.0,50.0,Medio,35.9,0.0,0.0,3.0,-5.0,0.0,0.0,5.0,5.0,False,0/3,46.2,8.0,0.0,3.04,3.0,âšª WEAK,ðŸŸ¡ Average,,,,,,,
BFC,0.0,50.0,30.05,,,Bank First Corporation,60.5,Financial Services,Banks - Regional,60.0,60.0,63.9,65.0,50.0,141.94,1592281728,60.0,70.9,False,up,,,0,6.8,True,1,3.3,6.2,False,153.0,-7.2,8.0,True,"{'roe_pct': 11.1, 'operating_margin_pct': 55.8}",{'profit_margin_pct': 41.4},155.0,160.0,150.0,2.0,none,9.2,,,72.2,-49.1,,,,,,90.0,0.0,0.0,,38.2,0.0,15.0,18.2,2026-02-27 07:40:36,2026-02-27,CORRECTION,AVOID,False,0,Error: Too Many Requests. Rate limited. Try after a while.,NEUTRAL,45,"No clear pattern (1.0x ratio, 48% up volume)",MICRO_FLOAT,8.9,20.0,33.2,60.0,False,up,70.9,2.0,,0,True,1,2.0,6,42.0,88.1,Top 25%,70.1,3.0,0.0,3.0,10.0,0.0,0.0,5.0,0.0,False,0/3,46.2,0.0,0.0,1.15,0.0,âšª WEAK,ðŸŸ¡ Average,,,,,,,
RRBI,0.0,50.0,36.8,,,"Red River Bancshares, Inc.",68.0,Financial Services,Banks - Regional,60.0,70.0,89.0,65.0,50.0,90.17,593012928,95.0,90.4,False,up,,,0,11.3,True,1,2.0,2.2,False,93.9,-4.0,8.0,True,"{'roe_pct': 12.0, 'operating_margin_pct': 44.9}",{'profit_margin_pct': 34.1},93.5,97.0,90.0,2.0,none,3.7,,,168.43,86.8,,,,,,70.0,0.0,0.0,,50.4,0.0,15.0,20.4,2026-02-27 07:40:36,2026-02-27,CORRECTION,AVOID,True,100,Passes Minervini Template (6/6 criteria),STRONG_ACCUMULATION,95,"Strong institutional buying (2.0x ratio, 64% up volume)",MICRO_FLOAT,5.1,15.0,35.4,95.0,False,up,90.4,5.0,,0,True,1,2.0,6,42.0,88.1,Top 25%,70.1,3.0,0.0,5.0,10.0,0.0,0.0,5.0,0.0,False,2/3,46.2,0.0,0.0,0.46,-3.0,âšª WEAK,ðŸŸ¡ Average,AVOID,30.0,Near ATH (-2.9% from high) - poor entry point,-2.9,NEUTRAL,NONE,False
MWA,0.0,50.0,31.03,,,MUELLER WATER PRODUCTS,55.3,Industrials,Specialty Industrial Machinery,55.0,30.0,66.6,80.0,60.0,29.9,4675920896,60.0,57.1,False,up,,,0,-12.7,False,0,3.9,3.2,False,30.47,-1.9,7.0,True,"{'roe_pct': 21.6, 'debt_to_equity': 0.44, 'current_ratio': 4.02, 'operating_margin_pct': 18.9}",{'profit_margin_pct': 13.8},30.33,35.0,25.0,6.0,buy,1.4,31.27,4.6,28.83,-3.6,,,,,,90.0,0.0,0.0,,38.6,0.0,15.0,16.6,2026-02-27 07:40:36,2026-02-27,CORRECTION,AVOID,True,100,Passes Minervini Template (6/6 criteria),ACCUMULATION,60,"Moderate accumulation (1.0x ratio, 48% up volume)",HIGH_FLOAT,154.1,15.0,31.6,60.0,False,up,57.1,2.0,,0,False,0,0.0,7,42.0,85.7,Top 25%,66.6,3.0,0.0,5.0,7.0,0.0,0.0,5.0,0.0,False,2/3,46.12,0.0,0.0,0.18,-3.0,âšª WEAK,ðŸŸ¡ Average,,,,,,,
INSE,0.0,50.0,5.25,,,"Inspired Entertainment, Inc.",52.5,Consumer Cyclical,Gambling,55.0,50.0,38.7,65.0,60.0,8.21,221069584,15.0,17.1,False,down,,,0,7.2,False,0,3.6,9.7,False,11.316,-27.4,3.0,False,"{'current_ratio': 1.82, 'operating_margin_pct': 18.3}",{'profit_margin_pct': 18.5},13.5,20.0,11.0,6.0,none,64.4,23.51,186.4,19.6,138.7,,,,,,80.0,0.0,0.0,,20.8,0.0,15.0,15.8,2026-02-27 07:40:36,2026-02-27,CORRECTION,AVOID,False,0,Error: Too Many Requests. Rate limited. Try after a while.,ACCUMULATION,60,"Moderate accumulation (1.0x ratio, 49% up volume)",LOW_FLOAT,24.0,15.0,30.8,15.0,False,down,17.1,0.0,,0,False,0,0.0,,42.0,,Sin datos suficientes,17.1,0.0,0.0,0.0,0.0,0.0,0.0,5.0,0.0,False,1/3,46.0,0.0,0.0,8.05,3.0,âšª WEAK,ðŸŸ¡ Average,,,,,,,
BBT,0.0,50.0,37.24,,,Beacon Financial Corporation,72.4,Financial Services,Banks - Regional,55.0,100.0,79.4,60.0,60.0,31.19,2617117440,80.0,86.0,False,up,,,0,58.1,True,2,5.1,4.4,False,31.95,-2.4,8.0,True,"{'roe_pct': 4.9, 'operating_margin_pct': 46.1}",{'profit_margin_pct': 17.6},34.57,42.0,31.0,7.0,buy,10.8,,,30.9,-0.9,,,,,,90.0,0.0,0.0,,47.7,0.0,15.0,21.7,2026-02-27 07:40:36,2026-02-27,CORRECTION,AVOID,False,0,Error: Too Many Requests. Rate limited. Try after a while.,ACCUMULATION,65,"Moderate accumulation (1.3x ratio, 56% up volume)",HIGH_FLOAT,82.9,15.0,36.7,80.0,False,up,86.0,5.0,,0,True,2,2.0,6,42.0,88.1,Top 25%,70.1,3.0,1.0,5.0,10.0,0.0,0.0,5.0,5.0,False,1/3,45.96000000000001,0.0,0.0,1.35,0.0,âšª WEAK,ðŸŸ¡ Average,AVOID,35.0,Near ATH (-3.0% from high) - poor entry point,-3.0,NEUTRAL,BUY,False
HKHC,0.0,50.0,0.0,,,Horizon Kinetics Holding Corpor,59.9,Financial Services,Asset Management,60.0,60.0,38.3,95.0,50.0,32.99,614779264,35.0,30.3,False,up,,,0,15.8,False,0,,,False,47.0,-29.8,2.0,False,"{'roe_pct': 49.2, 'debt_to_equity': 0.0, 'current_ratio': 4.58, 'operating_margin_pct': 20.8}",{'profit_margin_pct': 126.4},,,,,none,,,,,,,,,,,100.0,0.0,0.0,,17.0,0.0,15.0,18.0,2026-02-27 07:40:36,2026-02-27,CORRECTION,AVOID,False,0,Error: Too Many Requests. Rate limited. Try after a while.,STRONG_ACCUMULATION,100,"Strong institutional buying (2.9x ratio, 72% up volume)",MICRO_FLOAT,8.2,15.0,33.0,35.0,False,up,30.3,2.0,,0,False,0,0.0,34,42.0,21.4,Bottom 25%,19.3,-3.0,0.0,0.0,-5.0,0.0,0.0,5.0,0.0,False,1/3,45.866,0.0,0.0,,0.0,âšª WEAK,ðŸŸ¡ Average,,,,,,,
NLCP,0.0,50.0,19.46,,,"NewLake Capital Partners, Inc.",59.6,Real Estate,REIT - Specialty,60.0,50.0,56.6,85.0,50.0,14.86,310949536,35.0,45.3,False,up,,,0,0.6,False,0,,,False,16.75,-11.3,5.0,False,"{'roe_pct': 6.7, 'debt_to_equity': 0.02, 'current_ratio': 2.75, 'operating_margin_pct': 54.9}",{'profit_margin_pct': 51.3},15.5,16.0,15.0,2.0,none,4.3,24.81,67.0,12.7,-14.5,,,,,,70.0,0.0,0.0,,25.9,0.0,15.0,17.9,2026-02-27 07:40:36,2026-02-27,CORRECTION,AVOID,True,100,Passes Minervini Template (6/6 criteria),STRONG_ACCUMULATION,75,"Strong institutional buying (1.7x ratio, 61% up volume)",LOW_FLOAT,16.3,15.0,32.9,35.0,False,up,45.3,2.0,,0,False,0,0.0,22,42.0,50.0,Medio,35.9,0.0,0.0,3.0,3.0,0.0,0.0,5.0,5.0,False,2/3,45.84,8.0,0.0,0.54,-3.0,âšª WEAK,ðŸŸ¡ Average,,,,,,,
FPI,0.0,50.0,31.45,,,Farmland Partners Inc.,59.5,Real Estate,REIT - Specialty,60.0,50.0,71.4,65.0,50.0,12.96,582077440,60.0,74.6,False,up,,,0,-47.6,True,2,7.6,4.9,False,12.995,-0.3,7.0,True,"{'roe_pct': 5.7, 'debt_to_equity': 0.3, 'current_ratio': 0.62, 'operating_margin_pct': 60.7}",{'profit_margin_pct': 60.2},13.0,14.0,12.5,3.0,hold,0.3,,,12.6,-2.8,,,,,,70.0,0.0,0.0,,34.8,0.0,15.0,17.8,2026-02-27 07:40:36,2026-02-27,CORRECTION,AVOID,False,0,Error: Too Many Requests. Rate limited. Try after a while.,STRONG_ACCUMULATION,100,"Strong institutional buying (2.4x ratio, 69% up volume)",MEDIUM_FLOAT,39.7,15.0,32.8,60.0,False,up,74.6,2.0,,0,True,2,2.0,22,42.0,50.0,Medio,35.9,0.0,1.0,5.0,7.0,0.0,0.0,5.0,5.0,False,1/3,45.8,8.0,0.0,0.04,-3.0,âšª WEAK,ðŸŸ¡ Average,,,,,,,
SPGI,0.0,50.0,0.0,,,S&P Global Inc.,51.5,Financial Services,Financial Data & Stock Exchanges,60.0,50.0,24.0,65.0,65.0,423.61,128269107200,15.0,13.7,False,down,,,0,3.7,False,0,1.6,1.5,False,579.05,-26.8,0.0,False,"{'roe_pct': 13.1, 'debt_to_equity': 0.38, 'current_ratio': 0.82, 'operating_margin_pct': 38.3}",{'profit_margin_pct': 29.2},537.9,625.0,480.0,21.0,strong_buy,27.0,692.29,63.4,439.8,3.8,,,,,,90.0,0.0,0.0,,5.0,0.0,15.0,15.4,2026-02-27 07:40:36,2026-02-27,CORRECTION,AVOID,False,16,Price below 150/200 MA - weak trend,ACCUMULATION,60,"Moderate accumulation (1.1x ratio, 52% up volume)",MEGA_FLOAT,298.1,38.0,30.4,15.0,False,down,13.7,0.0,,0,False,0,0.0,,42.0,,Sin datos suficientes,13.7,0.0,0.0,0.0,-5.0,0.0,0.0,5.0,0.0,False,1/3,45.6,0.0,0.0,3.38,3.0,âšª WEAK,ðŸŸ¡ Average,,,,,,,
NGS,0.0,50.0,36.6,,,"Natural Gas Services Group, Inc",66.0,Energy,Oil & Gas Equipment & Services,55.0,60.0,91.0,75.0,50.0,38.46,483400544,100.0,100.0,True,up,,,0,6.7,True,1,2.1,1.5,False,38.635,-0.5,8.0,True,"{'roe_pct': 7.2, 'debt_to_equity': 0.77, 'current_ratio': 1.83, 'operating_margin_pct': 24.7}",{'profit_margin_pct': 11.2},41.5,45.0,39.0,4.0,none,7.9,,,22.05,-42.7,,,,,,90.0,0.0,0.0,,51.8,0.0,15.0,19.8,2026-02-27 07:40:36,2026-02-27,CORRECTION,AVOID,True,100,Passes Minervini Template (6/6 criteria),STRONG_ACCUMULATION,75,"Strong institutional buying (1.5x ratio, 60% up volume)",LOW_FLOAT,11.5,15.0,34.8,100.0,True,up,100.0,10.0,,0,True,1,2.0,1,42.0,100.0,Top 10%,96.6,5.0,0.0,5.0,10.0,0.0,0.0,5.0,5.0,False,2/3,45.400000000000006,8.0,0.0,0.99,-3.0,âšª WEAK,ðŸŸ¡ Average,AVOID,30.0,Near ATH (-0.6% from high) - poor entry point,-0.6,NEUTRAL,NONE,False
CWT,0.0,50.0,14.8,,,California Water Service Group,58.0,Utilities,Utilities - Regulated Water,55.0,80.0,36.0,55.0,60.0,46.64,2779340032,15.0,16.6,False,up,,,0,40.1,False,0,2.5,2.8,False,51.63,-9.7,3.0,False,"{'roe_pct': 8.1, 'debt_to_equity': 0.89, 'current_ratio': 0.55, 'operating_margin_pct': 27.6}",{'profit_margin_pct': 13.6},52.0,55.0,49.0,2.0,strong_buy,11.5,,,22.8,-51.1,,,,,,70.0,0.0,0.0,,7.399999999999999,0.0,15.0,17.4,2026-02-27 07:40:36,2026-02-27,CORRECTION,AVOID,False,0,Error: Too Many Requests. Rate limited. Try after a while.,DISTRIBUTION,35,"Moderate distribution (0.9x ratio, 43% up volume)",HIGH_FLOAT,59.1,30.0,32.4,15.0,False,up,16.6,2.0,,0,False,0,0.0,,42.0,,Sin datos suficientes,16.6,0.0,0.0,3.0,0.0,0.0,0.0,5.0,5.0,False,0/3,45.2,8.0,0.0,1.44,0.0,âšª WEAK,ðŸŸ¡ Average,,,,,,,
IIPR,0.0,50.0,5.05,,,Innovative Industrial Propertie,50.5,Real Estate,REIT - Industrial,60.0,40.0,38.7,65.0,50.0,52.8,1479613056,15.0,21.3,False,down,,,0,-15.7,True,1,17.5,11.9,True,74.92,-29.5,3.0,False,"{'roe_pct': 6.2, 'debt_to_equity': 0.21, 'current_ratio': 0.2, 'operating_margin_pct': 48.3}",{'profit_margin_pct': 44.5},57.5,90.0,45.0,4.0,hold,8.9,89.67,69.8,42.3,-19.9,,,,,,100.0,0.0,0.0,,12.2,0.0,15.0,15.2,2026-02-27 07:40:36,2026-02-27,CORRECTION,AVOID,False,0,Error: Too Many Requests. Rate limited. Try after a while.,NEUTRAL,45,"No clear pattern (0.8x ratio, 41% up volume)",MEDIUM_FLOAT,27.6,20.0,30.2,15.0,False,down,21.3,0.0,,0,True,1,2.0,33,42.0,23.8,Bottom 25%,19.8,-3.0,3.0,0.0,0.0,0.0,0.0,5.0,5.0,False,0/3,45.2,8.0,0.0,1.11,0.0,âšª WEAK,ðŸŸ¡ Average,,,,,,,
PLX,0.0,50.0,31.05,,,"Protalix BioTherapeutics, Inc. ",55.5,Healthcare,Biotechnology,50.0,30.0,75.0,80.0,60.0,3.03,243676192,60.0,63.8,False,up,,,0,-2.0,False,0,5.9,3.2,False,3.17,-4.4,7.0,True,"{'roe_pct': 12.6, 'debt_to_equity': 0.15, 'current_ratio': 3.03, 'operating_margin_pct': 11.9}",{'profit_margin_pct': 8.7},11.0,12.0,10.0,2.0,none,263.0,,,0.8,-73.6,,,,,,90.0,0.0,0.0,,36.6,0.0,15.0,16.6,2026-02-27 07:40:36,2026-02-27,CORRECTION,AVOID,True,100,Passes Minervini Template (6/6 criteria),STRONG_ACCUMULATION,75,"Strong institutional buying (1.7x ratio, 60% up volume)",HIGH_FLOAT,71.9,15.0,31.6,60.0,False,up,63.8,2.0,,0,False,0,0.0,19,42.0,57.1,Medio,42.5,0.0,1.0,5.0,7.0,0.0,0.0,5.0,0.0,False,2/3,45.2,5.0,0.0,32.88,3.0,âšª WEAK,ðŸŸ¡ Average,,,,,,,
ATEX,0.0,50.0,23.28,,,Anterix Inc.,67.8,Communication Services,Telecom Services,60.0,60.0,75.0,85.0,70.0,36.45,682813760,60.0,59.5,False,up,,,0,13.2,False,0,12.5,4.7,True,39.62,-8.0,6.0,False,"{'roe_pct': 42.7, 'debt_to_equity': 0.02, 'current_ratio': 1.39, 'operating_margin_pct': -618.6}",{'profit_margin_pct': 1370.9},55.33,72.0,44.0,3.0,strong_buy,51.8,,,43.5,19.3,,,,,,90.0,0.0,0.0,,23.299999999999997,0.0,15.0,20.3,2026-02-27 07:40:36,2026-02-27,CORRECTION,AVOID,False,0,Error: Too Many Requests. Rate limited. Try after a while.,STRONG_ACCUMULATION,100,"Strong institutional buying (2.2x ratio, 68% up volume)",LOW_FLOAT,12.8,15.0,35.3,60.0,False,up,59.5,2.0,,0,False,0,0.0,29,42.0,33.3,Bajo 50%,21.3,0.0,3.0,3.0,5.0,0.0,0.0,5.0,15.0,False,1/3,45.12,0.0,0.0,6.48,3.0,âšª WEAK,ðŸŸ¡ Average,,,,,,,
SEVN,0.0,50.0,0.0,,,Seven Hills Realty Trust,47.3,Real Estate,REIT - Mortgage,60.0,30.0,24.0,70.0,65.0,8.85,199997472,15.0,7.5,False,down,,,0,-12.9,False,0,2.6,4.5,False,13.02,-32.0,1.0,False,"{'roe_pct': 5.2, 'debt_to_equity': 1.48, 'current_ratio': 1.69, 'operating_margin_pct': 60.8}",{'profit_margin_pct': 52.9},10.5,11.5,10.0,3.0,strong_buy,18.6,,,10.4,17.5,,,,,,70.0,0.0,0.0,,0.0,0.0,15.0,14.2,2026-02-27 07:40:36,2026-02-27,CORRECTION,AVOID,False,0,Price below 150/200 MA - weak trend,ACCUMULATION,60,"Moderate accumulation (1.1x ratio, 49% up volume)",LOW_FLOAT,21.8,35.0,29.2,15.0,False,down,7.5,0.0,,0,False,0,0.0,39,42.0,9.5,Bottom 25%,3.8,-3.0,0.0,-5.0,-5.0,0.0,0.0,5.0,5.0,False,1/3,44.92,8.0,0.0,2.33,1.0,âšª WEAK,ðŸ”´ Weak,,,,,,,
RSG,0.0,50.0,6.55,,,"Republic Services, Inc.",50.5,Industrials,Waste Management,55.0,50.0,36.0,55.0,60.0,221.59,68596195328,15.0,12.1,False,up,,,0,4.1,False,0,1.4,1.9,False,258.75,-14.4,2.0,False,"{'roe_pct': 18.3, 'debt_to_equity': 1.15, 'current_ratio': 0.64, 'operating_margin_pct': 19.5}",{'profit_margin_pct': 12.9},244.04,270.0,190.0,24.0,buy,10.1,101.53,-54.2,68.5,-69.1,,,,,,70.0,0.0,0.0,,5.0,0.0,15.0,15.2,2026-02-27 07:40:36,2026-02-27,CORRECTION,AVOID,False,16,Price below 150/200 MA - weak trend,ACCUMULATION,60,"Moderate accumulation (1.1x ratio, 51% up volume)",MEGA_FLOAT,308.1,38.0,30.2,15.0,False,up,12.1,2.0,,0,False,0,0.0,35,42.0,19.0,Bottom 25%,13.3,-3.0,0.0,3.0,-5.0,0.0,0.0,5.0,0.0,False,1/3,44.2,0.0,0.0,1.26,0.0,âšª WEAK,ðŸ”´ Weak,,,,,,,
UMH,0.0,50.0,5.2,,,"UMH Properties, Inc.",52.0,Real Estate,REIT - Residential,55.0,50.0,38.7,65.0,55.0,16.19,1379884672,15.0,23.2,False,flat,,,0,8.2,False,0,4.2,6.7,False,19.14,-15.4,4.0,False,"{'roe_pct': 3.0, 'debt_to_equity': 0.73, 'current_ratio': 10.85, 'operating_margin_pct': 19.0}",{'profit_margin_pct': 10.5},19.36,23.5,16.0,7.0,none,19.6,11.81,-27.1,0.8,-95.1,,,,,,70.0,0.0,0.0,,0.0,0.0,15.0,15.6,2026-02-27 07:40:36,2026-02-27,CORRECTION,AVOID,False,33,150 MA below 200 MA - not in Stage 2,DISTRIBUTION,35,"Moderate distribution (0.9x ratio, 43% up volume)",HIGH_FLOAT,79.9,50.0,30.6,15.0,False,flat,23.2,0.0,,0,False,0,0.0,30,42.0,31.0,Bajo 50%,21.1,0.0,0.0,0.0,0.0,0.0,0.0,5.0,5.0,False,0/3,43.8,8.0,0.0,2.45,1.0,âšª WEAK,ðŸ”´ Weak,,,,,,,
PKBK,0.0,50.0,37.35,,,"Parke Bancorp, Inc.",73.5,Financial Services,Banks - Regional,60.0,90.0,91.0,65.0,50.0,28.64,339303712,100.0,94.0,True,up,,,0,25.4,True,2,1.0,1.2,False,29.5,-2.9,8.0,True,"{'roe_pct': 12.1, 'operating_margin_pct': 68.9}",{'profit_margin_pct': 48.8},,,,,none,,,,94.8,231.0,,,,,,90.0,0.0,0.0,,57.0,0.0,15.0,22.0,2026-02-27 07:40:36,2026-02-27,CORRECTION,AVOID,True,100,Passes Minervini Template (6/6 criteria),STRONG_ACCUMULATION,75,"Strong institutional buying (1.8x ratio, 63% up volume)",MICRO_FLOAT,9.2,15.0,37.0,100.0,True,up,94.0,10.0,,0,True,2,2.0,6,42.0,88.1,Top 25%,70.1,3.0,0.0,5.0,10.0,0.0,0.0,5.0,0.0,False,2/3,43.69,0.0,0.0,,0.0,âšª WEAK,ðŸ”´ Weak,AVOID,30.0,Near ATH (-2.5% from high) - poor entry point,-2.5,NEUTRAL,NONE,False
SGU,0.0,50.0,21.509999999999998,,,Star Group L.P.,50.1,Energy,Oil & Gas Refining & Marketing,50.0,50.0,50.3,50.0,50.0,12.96,426112576,35.0,26.9,False,up,,,0,-27.4,True,2,0.2,1.7,False,13.75,-5.7,6.0,False,"{'roe_pct': 24.9, 'debt_to_equity': 1.11, 'current_ratio': 0.73, 'operating_margin_pct': 9.9}",{'profit_margin_pct': 4.1},,,,,none,,27.83,114.7,25.92,100.0,,,,,,90.0,0.0,0.0,,32.0,0.0,15.0,15.0,2026-02-27 07:40:36,2026-02-27,CORRECTION,AVOID,True,83,Passes Minervini Template (5/6 criteria),ACCUMULATION,65,"Moderate accumulation (1.4x ratio, 56% up volume)",MEDIUM_FLOAT,26.6,15.0,30.0,35.0,False,up,26.9,2.0,,0,True,2,2.0,,42.0,,Sin datos suficientes,26.9,0.0,0.0,3.0,5.0,0.0,0.0,5.0,0.0,False,2/3,43.384,8.0,0.0,,0.0,âšª WEAK,ðŸ”´ Weak,,,,,,,
AMRZ,0.0,50.0,21.79,,,Amrize Ltd,67.9,Basic Materials,Building Materials,55.0,70.0,79.4,80.0,60.0,63.39,35796467712,80.0,82.7,False,up,,,0,29.0,False,0,,2.9,False,65.9,-3.8,,,"{'roe_pct': 10.2, 'debt_to_equity': 0.48, 'current_ratio': 1.64, 'operating_margin_pct': 17.3}",{'profit_margin_pct': 10.0},66.12,75.0,57.0,20.0,buy,4.3,43.18,-31.9,21.4,-66.2,,,,,,80.0,0.0,0.0,,32.4,0.0,15.0,20.4,2026-02-27 07:40:36,2026-02-27,CORRECTION,AVOID,False,0,Error: Too Many Requests. Rate limited. Try after a while.,ACCUMULATION,60,"Moderate accumulation (1.1x ratio, 52% up volume)",MEGA_FLOAT,493.1,18.0,35.4,80.0,False,up,82.7,5.0,,0,False,0,0.0,12,42.0,73.8,Medio,50.8,0.0,0.0,5.0,0.0,0.0,0.0,5.0,0.0,False,1/3,43.160000000000004,0.0,0.0,0.54,-3.0,âšª WEAK,ðŸ”´ Weak,,,,,,,
CNK,0.0,50.0,0.0,,,Cinemark Holdings Inc Cinemark ,47.2,Communication Services,Entertainment,50.0,50.0,36.0,40.0,65.0,26.0,3054373376,15.0,21.3,False,up,,,0,5.3,False,0,12.7,4.3,True,34.01,-23.6,2.0,False,"{'roe_pct': 27.8, 'debt_to_equity': 7.23, 'current_ratio': 0.71, 'operating_margin_pct': 9.1}",{'profit_margin_pct': 4.4},31.82,37.0,22.0,11.0,buy,22.4,18.28,-29.7,11.0,-57.7,,,,,,90.0,0.0,0.0,,19.2,0.0,15.0,14.2,2026-02-27 07:40:36,2026-02-27,CORRECTION,AVOID,False,0,Error: Too Many Requests. Rate limited. Try after a while.,ACCUMULATION,65,"Moderate accumulation (1.5x ratio, 58% up volume)",HIGH_FLOAT,97.0,15.0,29.2,15.0,False,up,21.3,2.0,,0,False,0,0.0,27,42.0,38.1,Bajo 50%,22.0,0.0,3.0,0.0,-5.0,0.0,0.0,5.0,0.0,False,1/3,42.88,0.0,0.0,2.8,1.0,âšª WEAK,ðŸ”´ Weak,,,,,,,
CMPR,0.0,50.0,25.66,,,Cimpress PLC,61.6,Industrials,Specialty Business Services,50.0,90.0,60.3,40.0,60.0,72.1,1778835584,60.0,72.4,False,down,,,0,32.0,True,1,13.8,15.3,True,82.43,-12.5,7.0,True,"{'current_ratio': 0.68, 'operating_margin_pct': 8.6}",{'profit_margin_pct': 0.7},97.5,100.0,95.0,2.0,none,35.2,111.84,55.1,9.8,-86.4,,,,,,70.0,0.0,0.0,,23.5,0.0,15.0,18.5,2026-02-27 07:40:36,2026-02-27,CORRECTION,AVOID,False,0,Error: Too Many Requests. Rate limited. Try after a while.,DISTRIBUTION,35,"Moderate distribution (0.8x ratio, 44% up volume)",LOW_FLOAT,13.7,30.0,33.5,60.0,False,down,72.4,0.0,,0,True,1,2.0,15,42.0,66.7,Medio,48.8,0.0,3.0,3.0,7.0,0.0,0.0,5.0,0.0,False,0/3,42.64,0.0,0.0,4.4,3.0,âšª WEAK,ðŸ”´ Weak,,,,,,,
HHH,0.0,50.0,5.07,,,Howard Hughes Holdings Inc.,50.7,Real Estate,Real Estate - Development,50.0,50.0,36.0,60.0,70.0,72.77,4322459136,15.0,0.0,False,down,,,0,-60.3,True,2,6.3,5.7,False,91.07,-20.1,4.0,False,"{'roe_pct': 3.7, 'debt_to_equity': 1.33, 'current_ratio': 1.9, 'operating_margin_pct': 7.4}",{'profit_margin_pct': 8.4},94.67,100.0,89.0,3.0,buy,30.1,117.63,61.6,54.0,-25.8,,,,,,90.0,0.0,0.0,,13.2,0.0,15.0,15.2,2026-02-27 07:40:36,2026-02-27,CORRECTION,AVOID,False,0,Error: Too Many Requests. Rate limited. Try after a while.,NEUTRAL,40,"No clear pattern (0.8x ratio, 43% up volume)",MEDIUM_FLOAT,30.5,20.0,30.2,15.0,False,down,0.0,0.0,,0,True,2,2.0,,42.0,,Sin datos suficientes,0.0,0.0,1.0,0.0,0.0,0.0,0.0,5.0,5.0,False,0/3,41.28,8.0,0.0,3.76,3.0,âšª WEAK,ðŸ”´ Weak,,,,,,,
GBCI,0.0,50.0,25.26,,,"Glacier Bancorp, Inc.",57.6,Financial Services,Banks - Regional,60.0,60.0,50.3,60.0,55.0,48.5,6302155776,35.0,49.2,False,up,,,0,17.1,False,0,5.3,4.6,False,53.99,-10.2,7.0,True,"{'roe_pct': 6.4, 'operating_margin_pct': 34.3}",{'profit_margin_pct': 24.9},56.5,59.0,54.0,6.0,none,16.5,,,20.0,-58.8,,,,,,100.0,0.0,0.0,,33.3,0.0,15.0,17.3,2026-02-27 07:40:36,2026-02-27,CORRECTION,AVOID,False,0,Error: Too Many Requests. Rate limited. Try after a while.,STRONG_ACCUMULATION,75,"Strong institutional buying (1.7x ratio, 62% up volume)",HIGH_FLOAT,129.3,15.0,32.3,35.0,False,up,49.2,2.0,,0,False,0,0.0,6,42.0,88.1,Top 25%,70.1,3.0,1.0,3.0,7.0,0.0,0.0,5.0,5.0,False,1/3,41.040000000000006,0.0,0.0,2.06,1.0,âšª WEAK,ðŸ”´ Weak,,,,,,,
OVLY,0.0,50.0,36.46,,,Oak Valley Bancorp (CA),64.6,Financial Services,Banks - Regional,60.0,70.0,71.9,65.0,50.0,33.03,277062944,80.0,85.0,False,up,,,0,9.8,True,2,0.5,2.4,False,34.16,-3.3,8.0,True,"{'roe_pct': 12.5, 'operating_margin_pct': 39.9}",{'profit_margin_pct': 29.5},,,,,none,,,,28.8,-12.8,,,,,,70.0,0.0,0.0,,49.4,0.0,15.0,19.4,2026-02-27 07:40:36,2026-02-27,CORRECTION,AVOID,True,100,Passes Minervini Template (6/6 criteria),ACCUMULATION,60,"Moderate accumulation (1.2x ratio, 52% up volume)",MICRO_FLOAT,7.1,15.0,34.4,80.0,False,up,85.0,5.0,,0,True,2,2.0,6,42.0,88.1,Top 25%,70.1,3.0,0.0,5.0,10.0,0.0,0.0,5.0,0.0,False,2/3,40.663999999999994,0.0,0.0,,0.0,âšª WEAK,ðŸ”´ Weak,AVOID,30.0,Near ATH (-3.7% from high) - poor entry point,-3.7,NEUTRAL,NONE,False
BPRN,0.0,50.0,19.41,,,"Princeton Bancorp, Inc.",59.1,Financial Services,Banks - Regional,60.0,60.0,60.3,60.0,50.0,34.69,234712528,60.0,51.2,False,down,,,0,7.5,True,1,0.9,3.3,False,37.99,-8.7,5.0,False,"{'roe_pct': 7.0, 'operating_margin_pct': 40.6}",{'profit_margin_pct': 24.0},37.5,37.5,37.5,1.0,none,8.1,,,52.57,51.5,,,,,,100.0,0.0,0.0,,23.700000000000003,0.0,15.0,17.7,2026-02-27 07:40:36,2026-02-27,CORRECTION,AVOID,False,0,Error: Too Many Requests. Rate limited. Try after a while.,NEUTRAL,40,"No clear pattern (0.9x ratio, 47% up volume)",MICRO_FLOAT,5.0,20.0,32.7,60.0,False,down,51.2,0.0,,0,True,1,2.0,6,42.0,88.1,Top 25%,70.1,3.0,0.0,3.0,3.0,0.0,0.0,5.0,5.0,False,0/3,40.64,0.0,0.0,1.01,0.0,âšª WEAK,ðŸ”´ Weak,,,,,,,
SMBK,0.0,50.0,29.83,,,"SmartFinancial, Inc.",58.3,Financial Services,Banks - Regional,60.0,50.0,63.9,60.0,60.0,41.11,700075200,60.0,70.2,False,up,,,0,0.6,False,0,0.7,1.4,False,43.91,-6.4,8.0,True,"{'roe_pct': 9.6, 'operating_margin_pct': 38.8}",{'profit_margin_pct': 26.1},44.5,48.0,42.0,6.0,buy,8.2,,,89.4,117.5,,,,,,70.0,0.0,0.0,,35.5,0.0,15.0,17.5,2026-02-27 07:40:36,2026-02-27,CORRECTION,AVOID,True,100,Passes Minervini Template (6/6 criteria),ACCUMULATION,60,"Moderate accumulation (1.0x ratio, 49% up volume)",LOW_FLOAT,15.0,15.0,32.5,60.0,False,up,70.2,2.0,,0,False,0,0.0,6,42.0,88.1,Top 25%,70.1,3.0,0.0,3.0,10.0,0.0,0.0,5.0,5.0,False,2/3,40.32,0.0,0.0,1.02,0.0,âšª WEAK,ðŸ”´ Weak,,,,,,,
UBSI,0.0,50.0,30.58,,,"United Bankshares, Inc.",65.8,Financial Services,Banks - Regional,60.0,80.0,63.9,60.0,60.0,43.06,6001929216,60.0,73.1,False,up,,,0,23.6,True,1,3.3,4.0,False,45.93,-6.2,8.0,True,"{'roe_pct': 8.9, 'operating_margin_pct': 53.2}",{'profit_margin_pct': 38.6},45.8,47.0,43.0,5.0,buy,6.4,,,98.1,127.8,,,,,,90.0,0.0,0.0,,39.7,0.0,15.0,19.7,2026-02-27 07:40:36,2026-02-27,CORRECTION,AVOID,True,100,Passes Minervini Template (6/6 criteria),ACCUMULATION,60,"Moderate accumulation (1.2x ratio, 53% up volume)",HIGH_FLOAT,136.2,15.0,34.7,60.0,False,up,73.1,2.0,,0,True,1,2.0,6,42.0,88.1,Top 25%,70.1,3.0,0.0,3.0,10.0,0.0,0.0,5.0,5.0,False,2/3,40.31999999999999,0.0,0.0,0.8,-3.0,âšª WEAK,ðŸ”´ Weak,,,,,,,
GOOD,0.0,50.0,5.329999999999999,,,Gladstone Commercial Corporatio,53.3,Real Estate,REIT - Diversified,55.0,50.0,50.3,55.0,60.0,12.48,609438208,35.0,29.6,False,up,,,0,9.3,False,0,5.2,5.5,False,16.4,-23.9,3.0,False,"{'roe_pct': 5.6, 'debt_to_equity': 2.49, 'current_ratio': 1.67, 'operating_margin_pct': 40.0}",{'profit_margin_pct': 12.0},13.12,14.0,12.5,4.0,buy,5.2,21.58,72.9,1.4,-88.8,,,,,,90.0,0.0,0.0,,16.0,0.0,15.0,16.0,2026-02-27 07:40:36,2026-02-27,CORRECTION,AVOID,False,0,Error: Too Many Requests. Rate limited. Try after a while.,STRONG_ACCUMULATION,85,"Strong institutional buying (1.6x ratio, 60% up volume)",MEDIUM_FLOAT,47.8,15.0,31.0,35.0,False,up,29.6,2.0,,0,False,0,0.0,37,42.0,14.3,Bottom 25%,10.0,-3.0,1.0,0.0,0.0,0.0,0.0,5.0,5.0,False,1/3,40.31999999999999,8.0,0.0,0.65,-3.0,âšª WEAK,ðŸ”´ Weak,,,,,,,
UTI,0.0,50.0,25.3,,,Universal Technical Institute I,58.0,Consumer Defensive,Education & Training Services,50.0,50.0,75.0,70.0,50.0,34.88,1919115264,60.0,61.5,False,up,,,0,6.5,False,0,5.6,4.0,False,36.32,-4.0,5.0,False,"{'roe_pct': 17.4, 'debt_to_equity': 0.86, 'current_ratio': 1.14, 'operating_margin_pct': 7.1}",{'profit_margin_pct': 6.3},37.33,40.0,36.0,6.0,none,7.0,11.0,-68.5,9.6,-72.5,,,,,,90.0,0.0,0.0,,16.0,0.0,15.0,17.4,2026-02-27 07:40:36,2026-02-27,CORRECTION,AVOID,False,66,150 MA below 200 MA - not in Stage 2,STRONG_ACCUMULATION,75,"Strong institutional buying (1.6x ratio, 60% up volume)",MEDIUM_FLOAT,49.5,35.0,32.4,60.0,False,up,61.5,2.0,,0,False,0,0.0,,42.0,,Sin datos suficientes,61.5,0.0,1.0,5.0,3.0,0.0,0.0,5.0,0.0,False,1/3,40.2,0.0,0.0,0.88,-3.0,âšª WEAK,ðŸ”´ Weak,,,,,,,
CSBB,0.0,50.0,36.31,,,"CSB Bancorp, Inc.",63.1,Financial Services,Banks - Regional,60.0,60.0,76.7,65.0,50.0,56.57,148735312,80.0,81.5,False,up,,,0,12.9,False,0,,,False,58.992,-4.1,8.0,True,"{'roe_pct': 11.1, 'operating_margin_pct': 25.3}",{'profit_margin_pct': 30.2},,,,,none,,,,50.7,-10.4,,,,,,70.0,0.0,0.0,,46.9,0.0,15.0,18.9,2026-02-27 07:40:36,2026-02-27,CORRECTION,AVOID,False,0,Error: Too Many Requests. Rate limited. Try after a while.,ACCUMULATION,60,"Moderate accumulation (1.3x ratio, 46% up volume)",MICRO_FLOAT,2.4,15.0,33.9,80.0,False,up,81.5,5.0,,0,False,0,0.0,6,42.0,88.1,Top 25%,70.1,3.0,0.0,5.0,10.0,0.0,0.0,5.0,0.0,False,1/3,40.154,0.0,0.0,,0.0,âšª WEAK,ðŸ”´ Weak,AVOID,30.0,Near ATH (-1.7% from high) - poor entry point,-1.7,NEUTRAL,NONE,False
ESOA,0.0,50.0,29.25,,,Energy Services of America Corp,67.5,Industrials,Engineering & Construction,50.0,80.0,91.0,55.0,60.0,15.67,261047136,100.0,100.0,True,up,,,0,48.8,False,0,8.2,7.7,True,15.7,-0.2,6.0,False,"{'roe_pct': 3.7, 'debt_to_equity': 1.06, 'current_ratio': 1.44, 'operating_margin_pct': 4.3}",{'profit_margin_pct': 0.5},21.0,21.0,21.0,1.0,none,34.0,18.48,17.9,3.9,-75.1,,,,,,90.0,0.0,0.0,,48.2,0.0,15.0,20.2,2026-02-27 07:40:36,2026-02-27,CORRECTION,AVOID,False,0,Error: Too Many Requests. Rate limited. Try after a while.,STRONG_ACCUMULATION,90,"Strong institutional buying (1.5x ratio, 60% up volume)",LOW_FLOAT,12.8,15.0,35.2,100.0,True,up,100.0,10.0,,0,False,0,0.0,2,42.0,97.6,Top 10%,95.4,5.0,3.0,5.0,5.0,0.0,0.0,5.0,5.0,False,1/3,40.0,0.0,0.0,4.25,3.0,âšª WEAK,ðŸ”´ Weak,AVOID,20.0,Near ATH (-2.1% from high) - poor entry point | High P/E (119.2) - valuation risk | Strong upside (+35.6%) - analyst support,-2.1,NEUTRAL,NONE,True
AEBI,0.0,50.0,0.0,,,Aebi Schmidt Holding AG,69.9,Industrials,Farm & Heavy Construction Machinery,50.0,100.0,79.4,60.0,50.0,14.91,1153165952,80.0,84.9,False,up,,,0,58.0,True,2,,7.2,False,33.0,-54.8,,,"{'debt_to_equity': 1.0, 'current_ratio': 2.1, 'operating_margin_pct': 3.9}",{'profit_margin_pct': 0.8},15.75,16.5,15.0,2.0,none,5.6,,,1.4,-90.6,,,,,,100.0,0.0,0.0,,18.0,0.0,15.0,21.0,2026-02-27 07:40:36,2026-02-27,CORRECTION,AVOID,False,0,Error: Too Many Requests. Rate limited. Try after a while.,DISTRIBUTION,35,"Moderate distribution (0.8x ratio, 45% up volume)",MEDIUM_FLOAT,36.7,30.0,36.0,80.0,False,up,84.9,5.0,,0,True,2,2.0,5,42.0,90.5,Top 10%,70.4,5.0,0.0,-5.0,0.0,0.0,0.0,5.0,0.0,False,0/3,39.96,0.0,0.0,0.7,-3.0,âšª WEAK,ðŸ”´ Weak,,,,,,,
BOTJ,0.0,50.0,36.1,,,Bank of the James Financial Gro,61.0,Financial Services,Banks - Regional,55.0,50.0,86.3,65.0,50.0,20.701,94051640,95.0,90.0,False,up,,,0,8.5,False,0,0.1,2.4,False,21.49,-3.7,8.0,True,"{'roe_pct': 12.5, 'operating_margin_pct': 29.8}",{'profit_margin_pct': 18.5},,,,,none,,,,59.7,188.4,,,,,,100.0,0.0,0.0,,46.3,0.0,15.0,18.3,2026-02-27 07:40:36,2026-02-27,CORRECTION,AVOID,False,0,Error: Too Many Requests. Rate limited. Try after a while.,ACCUMULATION,65,"Moderate accumulation (1.4x ratio, 52% up volume)",MICRO_FLOAT,3.5,15.0,33.3,95.0,False,up,90.0,5.0,,0,False,0,0.0,6,42.0,88.1,Top 25%,70.1,3.0,0.0,5.0,10.0,0.0,0.0,5.0,0.0,False,1/3,39.44,0.0,0.0,,0.0,âšª WEAK,ðŸ”´ Weak,AVOID,30.0,Near ATH (-4.0% from high) - poor entry point,-4.0,NEUTRAL,NONE,False
RHLD,0.0,50.0,16.58,,,Resolute Holdings Management,60.8,Industrials,Specialty Business Services,60.0,60.0,76.7,50.0,50.0,190.84,1627101568,80.0,81.6,False,down,,,0,11.6,False,0,11.0,3.3,True,236.19,-19.2,7.0,True,"{'debt_to_equity': 4.77, 'current_ratio': 3.67, 'operating_margin_pct': 34.3}",{'profit_margin_pct': 23.8},,,,,none,,295.34,54.8,,,,,,,,100.0,0.0,0.0,,31.200000000000003,0.0,15.0,18.2,2026-02-27 07:40:36,2026-02-27,CORRECTION,AVOID,True,100,Passes Minervini Template (6/6 criteria),NEUTRAL,45,"No clear pattern (0.7x ratio, 42% up volume)",MICRO_FLOAT,3.6,20.0,33.2,80.0,False,down,81.6,3.0,,0,False,0,0.0,15,42.0,66.7,Medio,48.8,0.0,3.0,0.0,7.0,0.0,0.0,5.0,0.0,False,1/3,39.372,0.0,0.0,,0.0,âšª WEAK,ðŸ”´ Weak,,,,,,,
SAMG,0.0,50.0,12.67,,,Silvercrest Asset Management Gr,51.7,Financial Services,Asset Management,50.0,40.0,42.3,75.0,70.0,15.45,130406880,15.0,24.2,False,flat,,,0,-2.1,True,1,1.6,2.6,False,18.75,-17.6,6.0,False,"{'roe_pct': 10.0, 'debt_to_equity': 0.23, 'current_ratio': 1.36, 'operating_margin_pct': 4.4}",{'profit_margin_pct': 5.3},24.0,24.0,24.0,1.0,strong_buy,55.3,25.98,68.2,7.2,-53.4,,,,,,70.0,0.0,0.0,,24.5,0.0,15.0,15.5,2026-02-27 07:40:36,2026-02-27,CORRECTION,AVOID,True,83,Passes Minervini Template (5/6 criteria),ACCUMULATION,60,"Moderate accumulation (1.3x ratio, 55% up volume)",MICRO_FLOAT,7.8,15.0,30.5,15.0,False,flat,24.2,0.0,,0,True,1,2.0,34,42.0,21.4,Bottom 25%,19.3,-3.0,0.0,0.0,5.0,0.0,0.0,5.0,0.0,False,2/3,38.68,0.0,0.0,6.91,3.0,âšª WEAK,ðŸ”´ Weak,,,,,,,
RBKB,0.0,50.0,36.95,,,"Rhinebeck Bancorp, Inc.",69.5,Financial Services,Banks - Regional,55.0,90.0,82.6,60.0,50.0,16.0,178330912,100.0,100.0,True,up,,,0,75.0,True,1,1.7,12.3,False,16.14,-0.9,8.0,True,"{'roe_pct': 7.8, 'operating_margin_pct': 23.9}",{'profit_margin_pct': 19.4},,,,,none,,,,9.2,-42.5,,,,,,70.0,0.0,0.0,,50.8,0.0,15.0,20.8,2026-02-27 07:40:36,2026-02-27,CORRECTION,AVOID,True,100,Passes Minervini Template (6/6 criteria),STRONG_ACCUMULATION,100,"Strong institutional buying (2.6x ratio, 71% up volume)",MICRO_FLOAT,2.8,15.0,35.8,100.0,True,up,100.0,10.0,,0,True,1,2.0,6,42.0,88.1,Top 25%,70.1,3.0,0.0,5.0,10.0,0.0,0.0,5.0,5.0,False,2/3,38.08,0.0,0.0,,0.0,âšª WEAK,ðŸ”´ Weak,AVOID,30.0,Near ATH (-1.4% from high) - poor entry point,-1.4,NEUTRAL,NONE,False
CGEH,0.0,50.0,28.990000000000002,,,Capstone Green Energy Holdings ,49.9,Industrials,Specialty Industrial Machinery,50.0,30.0,83.0,25.0,70.0,5.88,138093664,80.0,87.0,False,flat,,,0,-1.1,False,0,,,False,6.67,-11.8,8.0,True,"{'debt_to_equity': 4.32, 'current_ratio': 0.69, 'operating_margin_pct': 9.1}",{'profit_margin_pct': 1.1},10.0,10.0,10.0,1.0,strong_buy,70.1,13.07,122.3,,,,,,,,100.0,0.0,0.0,,34.0,0.0,15.0,15.0,2026-02-27 07:40:36,2026-02-27,CORRECTION,AVOID,False,0,Error: Too Many Requests. Rate limited. Try after a while.,NEUTRAL,40,"No clear pattern (0.9x ratio, 48% up volume)",LOW_FLOAT,19.9,20.0,30.0,80.0,False,flat,87.0,3.0,,0,False,0,0.0,7,42.0,85.7,Top 25%,66.6,3.0,0.0,3.0,10.0,0.0,0.0,5.0,0.0,False,0/3,37.96,0.0,0.0,8.76,3.0,âšª WEAK,ðŸ”´ Weak,,,,,,,
NOG,0.0,50.0,9.46,,,"Northern Oil and Gas, Inc.",49.6,Energy,Oil & Gas E&P,50.0,30.0,56.6,65.0,60.0,26.48,2584526848,35.0,38.6,False,up,,,0,-11.5,False,0,31.8,9.3,True,33.67,-21.4,5.0,False,"{'roe_pct': 8.0, 'debt_to_equity': 1.05, 'current_ratio': 1.09, 'operating_margin_pct': 42.5}",{'profit_margin_pct': 8.8},29.9,40.0,24.0,10.0,buy,12.9,20.57,-22.3,18.2,-31.3,,,,,,70.0,0.0,0.0,,8.0,0.0,15.0,14.9,2026-02-27 07:40:36,2026-02-27,CORRECTION,AVOID,False,66,150 MA below 200 MA - not in Stage 2,ACCUMULATION,60,"Moderate accumulation (1.1x ratio, 51% up volume)",HIGH_FLOAT,94.2,35.0,29.9,35.0,False,up,38.6,2.0,,0,False,0,0.0,10,42.0,78.6,Top 25%,55.6,3.0,0.0,0.0,3.0,0.0,0.0,5.0,5.0,False,1/3,37.84,8.0,0.0,1.61,0.0,âšª WEAK,ðŸ”´ Weak,,,,,,,
BDL,0.0,50.0,24.85,,,"Flanigan's Enterprises, Inc.",53.5,Consumer Cyclical,Restaurants,50.0,40.0,57.6,80.0,50.0,33.7,62636440,60.0,52.5,False,up,,,0,-2.0,True,1,0.4,4.2,False,35.98,-6.3,7.0,True,"{'roe_pct': 31.6, 'debt_to_equity': 0.58, 'current_ratio': 1.97, 'operating_margin_pct': 2.9}",{'profit_margin_pct': 8.6},,,,,none,,43990.62,130436.0,93.3,176.9,,,,,,70.0,0.0,0.0,,35.0,0.0,15.0,16.0,2026-02-27 07:40:36,2026-02-27,CORRECTION,AVOID,False,0,Error: Too Many Requests. Rate limited. Try after a while.,ACCUMULATION,65,"Moderate accumulation (1.4x ratio, 55% up volume)",MICRO_FLOAT,0.6,15.0,31.0,60.0,False,up,52.5,2.0,,0,True,1,2.0,24,42.0,45.2,Bajo 50%,29.4,0.0,0.0,3.0,7.0,0.0,0.0,5.0,0.0,False,1/3,37.74,0.0,0.0,,0.0,âšª WEAK,ðŸ”´ Weak,,,,,,,
LYFT,0.0,50.0,0.0,,,"Lyft, Inc.",49.2,Technology,Software - Application,60.0,50.0,15.0,65.0,60.0,13.4,5351335424,15.0,1.0,False,down,,,0,9.8,False,0,16.5,5.6,True,25.54,-47.5,3.0,False,"{'roe_pct': 140.8, 'debt_to_equity': 0.4, 'current_ratio': 0.65, 'operating_margin_pct': -11.2}",{'profit_margin_pct': 45.0},20.05,31.0,13.0,38.0,hold,49.6,126.77,846.0,204.3,1424.6,,,,,,70.0,0.0,0.0,,0.0,0.0,15.0,14.8,2026-02-27 07:40:36,2026-02-27,CORRECTION,AVOID,False,50,Price below 150/200 MA - weak trend,DISTRIBUTION,35,"Moderate distribution (0.8x ratio, 44% up volume)",MEGA_FLOAT,321.2,53.0,29.8,15.0,False,down,1.0,0.0,,0,False,0,0.0,42,42.0,2.4,Bottom 25%,2.0,-3.0,3.0,-5.0,0.0,0.0,0.0,5.0,15.0,False,0/3,37.68000000000001,0.0,0.0,6.2,3.0,âšª WEAK,ðŸ”´ Weak,,,,,,,
TCBI,0.0,50.0,29.91,,,"Texas Capital Bancshares, Inc.",59.1,Financial Services,Banks - Regional,60.0,60.0,60.3,60.0,50.0,99.47,4540167168,60.0,72.2,False,up,,,0,16.8,False,0,5.6,4.5,False,108.92,-8.7,8.0,True,"{'roe_pct': 9.4, 'operating_margin_pct': 42.5}",{'profit_margin_pct': 27.5},105.79,115.0,88.0,14.0,hold,6.3,,,203.7,104.8,,,,,,100.0,0.0,0.0,,36.7,0.0,15.0,17.7,2026-02-27 07:40:36,2026-02-27,CORRECTION,AVOID,True,100,Passes Minervini Template (6/6 criteria),ACCUMULATION,60,"Moderate accumulation (1.1x ratio, 50% up volume)",MEDIUM_FLOAT,41.1,15.0,32.7,60.0,False,up,72.2,2.0,,0,False,0,0.0,6,42.0,88.1,Top 25%,70.1,3.0,1.0,3.0,10.0,0.0,0.0,5.0,5.0,False,2/3,37.64,0.0,0.0,0.79,-3.0,âšª WEAK,ðŸ”´ Weak,,,,,,,
FMFG,0.0,50.0,23.32,,,Farmers and Merchants Bancshare,68.2,Financial Services,Banks - Regional,60.0,90.0,68.7,60.0,50.0,19.03,61463000,60.0,55.1,False,up,,,0,20.1,True,2,,,False,21.0,-9.4,6.0,False,"{'roe_pct': 9.5, 'operating_margin_pct': 35.9}",{'profit_margin_pct': 22.5},,,,,none,,,,54.3,185.3,,,,,,70.0,0.0,0.0,,35.5,0.0,15.0,20.5,2026-02-27 07:40:36,2026-02-27,CORRECTION,AVOID,False,0,Error: Too Many Requests. Rate limited. Try after a while.,STRONG_ACCUMULATION,85,"Strong institutional buying (2.5x ratio, 56% up volume)",MICRO_FLOAT,2.7,15.0,35.5,60.0,False,up,55.1,2.0,,0,True,2,2.0,6,42.0,88.1,Top 25%,70.1,3.0,0.0,3.0,5.0,0.0,0.0,5.0,5.0,False,1/3,37.638,0.0,0.0,,0.0,âšª WEAK,ðŸ”´ Weak,,,,,,,
DLX,0.0,50.0,35.25,,,Deluxe Corporation,52.5,Industrials,Conglomerates,50.0,30.0,89.0,45.0,55.0,27.6,1242211584,95.0,94.6,False,up,,,0,-0.2,False,0,9.6,4.8,True,28.6,-3.5,8.0,True,"{'roe_pct': 12.6, 'debt_to_equity': 2.22, 'current_ratio': 1.03, 'operating_margin_pct': 10.0}",{'profit_margin_pct': 3.8},32.67,35.0,31.0,3.0,none,18.4,61.61,123.2,18.0,-34.8,,,,,,70.0,0.0,0.0,,43.8,0.0,15.0,15.8,2026-02-27 07:40:36,2026-02-27,CORRECTION,AVOID,False,0,Error: Too Many Requests. Rate limited. Try after a while.,ACCUMULATION,60,"Moderate accumulation (1.1x ratio, 51% up volume)",MEDIUM_FLOAT,43.7,15.0,30.8,95.0,False,up,94.6,5.0,,0,False,0,0.0,14,42.0,69.0,Medio,49.1,0.0,3.0,5.0,10.0,0.0,0.0,5.0,0.0,False,1/3,37.0,0.0,0.0,2.3,1.0,âšª WEAK,ðŸ”´ Weak,,,,,,,
THRY,0.0,50.0,0.0,,,"Thryv Holdings, Inc.",46.5,Technology,Software - Application,50.0,50.0,15.0,60.0,70.0,3.92,172230256,15.0,1.5,False,down,,,0,8.0,False,0,14.4,6.2,True,20.92,-81.3,0.0,False,"{'roe_pct': 11.3, 'debt_to_equity': 1.23, 'current_ratio': 1.15, 'operating_margin_pct': 9.6}",{'profit_margin_pct': 2.3},11.5,15.0,7.0,4.0,buy,193.4,50.69,1193.1,5.0,27.6,,,,,,70.0,0.0,0.0,,5.0,0.0,15.0,14.0,2026-02-27 07:40:36,2026-02-27,CORRECTION,AVOID,False,0,Price below 150/200 MA - weak trend,ACCUMULATION,65,"Moderate accumulation (1.2x ratio, 52% up volume)",MEDIUM_FLOAT,37.0,35.0,29.0,15.0,False,down,1.5,0.0,,0,False,0,0.0,42,42.0,2.4,Bottom 25%,2.0,-3.0,3.0,-5.0,-5.0,0.0,0.0,5.0,0.0,False,1/3,36.6,0.0,0.0,24.18,3.0,âšª WEAK,ðŸ”´ Weak,,,,,,,
LOAN,0.0,50.0,0.0,,,"Manhattan Bridge Capital, Inc",47.3,Real Estate,REIT - Mortgage,60.0,30.0,24.0,80.0,50.0,4.42,50558844,15.0,0.0,False,down,,,0,-13.0,False,0,0.1,0.2,False,6.05,-26.9,0.0,False,"{'roe_pct': 12.2, 'debt_to_equity': 0.35, 'current_ratio': 40.17, 'operating_margin_pct': 74.2}",{'profit_margin_pct': 74.2},,,,,none,,,,4.7,6.3,,,,,,60.0,0.0,0.0,,3.0,0.0,15.0,14.2,2026-02-27 07:40:36,2026-02-27,CORRECTION,AVOID,False,16,Price below 150/200 MA - weak trend,DISTRIBUTION,25,"Moderate distribution (0.7x ratio, 36% up volume)",MICRO_FLOAT,8.6,50.0,29.2,15.0,False,down,0.0,0.0,,0,False,0,0.0,39,42.0,9.5,Bottom 25%,3.8,-3.0,0.0,0.0,-5.0,0.0,0.0,3.0,0.0,False,0/3,36.482,8.0,0.0,,0.0,âšª WEAK,ðŸ”´ Weak,,,,,,,
GBLI,0.0,50.0,0.0,,,"Global Indemnity Group, LLC",58.5,Financial Services,Insurance - Property & Casualty,50.0,70.0,38.7,75.0,70.0,27.7499,397488288,15.0,3.2,False,down,,,0,5.3,True,2,0.2,2.1,False,37.0,-25.0,2.0,False,"{'roe_pct': 4.0, 'debt_to_equity': 0.01, 'current_ratio': 1.23, 'operating_margin_pct': 14.1}",{'profit_margin_pct': 6.3},55.0,55.0,55.0,1.0,strong_buy,98.2,94.0,238.7,19.4,-30.1,,,,,,70.0,0.0,0.0,,9.600000000000001,0.0,15.0,17.6,2026-02-27 07:40:36,2026-02-27,CORRECTION,AVOID,False,0,Error: Too Many Requests. Rate limited. Try after a while.,NEUTRAL,40,"No clear pattern (0.9x ratio, 45% up volume)",MICRO_FLOAT,6.4,20.0,32.6,15.0,False,down,3.2,0.0,,0,True,2,2.0,21,42.0,52.4,Medio,39.0,0.0,0.0,0.0,-5.0,0.0,0.0,5.0,5.0,False,0/3,36.4,0.0,0.0,12.28,3.0,âšª WEAK,ðŸ”´ Weak,,,,,,,
FRPH,0.0,50.0,0.0,,,"FRP Holdings, Inc.",51.5,Real Estate,Real Estate Services,55.0,50.0,38.7,65.0,50.0,24.06,459919456,15.0,8.8,False,flat,,,0,2.3,False,0,1.3,3.7,False,31.99,-24.8,2.0,False,"{'roe_pct': 1.0, 'debt_to_equity': 0.4, 'current_ratio': 14.77, 'operating_margin_pct': 4.9}",{'profit_margin_pct': 14.0},,,,,none,,10.84,-54.9,2.5,-89.6,,,,,,100.0,0.0,0.0,,7.399999999999999,0.0,15.0,15.4,2026-02-27 07:40:36,2026-02-27,CORRECTION,AVOID,False,0,Error: Too Many Requests. Rate limited. Try after a while.,ACCUMULATION,60,"Moderate accumulation (1.1x ratio, 51% up volume)",LOW_FLOAT,11.9,15.0,30.4,15.0,False,flat,8.8,0.0,,0,False,0,0.0,36,42.0,16.7,Bottom 25%,10.2,-3.0,0.0,0.0,-5.0,0.0,0.0,5.0,5.0,False,1/3,36.21,8.0,0.0,,0.0,âšª WEAK,ðŸ”´ Weak,,,,,,,
RCKY,0.0,50.0,36.269999999999996,,,"Rocky Brands, Inc.",62.7,Consumer Cyclical,Footwear & Accessories,50.0,50.0,91.0,70.0,65.0,46.0,344709600,100.0,100.0,True,up,,,0,-4.3,True,2,2.5,4.7,False,46.98,-2.1,8.0,True,"{'roe_pct': 9.2, 'debt_to_equity': 0.49, 'current_ratio': 2.82, 'operating_margin_pct': 6.9}",{'profit_margin_pct': 4.6},53.0,53.0,53.0,1.0,buy,15.2,,,82.2,78.7,,,,,,70.0,0.0,0.0,,45.8,0.0,15.0,18.8,2026-02-27 07:40:36,2026-02-27,CORRECTION,AVOID,True,100,Passes Minervini Template (6/6 criteria),STRONG_ACCUMULATION,80,"Strong institutional buying (1.4x ratio, 57% up volume)",MICRO_FLOAT,7.2,15.0,33.8,100.0,True,up,100.0,10.0,,0,True,2,2.0,,42.0,,Sin datos suficientes,100.0,0.0,0.0,5.0,10.0,0.0,0.0,5.0,5.0,False,2/3,35.08,0.0,0.0,1.9,0.0,âšª WEAK,ðŸ”´ Weak,AVOID,35.0,Near ATH (-2.0% from high) - poor entry point,-2.0,NEUTRAL,BUY,False
PEBO,0.0,50.0,27.73,,,Peoples Bancorp Inc.,52.3,Financial Services,Banks - Regional,60.0,30.0,63.9,60.0,50.0,33.12,1182482176,60.0,59.3,False,up,,,0,-2.2,False,0,3.0,3.2,False,34.33,-3.5,6.0,False,"{'roe_pct': 9.2, 'operating_margin_pct': 38.0}",{'profit_margin_pct': 25.6},34.83,37.0,33.0,6.0,none,5.2,,,51.13,54.4,,,,,,100.0,0.0,0.0,,30.700000000000003,0.0,15.0,15.7,2026-02-27 07:40:36,2026-02-27,CORRECTION,AVOID,True,100,Passes Minervini Template (6/6 criteria),ACCUMULATION,60,"Moderate accumulation (1.2x ratio, 54% up volume)",MEDIUM_FLOAT,33.7,15.0,30.7,60.0,False,up,59.3,2.0,,0,False,0,0.0,6,42.0,88.1,Top 25%,70.1,3.0,0.0,5.0,5.0,0.0,0.0,5.0,5.0,False,2/3,34.92,0.0,0.0,0.65,-3.0,âšª WEAK,ðŸ”´ Weak,,,,,,,
RMBI,0.0,50.0,22.47,,,"Richmond Mutual Bancorporation,",59.7,Financial Services,Banks - Regional,60.0,80.0,38.7,60.0,50.0,14.13,137230064,15.0,20.3,False,flat,,,0,14.0,True,2,2.8,20.7,False,15.24,-7.3,6.0,False,"{'roe_pct': 8.3, 'operating_margin_pct': 32.5}",{'profit_margin_pct': 24.8},,,,,none,,,,35.1,148.4,,,,,,90.0,0.0,0.0,,30.9,0.0,15.0,17.9,2026-02-27 07:40:36,2026-02-27,CORRECTION,AVOID,True,83,Passes Minervini Template (5/6 criteria),ACCUMULATION,60,"Moderate accumulation (1.2x ratio, 52% up volume)",MICRO_FLOAT,7.3,15.0,32.9,15.0,False,flat,20.3,0.0,,0,True,2,2.0,6,42.0,88.1,Top 25%,70.1,3.0,0.0,3.0,5.0,0.0,0.0,5.0,5.0,False,2/3,34.748,0.0,0.0,,0.0,âšª WEAK,ðŸ”´ Weak,,,,,,,
ALG,0.0,50.0,19.14,,,"Alamo Group, Inc.",56.4,Industrials,Farm & Heavy Construction Machinery,50.0,50.0,63.0,75.0,50.0,213.09,2581676544,60.0,55.9,False,up,,,0,9.0,False,0,7.3,6.4,False,233.29,-8.7,5.0,False,"{'roe_pct': 10.8, 'debt_to_equity': 0.2, 'current_ratio': 4.43, 'operating_margin_pct': 8.9}",{'profit_margin_pct': 7.2},219.75,252.0,190.0,4.0,none,3.1,172.15,-19.2,96.3,-54.8,,,,,,90.0,0.0,0.0,,35.9,0.0,15.0,16.9,2026-02-27 07:40:36,2026-02-27,CORRECTION,AVOID,False,0,Error: Too Many Requests. Rate limited. Try after a while.,STRONG_ACCUMULATION,75,"Strong institutional buying (1.7x ratio, 61% up volume)",LOW_FLOAT,11.9,15.0,31.9,60.0,False,up,55.9,2.0,,0,False,0,0.0,5,42.0,90.5,Top 10%,70.4,5.0,1.0,3.0,3.0,0.0,0.0,5.0,0.0,False,1/3,34.56,0.0,0.0,0.39,-3.0,âšª WEAK,ðŸ”´ Weak,,,,,,,
MDLN,0.0,50.0,14.489999999999998,,,Medline Inc.,54.9,Healthcare,Medical Instruments & Supplies,50.0,50.0,62.0,60.0,60.0,48.18,39094128640,80.0,79.8,False,up,,,0,,,0,2.2,1.7,False,50.8762,-5.3,,,"{'roe_pct': 6.5, 'debt_to_equity': 0.65, 'current_ratio': 4.29, 'operating_margin_pct': 6.1}",{'profit_margin_pct': 4.1},50.19,60.0,38.0,26.0,buy,4.2,50.17,4.1,20.7,-57.0,,,,,,100.0,0.0,0.0,,8.0,0.0,15.0,16.5,2026-02-27 07:40:36,2026-02-27,CORRECTION,AVOID,False,0,Insufficient data,UNKNOWN,50,Insufficient data,MEGA_FLOAT,423.6,38.0,31.5,80.0,False,up,79.8,5.0,,0,,0,0.0,26,42.0,40.5,Bajo 50%,22.1,0.0,0.0,3.0,0.0,0.0,0.0,5.0,5.0,False,0/3,33.959999999999994,5.0,0.0,0.52,-3.0,âšª WEAK,ðŸ”´ Weak,,,,,,,
MANE,0.0,50.0,4.95,,,"Veradermics, Incorporated",49.5,Healthcare,Biotechnology,50.0,50.0,44.0,55.0,50.0,42.17,1479200512,35.0,38.1,False,up,,,0,,,0,4.2,1.4,False,51.56,-18.2,,,{'current_ratio': 3.29},{},,,,,none,,,,,,,,,,,80.0,0.0,0.0,,7.0,0.0,15.0,14.8,2026-02-27 07:40:36,2026-02-27,CORRECTION,AVOID,False,0,Insufficient data,UNKNOWN,50,Insufficient data,MICRO_FLOAT,0.4,35.0,29.8,35.0,False,up,38.1,2.0,,0,,0,0.0,19,42.0,57.1,Medio,42.5,0.0,0.0,0.0,0.0,0.0,0.0,5.0,0.0,False,0/3,33.83,5.0,0.0,,0.0,âšª WEAK,ðŸ”´ Weak,,,,,,,
FUSB,0.0,50.0,31.17,,,"First US Bancshares, Inc.",56.7,Financial Services,Banks - Regional,55.0,50.0,68.7,60.0,50.0,15.255,87973880,60.0,53.6,False,up,,,0,8.1,False,0,0.1,0.8,False,15.99,-4.6,7.0,True,"{'roe_pct': 5.9, 'operating_margin_pct': 28.7}",{'profit_margin_pct': 16.2},,,,,none,,,,24.4,59.9,,,,,,100.0,0.0,0.0,,29.0,0.0,15.0,17.0,2026-02-27 07:40:36,2026-02-27,CORRECTION,AVOID,False,0,Error: Too Many Requests. Rate limited. Try after a while.,NEUTRAL,40,"No clear pattern (1.0x ratio, 49% up volume)",MICRO_FLOAT,4.2,20.0,32.0,60.0,False,up,53.6,2.0,,0,False,0,0.0,6,42.0,88.1,Top 25%,70.1,3.0,0.0,5.0,7.0,0.0,0.0,5.0,5.0,False,0/3,33.728,0.0,0.0,,0.0,âšª WEAK,ðŸ”´ Weak,,,,,,,
NAD,0.0,50.0,27.95,,,Nuveen Quality Municipal Income,54.5,Financial Services,Asset Management,60.0,50.0,42.3,70.0,50.0,12.21,2849870848,15.0,18.8,False,flat,,,0,,,0,0.4,1.3,False,12.28,-0.6,6.0,False,"{'roe_pct': 2.2, 'debt_to_equity': 0.71, 'current_ratio': 4.35, 'operating_margin_pct': 85.9}",{'profit_margin_pct': 28.5},,,,,none,,14.14,15.8,8.4,-31.2,,,,,,70.0,0.0,0.0,,20.4,0.0,15.0,16.3,2026-02-27 07:40:36,2026-02-27,CORRECTION,AVOID,True,83,Passes Minervini Template (5/6 criteria),ACCUMULATION,60,"Moderate accumulation (1.1x ratio, 49% up volume)",MEGA_FLOAT,233.4,18.0,31.4,15.0,False,flat,18.8,0.0,,0,,0,0.0,34,42.0,21.4,Bottom 25%,19.3,-3.0,0.0,5.0,5.0,0.0,0.0,5.0,5.0,False,2/3,32.98,0.0,0.0,,0.0,âšª WEAK,ðŸ”´ Weak,,,,,,,
NMZ,0.0,50.0,21.740000000000002,,,Nuveen Municipal High Income Op,52.4,Financial Services,Asset Management,60.0,50.0,39.6,60.0,50.0,10.65,1251376000,15.0,16.2,False,flat,,,0,,,0,1.1,3.0,False,11.34,-6.1,6.0,False,"{'roe_pct': 2.1, 'debt_to_equity': 0.36, 'current_ratio': 0.11, 'operating_margin_pct': 88.3}",{'profit_margin_pct': 23.6},,,,,none,,5.41,-49.2,2.1,-80.3,,,,,,90.0,0.0,0.0,,20.7,0.0,15.0,15.7,2026-02-27 07:40:36,2026-02-27,CORRECTION,AVOID,True,83,Passes Minervini Template (5/6 criteria),ACCUMULATION,60,"Moderate accumulation (1.4x ratio, 53% up volume)",HIGH_FLOAT,117.5,15.0,30.7,15.0,False,flat,16.2,0.0,,0,,0,0.0,34,42.0,21.4,Bottom 25%,19.3,-3.0,0.0,3.0,5.0,0.0,0.0,5.0,5.0,False,2/3,32.266,0.0,0.0,,0.0,âšª WEAK,ðŸ”´ Weak,,,,,,,
BSBK,0.0,50.0,14.95,,,Bogota Financial Corp.,59.5,Financial Services,Banks - Regional,55.0,90.0,36.0,55.0,50.0,8.42,109196440,15.0,12.2,False,flat,,,0,44.5,True,1,0.3,7.5,False,9.5,-11.4,3.0,False,"{'roe_pct': 1.5, 'operating_margin_pct': 17.0}",{'profit_margin_pct': 12.0},,,,,none,,,,1.7,-79.8,,,,,,90.0,0.0,0.0,,25.799999999999997,0.0,15.0,17.8,2026-02-27 07:40:36,2026-02-27,CORRECTION,AVOID,False,0,Error: Too Many Requests. Rate limited. Try after a while.,ACCUMULATION,70,"Moderate accumulation (1.7x ratio, 51% up volume)",MICRO_FLOAT,3.7,15.0,32.8,15.0,False,flat,12.2,0.0,,0,True,1,2.0,6,42.0,88.1,Top 25%,70.1,3.0,0.0,3.0,0.0,0.0,0.0,5.0,5.0,False,1/3,32.129999999999995,0.0,0.0,,0.0,âšª WEAK,ðŸ”´ Weak,,,,,,,
APG,0.0,50.0,36.269999999999996,,,APi Group Corporation,62.7,Industrials,Engineering & Construction,50.0,60.0,84.7,65.0,60.0,44.76,19297292288,100.0,96.2,True,up,,,0,12.0,False,0,2.1,3.8,False,46.88,-4.5,8.0,True,"{'roe_pct': 9.5, 'debt_to_equity': 0.9, 'current_ratio': 1.5, 'operating_margin_pct': 7.7}",{'profit_margin_pct': 3.8},46.64,52.0,41.0,11.0,strong_buy,4.2,31.3,-30.1,3.6,-92.0,,,,,,90.0,0.0,0.0,,45.8,0.0,15.0,18.8,2026-02-27 07:40:36,2026-02-27,CORRECTION,AVOID,False,0,Error: Too Many Requests. Rate limited. Try after a while.,STRONG_ACCUMULATION,75,"Strong institutional buying (1.6x ratio, 60% up volume)",MEGA_FLOAT,331.0,18.0,33.8,100.0,True,up,96.2,10.0,,0,False,0,0.0,2,42.0,97.6,Top 10%,95.4,5.0,0.0,5.0,10.0,0.0,0.0,5.0,5.0,False,1/3,32.08,0.0,0.0,0.52,-3.0,âšª WEAK,ðŸ”´ Weak,,,,,,,
EVMN,0.0,50.0,14.920000000000002,,,"Evommune, Inc.",59.2,Healthcare,Biotechnology,50.0,50.0,71.0,70.0,70.0,29.86,941309376,80.0,86.6,False,up,,,0,,,0,10.0,2.7,True,33.2,-10.1,,,"{'debt_to_equity': 0.01, 'current_ratio': 7.87, 'operating_margin_pct': -133.3}",{},54.0,65.0,48.0,6.0,strong_buy,80.8,,,,,,,,,,90.0,0.0,0.0,,18.799999999999997,0.0,15.0,17.8,2026-02-27 07:40:36,2026-02-27,CORRECTION,AVOID,False,0,Error: Too Many Requests. Rate limited. Try after a while.,STRONG_ACCUMULATION,95,"Strong institutional buying (3.2x ratio, 75% up volume)",MICRO_FLOAT,4.9,15.0,32.8,80.0,False,up,86.6,5.0,,0,,0,0.0,19,42.0,57.1,Medio,42.5,0.0,3.0,3.0,0.0,0.0,0.0,5.0,15.0,False,1/3,31.680000000000007,5.0,0.0,10.1,3.0,âšª WEAK,ðŸ”´ Weak,,,,,,,
FG,0.0,50.0,0.0,,,"F&G Annuities & Life, Inc.",46.5,Financial Services,Insurance - Life,50.0,50.0,15.0,70.0,55.0,23.32,3140009984,15.0,1.3,False,down,,,0,9.0,False,0,7.8,2.6,False,43.745,-46.7,0.0,False,"{'roe_pct': 6.0, 'debt_to_equity': 0.45, 'current_ratio': 1.32, 'operating_margin_pct': 11.4}",{'profit_margin_pct': 4.6},29.5,31.0,28.0,2.0,hold,26.5,,,34.4,47.5,,,,,,100.0,0.0,0.0,,0.0,0.0,15.0,14.0,2026-02-27 07:40:36,2026-02-27,CORRECTION,AVOID,False,0,Error: Too Many Requests. Rate limited. Try after a while.,STRONG_DISTRIBUTION,5,"Strong selling pressure (0.5x ratio, 33% up volume)",MEDIUM_FLOAT,37.7,35.0,29.0,15.0,False,down,1.3,0.0,,0,False,0,0.0,,42.0,,Sin datos suficientes,1.3,0.0,1.0,-5.0,-5.0,0.0,0.0,5.0,5.0,False,0/3,31.6,0.0,0.0,3.31,3.0,âšª WEAK,ðŸ”´ Weak,,,,,,,
ALLY,0.0,50.0,8.0,,,ALLY,0.0,,,0.0,0.0,0.0,0.0,0.0,0.0,0,,,,,,,0,,,0,,,,,,,,{},{},,,,,,,,,,,BULLISH,0.07,80.0,2.0,2.0,100.0,61.1368,6.0,"Berkshire Hathaway (Warren Buffett), Berkshire Hathaway (Warren Buffett), Berkshire Hathaway (Warren Buffett)",18.0,0.0,15.0,0.0,2026-02-27 07:40:36,2026-02-27,CORRECTION,AVOID,False,0,Error: Too Many Requests. Rate limited. Try after a while.,NEUTRAL,40,"No clear pattern (0.9x ratio, 48% up volume)",MEGA_FLOAT,277.4,23.0,15.0,,,,,0.0,,0,,0,0.0,,,,,,0.0,0.0,0.0,0.0,5.0,8.0,5.0,0.0,False,0/3,31.45,0.0,0.0,,0.0,âšª WEAK,ðŸ”´ Weak,,,,,,,
STKL,0.0,50.0,18.69,,,"SunOpta, Inc.",51.9,Consumer Defensive,Beverages - Non-Alcoholic,50.0,60.0,63.0,25.0,55.0,6.41,763136768,60.0,56.0,False,up,,,0,6.1,True,1,3.9,3.6,False,7.46,-14.1,5.0,False,"{'roe_pct': 3.0, 'debt_to_equity': 2.2, 'current_ratio': 0.98, 'operating_margin_pct': 5.8}",{'profit_margin_pct': 0.2},7.4,8.0,6.5,5.0,none,15.4,11.92,86.0,0.4,-93.8,,,,,,70.0,0.0,0.0,,10.0,0.0,15.0,15.6,2026-02-27 07:40:36,2026-02-27,CORRECTION,AVOID,False,66,150 MA below 200 MA - not in Stage 2,STRONG_ACCUMULATION,95,"Strong institutional buying (3.7x ratio, 74% up volume)",HIGH_FLOAT,78.2,35.0,30.6,60.0,False,up,56.0,2.0,,0,True,1,2.0,,42.0,,Sin datos suficientes,56.0,0.0,0.0,3.0,3.0,0.0,0.0,5.0,5.0,False,1/3,30.760000000000005,0.0,0.0,1.92,0.0,âšª WEAK,ðŸ”´ Weak,,,,,,,
MBBC,0.0,50.0,36.36,,,"Marathon Bancorp, Inc.",63.6,Financial Services,Banks - Regional,50.0,80.0,73.1,60.0,50.0,13.185,38745720,80.0,79.9,False,up,,,0,34.7,False,0,0.2,1.9,False,13.75,-4.1,8.0,True,"{'roe_pct': 1.9, 'operating_margin_pct': 26.6}",{'profit_margin_pct': 9.6},,,,,none,,,,8.7,-34.0,,,,,,70.0,0.0,0.0,,42.1,0.0,15.0,19.1,2026-02-27 07:40:36,2026-02-27,CORRECTION,AVOID,True,100,Passes Minervini Template (6/6 criteria),ACCUMULATION,65,"Moderate accumulation (1.4x ratio, 58% up volume)",MICRO_FLOAT,2.4,15.0,34.1,80.0,False,up,79.9,5.0,,0,False,0,0.0,6,42.0,88.1,Top 25%,70.1,3.0,0.0,5.0,10.0,0.0,0.0,5.0,5.0,False,2/3,30.124,0.0,0.0,,0.0,âšª WEAK,ðŸ”´ Weak,,,,,,,
