ticker,company_name,fundamental_score,tier,quality,earnings_quality_score,growth_acceleration_score,relative_strength_score,financial_health_score,catalyst_timing_score,earnings_details,growth_details,rs_details,health_details,catalyst_details,current_price,market_cap,sector,industry,analyzed_at
REGN,"Regeneron Pharmaceuticals, Inc.",75.3,‚≠ê‚≠ê‚≠ê EXCELLENT,üü¢ Excellent,60.0,90.0,80.5,85.0,60.0,{'profit_margin_pct': 31.4},"{'revenue_growth_yoy': np.float64(28.2), 'revenue_accelerating': True}","{'rs_3m': np.float64(14.0), 'rs_6m': np.float64(32.2)}","{'roe_pct': 14.9, 'debt_to_equity': 0.1, 'current_ratio': 4.13, 'operating_margin_pct': 23.1}","{'days_to_earnings': 'N/A', 'recommendation': 'buy', 'analyst_upside_pct': 8.1}",803.17,84910972928,Healthcare,Biotechnology,2026-02-17T07:11:24.724006
LLY,Eli Lilly and Company,72.2,‚≠ê‚≠ê‚≠ê EXCELLENT,üü¢ Excellent,60.0,80.0,74.5,85.0,65.0,{'profit_margin_pct': 31.7},"{'revenue_growth_yoy': np.float64(51.6), 'revenue_accelerating': False}","{'rs_3m': np.float64(0.2), 'rs_6m': np.float64(42.2)}","{'roe_pct': 101.2, 'debt_to_equity': 1.65, 'current_ratio': 1.58, 'operating_margin_pct': 44.9}","{'days_to_earnings': 'N/A', 'recommendation': 'buy', 'analyst_upside_pct': 15.5}",1040.0,981091745792,Healthcare,Drug Manufacturers - General,2026-02-17T07:12:43.350295
DECK,Deckers Outdoor Corporation,71.7,‚≠ê‚≠ê‚≠ê EXCELLENT,üü¢ Excellent,55.0,80.0,71.0,100.0,60.0,{'profit_margin_pct': 19.3},"{'revenue_growth_yoy': np.float64(91.6), 'revenue_accelerating': False}","{'rs_3m': np.float64(37.5), 'rs_6m': np.float64(5.8)}","{'roe_pct': 39.7, 'debt_to_equity': 0.13, 'current_ratio': 2.86, 'operating_margin_pct': 31.4}","{'days_to_earnings': 'N/A', 'recommendation': 'buy', 'analyst_upside_pct': 11.1}",115.73,16867049472,Consumer Cyclical,Footwear & Accessories,2026-02-17T07:11:29.562206
GILD,"Gilead Sciences, Inc.",71.2,‚≠ê‚≠ê‚≠ê EXCELLENT,üü¢ Excellent,60.0,70.0,85.0,85.0,60.0,{'profit_margin_pct': 28.9},"{'revenue_growth_yoy': np.float64(2.6), 'revenue_accelerating': True}","{'rs_3m': np.float64(22.9), 'rs_6m': np.float64(26.1)}","{'roe_pct': 40.7, 'debt_to_equity': 1.09, 'current_ratio': 1.68, 'operating_margin_pct': 37.4}","{'days_to_earnings': 'N/A', 'recommendation': 'buy', 'analyst_upside_pct': -1.2}",154.98,192280526848,Healthcare,Drug Manufacturers - General,2026-02-17T07:11:26.277587
META,"Meta Platforms, Inc.",71.2,‚≠ê‚≠ê‚≠ê EXCELLENT,üü¢ Excellent,60.0,100.0,34.5,95.0,70.0,{'profit_margin_pct': 30.1},"{'revenue_growth_yoy': np.float64(41.5), 'revenue_accelerating': True}","{'rs_3m': np.float64(3.2), 'rs_6m': np.float64(-25.0)}","{'roe_pct': 30.2, 'debt_to_equity': 0.39, 'current_ratio': 2.6, 'operating_margin_pct': 41.3}","{'days_to_earnings': 'N/A', 'recommendation': 'strong_buy', 'analyst_upside_pct': 34.4}",639.77,1618333794304,Communication Services,Internet Content & Information,2026-02-17T07:12:59.282969
TPL,Texas Pacific Land Corporation,70.8,‚≠ê‚≠ê‚≠ê EXCELLENT,üü¢ Excellent,60.0,70.0,85.0,95.0,40.0,{'profit_margin_pct': 61.7},"{'revenue_growth_yoy': np.float64(9.3), 'revenue_accelerating': True}","{'rs_3m': np.float64(29.6), 'rs_6m': np.float64(41.0)}","{'roe_pct': 39.4, 'debt_to_equity': 0.01, 'current_ratio': 10.86, 'operating_margin_pct': 73.5}","{'days_to_earnings': 'N/A', 'recommendation': 'none', 'analyst_upside_pct': -35.0}",432.31,29802686464,Energy,Oil & Gas E&P,2026-02-17T07:11:16.742101
EIX,Edison International,70.5,‚≠ê‚≠ê‚≠ê EXCELLENT,üü¢ Excellent,55.0,100.0,85.0,40.0,60.0,{'profit_margin_pct': 16.3},"{'revenue_growth_yoy': np.float64(44.3), 'revenue_accelerating': True}","{'rs_3m': np.float64(21.0), 'rs_6m': np.float64(26.1)}","{'roe_pct': 15.8, 'debt_to_equity': 2.04, 'current_ratio': 0.82, 'operating_margin_pct': 32.6}","{'days_to_earnings': 'N/A', 'recommendation': 'buy', 'analyst_upside_pct': -5.1}",71.46,27500238848,Utilities,Utilities - Regulated Electric,2026-02-17T07:10:57.429177
OKE,"ONEOK, Inc.",69.0,‚≠ê‚≠ê GOOD,üü° Good,55.0,90.0,79.0,55.0,60.0,{'profit_margin_pct': 10.6},"{'revenue_growth_yoy': np.float64(23.3), 'revenue_accelerating': True}","{'rs_3m': np.float64(24.0), 'rs_6m': np.float64(13.4)}","{'roe_pct': 17.8, 'debt_to_equity': 1.52, 'current_ratio': 0.9, 'operating_margin_pct': 18.2}","{'days_to_earnings': 'N/A', 'recommendation': 'buy', 'analyst_upside_pct': 1.4}",86.11,54228287488,Energy,Oil & Gas Midstream,2026-02-17T07:10:38.233946
TXT,Textron Inc.,68.9,‚≠ê‚≠ê GOOD,üü° Good,50.0,90.0,74.5,70.0,60.0,{'profit_margin_pct': 6.2},"{'revenue_growth_yoy': np.float64(26.3), 'revenue_accelerating': True}","{'rs_3m': np.float64(18.7), 'rs_6m': np.float64(17.8)}","{'roe_pct': 12.2, 'debt_to_equity': 0.54, 'current_ratio': 1.97, 'operating_margin_pct': 7.4}","{'days_to_earnings': 'N/A', 'recommendation': 'buy', 'analyst_upside_pct': -0.4}",98.09,17083592704,Industrials,Aerospace & Defense,2026-02-17T07:11:02.540770
RMD,ResMed Inc.,68.8,‚≠ê‚≠ê GOOD,üü° Good,60.0,80.0,50.0,95.0,65.0,{'profit_margin_pct': 27.5},"{'revenue_growth_yoy': np.float64(10.1), 'revenue_accelerating': True}","{'rs_3m': np.float64(-1.3), 'rs_6m': np.float64(-17.5)}","{'roe_pct': 25.7, 'debt_to_equity': 0.13, 'current_ratio': 3.06, 'operating_margin_pct': 35.2}","{'days_to_earnings': 'N/A', 'recommendation': 'buy', 'analyst_upside_pct': 17.8}",252.55,36863787008,Healthcare,Medical Instruments & Supplies,2026-02-17T07:12:25.699371
MOS,Mosaic Company (The),68.3,‚≠ê‚≠ê GOOD,üü° Good,55.0,90.0,60.5,75.0,60.0,{'profit_margin_pct': 10.3},"{'revenue_growth_yoy': np.float64(22.6), 'revenue_accelerating': True}","{'rs_3m': np.float64(15.4), 'rs_6m': np.float64(-13.8)}","{'roe_pct': 10.1, 'debt_to_equity': 0.37, 'current_ratio': 1.14, 'operating_margin_pct': 12.0}","{'days_to_earnings': 'N/A', 'recommendation': 'buy', 'analyst_upside_pct': 8.8}",29.65,9411143680,Basic Materials,Agricultural Inputs,2026-02-17T07:11:48.733578
CIEN,Ciena Corporation,68.2,‚≠ê‚≠ê GOOD,üü° Good,50.0,90.0,85.0,65.0,40.0,{'profit_margin_pct': 2.6},"{'revenue_growth_yoy': np.float64(26.1), 'revenue_accelerating': True}","{'rs_3m': np.float64(54.7), 'rs_6m': np.float64(227.9)}","{'roe_pct': 4.4, 'debt_to_equity': 0.6, 'current_ratio': 2.73, 'operating_margin_pct': 8.8}","{'days_to_earnings': 'N/A', 'recommendation': 'none', 'analyst_upside_pct': -22.0}",303.92,42993573888,Technology,Communication Equipment,2026-02-17T07:11:52.012070
IBKR,"Interactive Brokers Group, Inc.",67.5,‚≠ê‚≠ê GOOD,üü° Good,55.0,80.0,68.5,75.0,60.0,{'profit_margin_pct': 15.9},"{'revenue_growth_yoy': np.float64(11.7), 'revenue_accelerating': True}","{'rs_3m': np.float64(9.9), 'rs_6m': np.float64(11.8)}","{'roe_pct': 23.5, 'debt_to_equity': 1.21, 'current_ratio': 1.11, 'operating_margin_pct': 79.4}","{'days_to_earnings': 'N/A', 'recommendation': 'buy', 'analyst_upside_pct': 7.9}",74.75,127070330880,Financial Services,Capital Markets,2026-02-17T07:12:04.943092
WMB,"Williams Companies, Inc. (The)",67.5,‚≠ê‚≠ê GOOD,üü° Good,60.0,70.0,85.0,60.0,60.0,{'profit_margin_pct': 22.1},"{'revenue_growth_yoy': np.float64(6.6), 'revenue_accelerating': True}","{'rs_3m': np.float64(20.6), 'rs_6m': np.float64(21.3)}","{'roe_pct': 18.6, 'debt_to_equity': 1.96, 'current_ratio': 0.53, 'operating_margin_pct': 40.5}","{'days_to_earnings': 'N/A', 'recommendation': 'buy', 'analyst_upside_pct': 2.1}",72.28,88326160384,Energy,Oil & Gas Midstream,2026-02-17T07:10:44.751894
COP,ConocoPhillips,67.0,‚≠ê‚≠ê GOOD,üü° Good,55.0,70.0,79.0,75.0,60.0,{'profit_margin_pct': 13.3},"{'revenue_growth_yoy': np.float64(5.6), 'revenue_accelerating': True}","{'rs_3m': np.float64(24.0), 'rs_6m': np.float64(12.4)}","{'roe_pct': 12.4, 'debt_to_equity': 0.36, 'current_ratio': 1.3, 'operating_margin_pct': 14.2}","{'days_to_earnings': 'N/A', 'recommendation': 'buy', 'analyst_upside_pct': 3.8}",111.43,137696083968,Energy,Oil & Gas E&P,2026-02-17T07:10:54.297075
XOM,Exxon Mobil Corporation,66.8,‚≠ê‚≠ê GOOD,üü° Good,50.0,70.0,85.0,75.0,60.0,{'profit_margin_pct': 8.9},"{'revenue_growth_yoy': np.float64(2.8), 'revenue_accelerating': True}","{'rs_3m': np.float64(25.2), 'rs_6m': np.float64(35.0)}","{'roe_pct': 11.1, 'debt_to_equity': 0.16, 'current_ratio': 1.15, 'operating_margin_pct': 9.7}","{'days_to_earnings': 'N/A', 'recommendation': 'buy', 'analyst_upside_pct': -5.1}",148.45,626038210560,Energy,Oil & Gas Integrated,2026-02-17T07:10:41.484300
FSLR,"First Solar, Inc.",66.7,‚≠ê‚≠ê GOOD,üü° Good,60.0,70.0,56.0,90.0,65.0,{'profit_margin_pct': 27.7},"{'revenue_growth_yoy': np.float64(5.3), 'revenue_accelerating': True}","{'rs_3m': np.float64(-13.8), 'rs_6m': np.float64(6.3)}","{'roe_pct': 16.9, 'debt_to_equity': 0.1, 'current_ratio': 1.91, 'operating_margin_pct': 29.2}","{'days_to_earnings': 'N/A', 'recommendation': 'buy', 'analyst_upside_pct': 24.2}",225.65,24214081536,Technology,Solar,2026-02-17T07:13:03.884357
DOV,Dover Corporation,66.5,‚≠ê‚≠ê GOOD,üü° Good,55.0,60.0,85.0,80.0,60.0,{'profit_margin_pct': 13.5},"{'revenue_growth_yoy': np.float64(12.5), 'revenue_accelerating': False}","{'rs_3m': np.float64(25.9), 'rs_6m': np.float64(25.4)}","{'roe_pct': 15.3, 'debt_to_equity': 0.48, 'current_ratio': 1.79, 'operating_margin_pct': 18.2}","{'days_to_earnings': 'N/A', 'recommendation': 'buy', 'analyst_upside_pct': -2.4}",231.63,31768799232,Industrials,Specialty Industrial Machinery,2026-02-17T07:11:00.857087
HSY,The Hershey Company,66.3,‚≠ê‚≠ê GOOD,üü° Good,50.0,80.0,79.0,70.0,50.0,{'profit_margin_pct': 7.6},"{'revenue_growth_yoy': np.float64(10.2), 'revenue_accelerating': True}","{'rs_3m': np.float64(24.2), 'rs_6m': np.float64(19.5)}","{'roe_pct': 18.9, 'debt_to_equity': 1.17, 'current_ratio': 1.19, 'operating_margin_pct': 16.0}","{'days_to_earnings': 'N/A', 'recommendation': 'hold', 'analyst_upside_pct': 2.5}",222.58,45135912960,Consumer Defensive,Confectioners,2026-02-17T07:11:59.873464
GEHC,GE HealthCare Technologies Inc.,66.3,‚≠ê‚≠ê GOOD,üü° Good,55.0,80.0,60.5,75.0,65.0,{'profit_margin_pct': 10.1},"{'revenue_growth_yoy': np.float64(19.3), 'revenue_accelerating': True}","{'rs_3m': np.float64(6.9), 'rs_6m': np.float64(3.0)}","{'roe_pct': 22.4, 'debt_to_equity': 0.99, 'current_ratio': 1.37, 'operating_margin_pct': 15.7}","{'days_to_earnings': 'N/A', 'recommendation': 'buy', 'analyst_upside_pct': 16.1}",80.34,36614934528,Healthcare,Medical Devices,2026-02-17T07:12:15.989475
FANG,"Diamondback Energy, Inc.",66.2,‚≠ê‚≠ê GOOD,üü° Good,60.0,70.0,74.5,65.0,60.0,{'profit_margin_pct': 28.7},"{'revenue_growth_yoy': np.float64(5.7), 'revenue_accelerating': True}","{'rs_3m': np.float64(15.4), 'rs_6m': np.float64(14.9)}","{'roe_pct': 10.9, 'debt_to_equity': 0.36, 'current_ratio': 0.62, 'operating_margin_pct': 36.6}","{'days_to_earnings': 'N/A', 'recommendation': 'strong_buy', 'analyst_upside_pct': 7.7}",169.14,48462938112,Energy,Oil & Gas E&P,2026-02-17T07:11:10.398622
EQIX,"Equinix, Inc.",65.5,‚≠ê‚≠ê GOOD,üü° Good,55.0,70.0,79.0,65.0,60.0,{'profit_margin_pct': 14.6},"{'revenue_growth_yoy': np.float64(8.8), 'revenue_accelerating': True}","{'rs_3m': np.float64(20.6), 'rs_6m': np.float64(17.3)}","{'roe_pct': 9.7, 'debt_to_equity': 1.6, 'current_ratio': 1.32, 'operating_margin_pct': 21.5}","{'days_to_earnings': 'N/A', 'recommendation': 'buy', 'analyst_upside_pct': 5.6}",956.19,93950377984,Real Estate,REIT - Specialty,2026-02-17T07:10:46.313130
AMP,"Ameriprise Financial, Inc.",64.9,‚≠ê‚≠ê GOOD,üü° Good,55.0,70.0,54.5,90.0,65.0,{'profit_margin_pct': 19.6},"{'revenue_growth_yoy': np.float64(6.4), 'revenue_accelerating': True}","{'rs_3m': np.float64(1.7), 'rs_6m': np.float64(-11.8)}","{'roe_pct': 59.6, 'debt_to_equity': 0.5, 'current_ratio': 2.44, 'operating_margin_pct': 35.3}","{'days_to_earnings': 'N/A', 'recommendation': 'buy', 'analyst_upside_pct': 20.3}",473.67,44006649856,Financial Services,Asset Management,2026-02-17T07:12:40.152404
IEX,IDEX Corporation,64.8,‚≠ê‚≠ê GOOD,üü° Good,55.0,50.0,85.0,85.0,60.0,{'profit_margin_pct': 14.0},"{'revenue_growth_yoy': np.float64(1.8), 'revenue_accelerating': False}","{'rs_3m': np.float64(24.7), 'rs_6m': np.float64(22.2)}","{'roe_pct': 12.3, 'debt_to_equity': 0.45, 'current_ratio': 2.86, 'operating_margin_pct': 20.7}","{'days_to_earnings': 'N/A', 'recommendation': 'buy', 'analyst_upside_pct': 6.2}",210.41,15841198080,Industrials,Specialty Industrial Machinery,2026-02-17T07:11:23.106085
SNPS,"Synopsys, Inc.",64.7,‚≠ê‚≠ê GOOD,üü° Good,55.0,100.0,34.5,65.0,65.0,{'profit_margin_pct': 18.9},"{'revenue_growth_yoy': np.float64(54.9), 'revenue_accelerating': True}","{'rs_3m': np.float64(9.2), 'rs_6m': np.float64(-35.8)}","{'roe_pct': 7.2, 'debt_to_equity': 0.5, 'current_ratio': 1.61, 'operating_margin_pct': 5.4}","{'days_to_earnings': 'N/A', 'recommendation': 'buy', 'analyst_upside_pct': 27.4}",437.09,83623272448,Technology,Software - Infrastructure,2026-02-17T07:13:10.365541
PKG,Packaging Corporation of Americ,64.5,‚≠ê‚≠ê GOOD,üü° Good,50.0,70.0,85.0,60.0,60.0,{'profit_margin_pct': 8.6},"{'revenue_growth_yoy': np.float64(7.8), 'revenue_accelerating': True}","{'rs_3m': np.float64(22.7), 'rs_6m': np.float64(22.3)}","{'roe_pct': 16.9, 'debt_to_equity': 0.92, 'operating_margin_pct': 7.1}","{'days_to_earnings': 'N/A', 'recommendation': 'buy', 'analyst_upside_pct': -5.9}",246.31,22162673664,Consumer Cyclical,Packaging & Containers,2026-02-17T07:10:43.071116
FFIV,"F5, Inc.",64.3,‚≠ê‚≠ê GOOD,üü° Good,60.0,60.0,60.5,95.0,50.0,{'profit_margin_pct': 22.5},"{'revenue_growth_yoy': np.float64(12.5), 'revenue_accelerating': False}","{'rs_3m': np.float64(12.9), 'rs_6m': np.float64(-19.7)}","{'roe_pct': 20.8, 'debt_to_equity': 0.08, 'current_ratio': 1.55, 'operating_margin_pct': 26.0}","{'days_to_earnings': 'N/A', 'recommendation': 'none', 'analyst_upside_pct': 13.3}",273.93,15562261504,Technology,Software - Infrastructure,2026-02-17T07:11:41.031818
BF-B,Brown Forman Inc,64.2,‚≠ê‚≠ê GOOD,üü° Good,60.0,70.0,54.5,85.0,50.0,{'profit_margin_pct': 20.8},"{'revenue_growth_yoy': np.float64(0.1), 'revenue_accelerating': True}","{'rs_3m': np.float64(5.9), 'rs_6m': np.float64(-6.6)}","{'roe_pct': 20.7, 'debt_to_equity': 0.64, 'current_ratio': 2.97, 'operating_margin_pct': 29.4}","{'days_to_earnings': 'N/A', 'recommendation': 'hold', 'analyst_upside_pct': 1.0}",29.95,13873123328,Consumer Defensive,Beverages - Wineries & Distilleries,2026-02-17T07:11:42.628694
ALGN,"Align Technology, Inc.",64.0,‚≠ê‚≠ê GOOD,üü° Good,55.0,50.0,85.0,80.0,60.0,{'profit_margin_pct': 10.2},"{'revenue_growth_yoy': np.float64(0.0), 'revenue_accelerating': False}","{'rs_3m': np.float64(32.2), 'rs_6m': np.float64(24.6)}","{'roe_pct': 10.4, 'debt_to_equity': 0.02, 'current_ratio': 1.36, 'operating_margin_pct': 15.2}","{'days_to_earnings': 'N/A', 'recommendation': 'buy', 'analyst_upside_pct': 6.3}",186.77,13538279424,Healthcare,Medical Instruments & Supplies,2026-02-17T07:11:45.620043
VLO,Valero Energy Corporation,63.6,‚≠ê‚≠ê GOOD,üü° Good,50.0,70.0,80.5,60.0,60.0,{'profit_margin_pct': 1.9},"{'revenue_growth_yoy': np.float64(4.6), 'revenue_accelerating': True}","{'rs_3m': np.float64(13.5), 'rs_6m': np.float64(41.6)}","{'roe_pct': 8.3, 'debt_to_equity': 0.4, 'operating_margin_pct': 5.2}","{'days_to_earnings': 'N/A', 'recommendation': 'buy', 'analyst_upside_pct': -1.0}",200.17,62183157760,Energy,Oil & Gas Refining & Marketing,2026-02-17T07:11:39.398579
IP,International Paper Company,62.7,‚≠ê‚≠ê GOOD,üü° Good,50.0,80.0,71.0,50.0,60.0,{'profit_margin_pct': -14.9},"{'revenue_growth_yoy': np.float64(35.9), 'revenue_accelerating': False}","{'rs_3m': np.float64(29.4), 'rs_6m': np.float64(0.1)}","{'roe_pct': -24.7, 'debt_to_equity': 0.7, 'current_ratio': 1.28, 'operating_margin_pct': 1.9}","{'days_to_earnings': 'N/A', 'recommendation': 'buy', 'analyst_upside_pct': -4.5}",49.1,25926680576,Consumer Cyclical,Packaging & Containers,2026-02-17T07:11:13.514018
SMCI,"Super Micro Computer, Inc.",62.5,‚≠ê‚≠ê GOOD,üü° Good,50.0,100.0,30.0,70.0,60.0,{'profit_margin_pct': 3.1},"{'revenue_growth_yoy': np.float64(175.7), 'revenue_accelerating': True}","{'rs_3m': np.float64(-14.7), 'rs_6m': np.float64(-39.2)}","{'roe_pct': 13.2, 'debt_to_equity': 0.75, 'current_ratio': 1.7, 'operating_margin_pct': 3.7}","{'days_to_earnings': 'N/A', 'recommendation': 'hold', 'analyst_upside_pct': 35.3}",30.54,18293137408,Technology,Computer Hardware,2026-02-17T07:13:08.773908
TSLA,"Tesla, Inc.",62.5,‚≠ê‚≠ê GOOD,üü° Good,50.0,70.0,68.5,75.0,50.0,{'profit_margin_pct': 4.0},"{'revenue_growth_yoy': np.float64(28.8), 'revenue_accelerating': False}","{'rs_3m': np.float64(2.1), 'rs_6m': np.float64(19.7)}","{'roe_pct': 4.9, 'debt_to_equity': 0.18, 'current_ratio': 2.16, 'operating_margin_pct': 4.7}","{'days_to_earnings': 'N/A', 'recommendation': 'hold', 'analyst_upside_pct': 1.0}",417.44,1566415126528,Consumer Cyclical,Auto Manufacturers,2026-02-17T07:12:35.052116
ANET,"Arista Networks, Inc.",62.4,‚≠ê‚≠ê GOOD,üü° Good,60.0,60.0,54.5,80.0,65.0,{'profit_margin_pct': 39.0},"{'revenue_growth_yoy': np.float64(19.6), 'revenue_accelerating': False}","{'rs_3m': np.float64(6.9), 'rs_6m': np.float64(-3.4)}","{'roe_pct': 31.4, 'current_ratio': 3.05, 'operating_margin_pct': 41.5}","{'days_to_earnings': 'N/A', 'recommendation': 'strong_buy', 'analyst_upside_pct': 25.8}",141.59,178302173184,Technology,Computer Hardware,2026-02-17T07:11:58.109845
CF,"CF Industries Holdings, Inc.",62.3,‚≠ê‚≠ê GOOD,üü° Good,60.0,50.0,66.5,90.0,50.0,{'profit_margin_pct': 20.5},"{'revenue_growth_yoy': np.float64(8.9), 'revenue_accelerating': False}","{'rs_3m': np.float64(11.8), 'rs_6m': np.float64(4.9)}","{'roe_pct': 22.0, 'debt_to_equity': 0.44, 'current_ratio': 2.27, 'operating_margin_pct': 33.9}","{'days_to_earnings': 'N/A', 'recommendation': 'hold', 'analyst_upside_pct': -3.6}",94.66,15332361216,Basic Materials,Agricultural Inputs,2026-02-17T07:11:04.126840
V,Visa Inc.,62.2,‚≠ê‚≠ê GOOD,üü° Good,60.0,60.0,50.0,85.0,65.0,{'profit_margin_pct': 50.2},"{'revenue_growth_yoy': np.float64(13.6), 'revenue_accelerating': False}","{'rs_3m': np.float64(-8.1), 'rs_6m': np.float64(-15.0)}","{'roe_pct': 54.0, 'debt_to_equity': 0.55, 'current_ratio': 1.11, 'operating_margin_pct': 68.3}","{'days_to_earnings': 'N/A', 'recommendation': 'strong_buy', 'analyst_upside_pct': 27.5}",314.08,605558669312,Financial Services,Credit Services,2026-02-17T07:12:23.994567
DXCM,"DexCom, Inc.",62.1,‚≠ê‚≠ê GOOD,üü° Good,55.0,70.0,40.5,90.0,65.0,{'profit_margin_pct': 17.9},"{'revenue_growth_yoy': np.float64(21.6), 'revenue_accelerating': False}","{'rs_3m': np.float64(15.5), 'rs_6m': np.float64(-20.1)}","{'roe_pct': 34.5, 'debt_to_equity': 0.51, 'current_ratio': 1.88, 'operating_margin_pct': 25.6}","{'days_to_earnings': 'N/A', 'recommendation': 'strong_buy', 'analyst_upside_pct': 22.1}",70.02,27308937216,Healthcare,Medical Devices,2026-02-17T07:12:28.891984
LEN,Lennar Corporation,62.0,‚≠ê‚≠ê GOOD,üü° Good,50.0,90.0,50.0,70.0,40.0,{'profit_margin_pct': 6.1},"{'revenue_growth_yoy': np.float64(22.7), 'revenue_accelerating': True}","{'rs_3m': np.float64(-0.4), 'rs_6m': np.float64(-13.1)}","{'roe_pct': 8.4, 'debt_to_equity': 0.28, 'current_ratio': 5.82, 'operating_margin_pct': 7.7}","{'days_to_earnings': 'N/A', 'recommendation': 'hold', 'analyst_upside_pct': -11.2}",122.28,30201540608,Consumer Cyclical,Residential Construction,2026-02-17T07:11:56.586441
DLR,"Digital Realty Trust, Inc.",62.0,‚≠ê‚≠ê GOOD,üü° Good,60.0,60.0,66.5,65.0,60.0,{'profit_margin_pct': 21.5},"{'revenue_growth_yoy': np.float64(16.1), 'revenue_accelerating': False}","{'rs_3m': np.float64(13.6), 'rs_6m': np.float64(3.5)}","{'roe_pct': 5.5, 'debt_to_equity': 0.82, 'current_ratio': 1.3, 'operating_margin_pct': 14.1}","{'days_to_earnings': 'N/A', 'recommendation': 'buy', 'analyst_upside_pct': 7.4}",180.97,63296069632,Real Estate,REIT - Specialty,2026-02-17T07:10:49.659994
MA,Mastercard Incorporated,61.8,‚≠ê‚≠ê GOOD,üü° Good,60.0,70.0,50.0,65.0,65.0,{'profit_margin_pct': 45.6},"{'revenue_growth_yoy': np.float64(21.5), 'revenue_accelerating': False}","{'rs_3m': np.float64(-8.3), 'rs_6m': np.float64(-17.2)}","{'roe_pct': 209.9, 'debt_to_equity': 2.56, 'current_ratio': 1.03, 'operating_margin_pct': 57.7}","{'days_to_earnings': 'N/A', 'recommendation': 'strong_buy', 'analyst_upside_pct': 27.8}",518.36,462603976704,Financial Services,Credit Services,2026-02-17T07:12:19.205248
VST,Vistra Corp.,61.2,‚≠ê‚≠ê GOOD,üü° Good,50.0,90.0,50.0,45.0,70.0,{'profit_margin_pct': 6.7},"{'revenue_growth_yoy': np.float64(23.1), 'revenue_accelerating': True}","{'rs_3m': np.float64(-1.6), 'rs_6m': np.float64(-19.4)}","{'roe_pct': 17.3, 'debt_to_equity': 3.36, 'current_ratio': 0.99, 'operating_margin_pct': 21.0}","{'days_to_earnings': 'N/A', 'recommendation': 'strong_buy', 'analyst_upside_pct': 34.6}",171.49,58105188352,Utilities,Utilities - Independent Power Producers,2026-02-17T07:12:20.834161
SPG,"Simon Property Group, Inc.",61.1,‚≠ê‚≠ê GOOD,üü° Good,60.0,70.0,60.5,50.0,60.0,{'profit_margin_pct': 72.8},"{'revenue_growth_yoy': np.float64(1.2), 'revenue_accelerating': True}","{'rs_3m': np.float64(6.8), 'rs_6m': np.float64(9.8)}","{'roe_pct': 104.1, 'debt_to_equity': 4.35, 'current_ratio': 0.16, 'operating_margin_pct': 49.8}","{'days_to_earnings': 'N/A', 'recommendation': 'buy', 'analyst_upside_pct': 2.5}",196.83,74240966656,Real Estate,REIT - Retail,2026-02-17T07:10:59.179086
NCLH,Norwegian Cruise Line Holdings ,61.1,‚≠ê‚≠ê GOOD,üü° Good,50.0,80.0,60.5,50.0,65.0,{'profit_margin_pct': 6.8},"{'revenue_growth_yoy': np.float64(39.3), 'revenue_accelerating': False}","{'rs_3m': np.float64(14.0), 'rs_6m': np.float64(-18.1)}","{'roe_pct': 39.9, 'debt_to_equity': 7.0, 'current_ratio': 0.2, 'operating_margin_pct': 25.5}","{'days_to_earnings': 'N/A', 'recommendation': 'buy', 'analyst_upside_pct': 26.8}",21.49,9783483392,Consumer Cyclical,Travel Services,2026-02-17T07:13:11.790794
ON,ON Semiconductor Corporation,61.0,‚≠ê‚≠ê GOOD,üü° Good,50.0,50.0,85.0,70.0,60.0,{'profit_margin_pct': 2.0},"{'revenue_growth_yoy': np.float64(5.8), 'revenue_accelerating': False}","{'rs_3m': np.float64(48.3), 'rs_6m': np.float64(34.8)}","{'roe_pct': 1.5, 'debt_to_equity': 0.42, 'current_ratio': 4.52, 'operating_margin_pct': 18.8}","{'days_to_earnings': 'N/A', 'recommendation': 'buy', 'analyst_upside_pct': -5.6}",72.21,29055744000,Technology,Semiconductors,2026-02-17T07:11:21.678694
COO,"The Cooper Companies, Inc.",60.5,‚≠ê‚≠ê GOOD,üü° Good,50.0,60.0,66.5,75.0,60.0,{'profit_margin_pct': 9.2},"{'revenue_growth_yoy': np.float64(10.4), 'revenue_accelerating': False}","{'rs_3m': np.float64(13.9), 'rs_6m': np.float64(6.7)}","{'roe_pct': 4.6, 'debt_to_equity': 0.34, 'current_ratio': 1.89, 'operating_margin_pct': 13.5}","{'days_to_earnings': 'N/A', 'recommendation': 'buy', 'analyst_upside_pct': 9.7}",82.99,16499152896,Healthcare,Medical Instruments & Supplies,2026-02-17T07:12:03.327145
FTNT,"Fortinet, Inc.",60.4,‚≠ê‚≠ê GOOD,üü° Good,60.0,50.0,60.5,85.0,50.0,{'profit_margin_pct': 27.3},"{'revenue_growth_yoy': np.float64(3.9), 'revenue_accelerating': False}","{'rs_3m': np.float64(3.8), 'rs_6m': np.float64(1.6)}","{'roe_pct': 135.7, 'debt_to_equity': 0.81, 'current_ratio': 1.17, 'operating_margin_pct': 32.8}","{'days_to_earnings': 'N/A', 'recommendation': 'hold', 'analyst_upside_pct': 5.0}",85.56,65561722880,Technology,Software - Infrastructure,2026-02-17T07:10:52.677938
EXR,Extra Space Storage Inc,60.3,‚≠ê‚≠ê GOOD,üü° Good,60.0,50.0,66.5,70.0,60.0,{'profit_margin_pct': 27.7},"{'revenue_growth_yoy': np.float64(4.4), 'revenue_accelerating': False}","{'rs_3m': np.float64(10.5), 'rs_6m': np.float64(2.7)}","{'roe_pct': 6.8, 'debt_to_equity': 0.94, 'current_ratio': 1.46, 'operating_margin_pct': 46.3}","{'days_to_earnings': 'N/A', 'recommendation': 'buy', 'analyst_upside_pct': 2.3}",146.36,32433588224,Real Estate,REIT - Industrial,2026-02-17T07:11:15.130823
NTAP,"NetApp, Inc.",60.2,‚≠ê‚≠ê GOOD,üü° Good,55.0,70.0,50.0,65.0,65.0,{'profit_margin_pct': 17.7},"{'revenue_growth_yoy': np.float64(3.9), 'revenue_accelerating': True}","{'rs_3m': np.float64(-7.8), 'rs_6m': np.float64(-11.5)}","{'roe_pct': 125.3, 'debt_to_equity': 2.78, 'current_ratio': 1.34, 'operating_margin_pct': 24.8}","{'days_to_earnings': 'N/A', 'recommendation': 'buy', 'analyst_upside_pct': 19.9}",102.42,20444913664,Technology,Software - Infrastructure,2026-02-17T07:12:54.519493
WRB,W.R. Berkley Corporation,60.2,‚≠ê‚≠ê GOOD,üü° Good,55.0,70.0,50.0,75.0,50.0,{'profit_margin_pct': 12.1},"{'revenue_growth_yoy': np.float64(1.6), 'revenue_accelerating': True}","{'rs_3m': np.float64(-9.7), 'rs_6m': np.float64(-6.4)}","{'roe_pct': 19.6, 'debt_to_equity': 0.31, 'operating_margin_pct': 16.4}","{'days_to_earnings': 'N/A', 'recommendation': 'hold', 'analyst_upside_pct': -2.0}",69.7,26487476224,Financial Services,Insurance - Property & Casualty,2026-02-17T07:12:14.415504
SBUX,Starbucks Corporation,60.1,‚≠ê‚≠ê GOOD,üü° Good,50.0,80.0,54.5,55.0,60.0,{'profit_margin_pct': 3.6},"{'revenue_growth_yoy': np.float64(13.2), 'revenue_accelerating': True}","{'rs_3m': np.float64(8.2), 'rs_6m': np.float64(-1.6)}","{'current_ratio': 1.05, 'operating_margin_pct': 9.3}","{'days_to_earnings': 'N/A', 'recommendation': 'buy', 'analyst_upside_pct': 6.8}",93.79,106854948864,Consumer Cyclical,Restaurants,2026-02-17T07:12:06.497780
DIS,Walt Disney Company (The),59.5,‚≠ê AVERAGE,üü° Average,55.0,70.0,50.0,60.0,65.0,{'profit_margin_pct': 12.8},"{'revenue_growth_yoy': np.float64(10.0), 'revenue_accelerating': True}","{'rs_3m': np.float64(-3.1), 'rs_6m': np.float64(-14.6)}","{'roe_pct': 12.0, 'debt_to_equity': 0.41, 'current_ratio': 0.67, 'operating_margin_pct': 15.4}","{'days_to_earnings': 'N/A', 'recommendation': 'buy', 'analyst_upside_pct': 23.8}",105.45,187003650048,Communication Services,Entertainment,2026-02-17T07:12:36.895361
SWK,"Stanley Black & Decker, Inc.",59.0,‚≠ê AVERAGE,üü° Average,50.0,50.0,79.0,65.0,60.0,{'profit_margin_pct': 2.7},"{'revenue_growth_yoy': np.float64(1.0), 'revenue_accelerating': False}","{'rs_3m': np.float64(34.9), 'rs_6m': np.float64(19.2)}","{'roe_pct': 4.5, 'debt_to_equity': 0.65, 'current_ratio': 1.14, 'operating_margin_pct': 10.2}","{'days_to_earnings': 'N/A', 'recommendation': 'buy', 'analyst_upside_pct': -1.0}",91.06,14103824384,Industrials,Tools & Accessories,2026-02-17T07:11:07.257971
TROW,"T. Rowe Price Group, Inc.",59.0,‚≠ê AVERAGE,üü° Average,60.0,50.0,50.0,90.0,50.0,{'profit_margin_pct': 28.5},"{'revenue_growth_yoy': np.float64(9.6), 'revenue_accelerating': False}","{'rs_3m': np.float64(-10.2), 'rs_6m': np.float64(-16.8)}","{'roe_pct': 18.8, 'debt_to_equity': 0.04, 'current_ratio': 6.23, 'operating_margin_pct': 32.2}","{'days_to_earnings': 'N/A', 'recommendation': 'hold', 'analyst_upside_pct': 8.9}",93.76,20495935488,Financial Services,Asset Management,2026-02-17T07:13:00.843812
AXP,American Express Company,59.0,‚≠ê AVERAGE,üü° Average,55.0,60.0,56.0,75.0,50.0,{'profit_margin_pct': 16.2},"{'revenue_growth_yoy': np.float64(11.9), 'revenue_accelerating': False}","{'rs_3m': np.float64(-9.0), 'rs_6m': np.float64(4.4)}","{'roe_pct': 34.0, 'debt_to_equity': 1.91, 'current_ratio': 1.41, 'operating_margin_pct': 17.5}","{'days_to_earnings': 'N/A', 'recommendation': 'hold', 'analyst_upside_pct': 11.6}",337.5,232487436288,Financial Services,Credit Services,2026-02-17T07:12:38.580006
GIS,"General Mills, Inc.",58.9,‚≠ê AVERAGE,üü° Average,55.0,70.0,54.5,60.0,50.0,{'profit_margin_pct': 13.5},"{'revenue_growth_yoy': np.float64(0.4), 'revenue_accelerating': True}","{'rs_3m': np.float64(1.8), 'rs_6m': np.float64(-6.6)}","{'roe_pct': 27.2, 'debt_to_equity': 1.47, 'current_ratio': 0.66, 'operating_margin_pct': 17.9}","{'days_to_earnings': 'N/A', 'recommendation': 'hold', 'analyst_upside_pct': 8.3}",48.34,25793357824,Consumer Defensive,Packaged Foods,2026-02-17T07:11:34.461454
HSIC,"Henry Schein, Inc.",58.6,‚≠ê AVERAGE,üü° Average,50.0,70.0,60.5,60.0,50.0,{'profit_margin_pct': 3.0},"{'revenue_growth_yoy': np.float64(4.6), 'revenue_accelerating': True}","{'rs_3m': np.float64(4.9), 'rs_6m': np.float64(8.7)}","{'roe_pct': 8.3, 'debt_to_equity': 0.7, 'current_ratio': 1.4, 'operating_margin_pct': 6.1}","{'days_to_earnings': 'N/A', 'recommendation': 'hold', 'analyst_upside_pct': -0.1}",78.19,9481976832,Healthcare,Medical Distribution,2026-02-17T07:11:47.077144
CPAY,"Corpay, Inc.",58.6,‚≠ê AVERAGE,üü° Average,60.0,60.0,60.5,50.0,60.0,{'profit_margin_pct': 23.6},"{'revenue_growth_yoy': np.float64(13.3), 'revenue_accelerating': False}","{'rs_3m': np.float64(17.3), 'rs_6m': np.float64(-0.4)}","{'roe_pct': 29.1, 'debt_to_equity': 2.37, 'current_ratio': 0.98, 'operating_margin_pct': 40.9}","{'days_to_earnings': 'N/A', 'recommendation': 'buy', 'analyst_upside_pct': 14.1}",337.12,23805519872,Technology,Software - Infrastructure,2026-02-17T07:11:54.876742
WST,"West Pharmaceutical Services, I",58.2,‚≠ê AVERAGE,üü° Average,55.0,50.0,50.0,85.0,65.0,{'profit_margin_pct': 16.1},"{'revenue_growth_yoy': np.float64(7.5), 'revenue_accelerating': False}","{'rs_3m': np.float64(-7.7), 'rs_6m': np.float64(-4.6)}","{'roe_pct': 16.9, 'debt_to_equity': 0.1, 'current_ratio': 3.02, 'operating_margin_pct': 20.2}","{'days_to_earnings': 'N/A', 'recommendation': 'strong_buy', 'analyst_upside_pct': 27.5}",250.49,18046152704,Healthcare,Medical Instruments & Supplies,2026-02-17T07:13:05.514929
PFG,Principal Financial Group Inc,58.2,‚≠ê AVERAGE,üü° Average,50.0,50.0,68.5,80.0,50.0,{'profit_margin_pct': 7.6},"{'revenue_growth_yoy': np.float64(-22.5), 'revenue_accelerating': True}","{'rs_3m': np.float64(6.1), 'rs_6m': np.float64(12.1)}","{'roe_pct': 10.5, 'debt_to_equity': 0.32, 'current_ratio': 1.74, 'operating_margin_pct': 18.0}","{'days_to_earnings': 'N/A', 'recommendation': 'hold', 'analyst_upside_pct': 3.8}",90.39,19858126848,Financial Services,Asset Management,2026-02-17T07:12:12.831903
LII,"Lennox International, Inc.",58.1,‚≠ê AVERAGE,üü° Average,55.0,50.0,60.5,80.0,50.0,{'profit_margin_pct': 15.5},"{'revenue_growth_yoy': np.float64(6.1), 'revenue_accelerating': False}","{'rs_3m': np.float64(17.4), 'rs_6m': np.float64(-10.3)}","{'roe_pct': 80.0, 'debt_to_equity': 1.52, 'current_ratio': 1.6, 'operating_margin_pct': 16.9}","{'days_to_earnings': 'N/A', 'recommendation': 'hold', 'analyst_upside_pct': -1.9}",566.65,19873994752,Industrials,Building Products & Equipment,2026-02-17T07:10:39.838009
SHW,Sherwin-Williams Company (The),57.6,‚≠ê AVERAGE,üü° Average,55.0,70.0,54.5,45.0,60.0,{'profit_margin_pct': 10.9},"{'revenue_growth_yoy': np.float64(20.0), 'revenue_accelerating': False}","{'rs_3m': np.float64(7.4), 'rs_6m': np.float64(-5.1)}","{'roe_pct': 59.4, 'debt_to_equity': 2.81, 'current_ratio': 0.87, 'operating_margin_pct': 14.1}","{'days_to_earnings': 'N/A', 'recommendation': 'buy', 'analyst_upside_pct': 5.0}",368.89,91976572928,Basic Materials,Specialty Chemicals,2026-02-17T07:11:31.139814
HOLX,"Hologic, Inc.",57.2,‚≠ê AVERAGE,üü° Average,55.0,50.0,56.0,80.0,50.0,{'profit_margin_pct': 13.2},"{'revenue_growth_yoy': np.float64(4.2), 'revenue_accelerating': False}","{'rs_3m': np.float64(-0.7), 'rs_6m': np.float64(4.1)}","{'roe_pct': 10.9, 'debt_to_equity': 0.48, 'current_ratio': 4.04, 'operating_margin_pct': 23.0}","{'days_to_earnings': 'N/A', 'recommendation': 'hold', 'analyst_upside_pct': 2.1}",75.04,16752297984,Healthcare,Medical Instruments & Supplies,2026-02-17T07:11:53.534702
COST,Costco Wholesale Corporation,57.1,‚≠ê AVERAGE,üü° Average,50.0,50.0,54.5,85.0,60.0,{'profit_margin_pct': 3.0},"{'revenue_growth_yoy': np.float64(5.6), 'revenue_accelerating': False}","{'rs_3m': np.float64(8.5), 'rs_6m': np.float64(-1.5)}","{'roe_pct': 30.3, 'debt_to_equity': 0.27, 'current_ratio': 1.04, 'operating_margin_pct': 3.7}","{'days_to_earnings': 'N/A', 'recommendation': 'buy', 'analyst_upside_pct': 2.9}",1018.48,452162027520,Consumer Defensive,Discount Stores,2026-02-17T07:10:51.210578
DLTR,"Dollar Tree, Inc.",57.0,‚≠ê AVERAGE,üü° Average,50.0,70.0,71.0,35.0,50.0,{'profit_margin_pct': -15.4},{'revenue_accelerating': True},"{'rs_3m': np.float64(20.5), 'rs_6m': np.float64(4.5)}","{'roe_pct': 20.1, 'debt_to_equity': 2.21, 'current_ratio': 0.96, 'operating_margin_pct': 6.7}","{'days_to_earnings': 'N/A', 'recommendation': 'hold', 'analyst_upside_pct': -3.7}",126.06,25712185344,Consumer Defensive,Discount Stores,2026-02-17T07:12:09.703481
RCL,Royal Caribbean Cruises Ltd.,57.0,‚≠ê AVERAGE,üü° Average,60.0,50.0,65.0,50.0,60.0,{'profit_margin_pct': 23.8},"{'revenue_growth_yoy': np.float64(6.5), 'revenue_accelerating': False}","{'rs_3m': np.float64(23.6), 'rs_6m': np.float64(-4.1)}","{'roe_pct': 47.7, 'debt_to_equity': 2.15, 'current_ratio': 0.18, 'operating_margin_pct': 22.0}","{'days_to_earnings': 'N/A', 'recommendation': 'buy', 'analyst_upside_pct': 13.7}",319.61,87161782272,Consumer Cyclical,Travel Services,2026-02-17T07:12:01.465140
CPRT,"Copart, Inc.",57.0,‚≠ê AVERAGE,üü° Average,60.0,50.0,30.0,90.0,70.0,{'profit_margin_pct': 34.2},"{'revenue_growth_yoy': np.float64(-0.7), 'revenue_accelerating': True}","{'rs_3m': np.float64(-11.7), 'rs_6m': np.float64(-26.9)}","{'roe_pct': 18.1, 'debt_to_equity': 0.01, 'current_ratio': 7.94, 'operating_margin_pct': 37.3}","{'days_to_earnings': 'N/A', 'recommendation': 'buy', 'analyst_upside_pct': 30.4}",37.49,36290981888,Industrials,Specialty Business Services,2026-02-17T07:12:41.569362
SOLV,Solventum Corporation,56.8,‚≠ê AVERAGE,üü° Average,55.0,50.0,50.0,75.0,65.0,{'profit_margin_pct': 18.1},"{'revenue_growth_yoy': np.float64(1.0), 'revenue_accelerating': False}","{'rs_3m': np.float64(-1.3), 'rs_6m': np.float64(-0.8)}","{'roe_pct': 37.3, 'debt_to_equity': 1.03, 'current_ratio': 1.5, 'operating_margin_pct': 7.8}","{'days_to_earnings': 'N/A', 'recommendation': 'buy', 'analyst_upside_pct': 18.1}",75.55,13103963136,Healthcare,Medical Instruments & Supplies,2026-02-17T07:12:31.948932
CAG,"ConAgra Brands, Inc.",56.8,‚≠ê AVERAGE,üü° Average,50.0,70.0,66.5,40.0,50.0,{'profit_margin_pct': -0.9},"{'revenue_growth_yoy': np.float64(4.9), 'revenue_accelerating': True}","{'rs_3m': np.float64(13.9), 'rs_6m': np.float64(0.7)}","{'roe_pct': -1.2, 'debt_to_equity': 0.94, 'current_ratio': 0.89, 'operating_margin_pct': 11.4}","{'days_to_earnings': 'N/A', 'recommendation': 'hold', 'analyst_upside_pct': -3.6}",19.76,9452580864,Consumer Defensive,Packaged Foods,2026-02-17T07:11:32.798950
CL,Colgate-Palmolive Company,56.7,‚≠ê AVERAGE,üü° Average,55.0,50.0,71.0,50.0,60.0,{'profit_margin_pct': 10.5},"{'revenue_growth_yoy': np.float64(3.8), 'revenue_accelerating': False}","{'rs_3m': np.float64(21.7), 'rs_6m': np.float64(8.5)}","{'roe_pct': 497.5, 'debt_to_equity': 21.88, 'current_ratio': 0.99, 'operating_margin_pct': 20.7}","{'days_to_earnings': 'N/A', 'recommendation': 'buy', 'analyst_upside_pct': -0.6}",96.67,78130700288,Consumer Defensive,Household & Personal Products,2026-02-17T07:10:48.066761
ZBRA,Zebra Technologies Corporation,56.6,‚≠ê AVERAGE,üü° Average,50.0,80.0,34.5,55.0,65.0,{'profit_margin_pct': 7.8},"{'revenue_growth_yoy': np.float64(12.8), 'revenue_accelerating': True}","{'rs_3m': np.float64(7.8), 'rs_6m': np.float64(-23.3)}","{'roe_pct': 11.7, 'debt_to_equity': 0.75, 'current_ratio': 0.97, 'operating_margin_pct': 15.1}","{'days_to_earnings': 'N/A', 'recommendation': 'buy', 'analyst_upside_pct': 28.3}",264.62,13405712384,Technology,Communication Equipment,2026-02-17T07:12:57.767504
EQR,Equity Residential,56.4,‚≠ê AVERAGE,üü° Average,60.0,50.0,54.5,60.0,60.0,{'profit_margin_pct': 36.2},"{'revenue_growth_yoy': np.float64(2.8), 'revenue_accelerating': False}","{'rs_3m': np.float64(7.2), 'rs_6m': np.float64(-4.8)}","{'roe_pct': 10.0, 'debt_to_equity': 0.74, 'current_ratio': 0.11, 'operating_margin_pct': 28.5}","{'days_to_earnings': 'N/A', 'recommendation': 'buy', 'analyst_upside_pct': 9.6}",63.86,25132861440,Real Estate,REIT - Residential,2026-02-17T07:11:27.904502
QCOM,QUALCOMM Incorporated,56.2,‚≠ê AVERAGE,üü° Average,55.0,60.0,35.0,85.0,50.0,{'profit_margin_pct': 12.0},"{'revenue_growth_yoy': np.float64(11.6), 'revenue_accelerating': False}","{'rs_3m': np.float64(-20.7), 'rs_6m': np.float64(-16.5)}","{'roe_pct': 21.5, 'debt_to_equity': 0.64, 'current_ratio': 2.5, 'operating_margin_pct': 27.5}","{'days_to_earnings': 'N/A', 'recommendation': 'hold', 'analyst_upside_pct': 13.8}",140.7,150273949696,Technology,Semiconductors,2026-02-17T07:13:02.395252
MTCH,"Match Group, Inc.",56.2,‚≠ê AVERAGE,üü° Average,55.0,70.0,30.0,65.0,65.0,{'profit_margin_pct': 17.6},"{'revenue_growth_yoy': np.float64(6.3), 'revenue_accelerating': True}","{'rs_3m': np.float64(-7.5), 'rs_6m': np.float64(-26.0)}","{'current_ratio': 1.42, 'operating_margin_pct': 33.4}","{'days_to_earnings': 'N/A', 'recommendation': 'buy', 'analyst_upside_pct': 19.6}",30.5,7338975232,Communication Services,Internet Content & Information,2026-02-17T07:12:56.062068
CDNS,"Cadence Design Systems, Inc.",55.8,‚≠ê AVERAGE,üü° Average,60.0,50.0,30.0,85.0,65.0,{'profit_margin_pct': 20.4},"{'revenue_growth_yoy': np.float64(-1.3), 'revenue_accelerating': True}","{'rs_3m': np.float64(-7.0), 'rs_6m': np.float64(-21.0)}","{'roe_pct': 21.7, 'debt_to_equity': 0.48, 'current_ratio': 3.05, 'operating_margin_pct': 35.1}","{'days_to_earnings': 'N/A', 'recommendation': 'buy', 'analyst_upside_pct': 26.8}",299.46,81599848448,Technology,Software - Application,2026-02-17T07:12:33.457613
LH,Labcorp Holdings Inc.,55.6,‚≠ê AVERAGE,üü° Average,50.0,50.0,54.5,75.0,60.0,{'profit_margin_pct': 6.2},"{'revenue_growth_yoy': np.float64(7.0), 'revenue_accelerating': False}","{'rs_3m': np.float64(4.0), 'rs_6m': np.float64(-1.5)}","{'roe_pct': 10.1, 'debt_to_equity': 0.76, 'current_ratio': 1.55, 'operating_margin_pct': 11.3}","{'days_to_earnings': 'N/A', 'recommendation': 'buy', 'analyst_upside_pct': 6.2}",282.63,23486554112,Healthcare,Diagnostics & Research,2026-02-17T07:11:12.016495
CMG,"Chipotle Mexican Grill, Inc.",54.9,‚≠ê AVERAGE,üü° Average,55.0,50.0,40.5,75.0,65.0,{'profit_margin_pct': 12.9},"{'revenue_growth_yoy': np.float64(3.8), 'revenue_accelerating': False}","{'rs_3m': np.float64(13.9), 'rs_6m': np.float64(-24.1)}","{'roe_pct': 47.4, 'debt_to_equity': 1.79, 'current_ratio': 1.24, 'operating_margin_pct': 15.2}","{'days_to_earnings': 'N/A', 'recommendation': 'buy', 'analyst_upside_pct': 22.1}",36.3,47998689280,Consumer Cyclical,Restaurants,2026-02-17T07:12:49.694495
GRMN,Garmin Ltd.,54.9,‚≠ê AVERAGE,üü° Average,60.0,30.0,54.5,90.0,50.0,{'profit_margin_pct': 22.6},"{'revenue_growth_yoy': np.float64(-2.8), 'revenue_accelerating': False}","{'rs_3m': np.float64(8.8), 'rs_6m': np.float64(-13.4)}","{'roe_pct': 19.7, 'debt_to_equity': 0.02, 'current_ratio': 3.32, 'operating_margin_pct': 25.8}","{'days_to_earnings': 'N/A', 'recommendation': 'none', 'analyst_upside_pct': 9.6}",214.74,41336152064,Technology,Scientific & Technical Instruments,2026-02-17T07:12:11.288131
AVB,"AvalonBay Communities, Inc.",54.8,‚≠ê AVERAGE,üü° Average,60.0,50.0,50.0,55.0,60.0,{'profit_margin_pct': 34.6},"{'revenue_growth_yoy': np.float64(3.5), 'revenue_accelerating': False}","{'rs_3m': np.float64(-1.2), 'rs_6m': np.float64(-12.4)}","{'roe_pct': 8.9, 'debt_to_equity': 0.79, 'current_ratio': 0.23, 'operating_margin_pct': 29.7}","{'days_to_earnings': 'N/A', 'recommendation': 'buy', 'analyst_upside_pct': 12.8}",176.19,24947613696,Real Estate,REIT - Residential,2026-02-17T07:12:17.524997
LULU,lululemon athletica inc.,53.9,‚≠ê AVERAGE,üü° Average,55.0,30.0,54.5,90.0,55.0,{'profit_margin_pct': 15.7},"{'revenue_growth_yoy': np.float64(-29.0), 'revenue_accelerating': False}","{'rs_3m': np.float64(2.2), 'rs_6m': np.float64(-17.7)}","{'roe_pct': 41.0, 'debt_to_equity': 0.39, 'current_ratio': 2.13, 'operating_margin_pct': 17.0}","{'days_to_earnings': 'N/A', 'recommendation': 'hold', 'analyst_upside_pct': 18.5}",176.42,20921499648,Consumer Cyclical,Apparel Retail,2026-02-17T07:12:52.959294
SJM,The J.M. Smucker Company,53.6,‚≠ê AVERAGE,üü° Average,50.0,70.0,54.5,35.0,50.0,{'profit_margin_pct': -13.6},"{'revenue_growth_yoy': np.float64(6.6), 'revenue_accelerating': True}","{'rs_3m': np.float64(0.5), 'rs_6m': np.float64(-4.8)}","{'roe_pct': -17.4, 'debt_to_equity': 1.31, 'current_ratio': 0.89, 'operating_margin_pct': 19.1}","{'days_to_earnings': 'N/A', 'recommendation': 'hold', 'analyst_upside_pct': 3.9}",110.53,11792923648,Consumer Defensive,Packaged Foods,2026-02-17T07:10:55.815695
HD,"Home Depot, Inc. (The)",53.4,‚≠ê AVERAGE,üü° Average,50.0,50.0,54.5,60.0,60.0,{'profit_margin_pct': 8.8},"{'revenue_growth_yoy': np.float64(4.2), 'revenue_accelerating': False}","{'rs_3m': np.float64(5.2), 'rs_6m': np.float64(-7.5)}","{'roe_pct': 162.9, 'debt_to_equity': 5.45, 'current_ratio': 1.05, 'operating_margin_pct': 12.9}","{'days_to_earnings': 'N/A', 'recommendation': 'buy', 'analyst_upside_pct': 1.4}",391.05,389294751744,Consumer Cyclical,Home Improvement Retail,2026-02-17T07:11:19.981486
TRGP,"Targa Resources, Inc.",53.0,‚≠ê AVERAGE,üü° Average,50.0,30.0,85.0,50.0,60.0,{'profit_margin_pct': 9.9},"{'revenue_growth_yoy': np.float64(-5.8), 'revenue_accelerating': False}","{'rs_3m': np.float64(30.8), 'rs_6m': np.float64(32.2)}","{'roe_pct': 49.9, 'debt_to_equity': 6.15, 'current_ratio': 0.77, 'operating_margin_pct': 20.2}","{'days_to_earnings': 'N/A', 'recommendation': 'strong_buy', 'analyst_upside_pct': -4.8}",223.89,48179306496,Energy,Oil & Gas Midstream,2026-02-17T07:11:18.399230
PRU,"Prudential Financial, Inc.",52.5,‚≠ê AVERAGE,üü° Average,50.0,60.0,50.0,50.0,50.0,{'profit_margin_pct': 5.8},"{'revenue_growth_yoy': np.float64(15.8), 'revenue_accelerating': False}","{'rs_3m': np.float64(-3.5), 'rs_6m': np.float64(-5.2)}","{'roe_pct': 11.4, 'debt_to_equity': 1.17, 'current_ratio': 0.92, 'operating_margin_pct': 10.4}","{'days_to_earnings': 'N/A', 'recommendation': 'hold', 'analyst_upside_pct': 9.0}",104.61,36404281344,Financial Services,Insurance - Life,2026-02-17T07:12:51.390155
PODD,Insulet Corporation,52.0,‚≠ê AVERAGE,üü° Average,50.0,60.0,15.0,80.0,70.0,{'profit_margin_pct': 9.8},"{'revenue_growth_yoy': np.float64(18.2), 'revenue_accelerating': False}","{'rs_3m': np.float64(-28.8), 'rs_6m': np.float64(-31.0)}","{'roe_pct': 19.7, 'debt_to_equity': 0.78, 'current_ratio': 2.87, 'operating_margin_pct': 16.7}","{'days_to_earnings': 'N/A', 'recommendation': 'strong_buy', 'analyst_upside_pct': 52.3}",242.74,17087084544,Healthcare,Medical Devices,2026-02-17T07:13:14.596312
FTV,Fortive Corporation,51.7,‚≠ê AVERAGE,üü° Average,55.0,30.0,68.5,60.0,50.0,{'profit_margin_pct': 13.9},"{'revenue_growth_yoy': np.float64(-36.6), 'revenue_accelerating': False}","{'rs_3m': np.float64(7.9), 'rs_6m': np.float64(11.9)}","{'roe_pct': 6.4, 'debt_to_equity': 0.5, 'current_ratio': 0.71, 'operating_margin_pct': 20.1}","{'days_to_earnings': 'N/A', 'recommendation': 'hold', 'analyst_upside_pct': 9.3}",56.9,18072102912,Technology,Scientific & Technical Instruments,2026-02-17T07:11:44.141072
EMR,Emerson Electric Company,51.5,‚≠ê AVERAGE,üü° Average,55.0,30.0,66.5,55.0,60.0,{'profit_margin_pct': 12.7},"{'revenue_growth_yoy': np.float64(-1.9), 'revenue_accelerating': False}","{'rs_3m': np.float64(14.5), 'rs_6m': np.float64(6.8)}","{'roe_pct': 9.6, 'debt_to_equity': 0.69, 'current_ratio': 0.84, 'operating_margin_pct': 24.6}","{'days_to_earnings': 'N/A', 'recommendation': 'buy', 'analyst_upside_pct': 12.5}",148.13,83293806592,Industrials,Specialty Industrial Machinery,2026-02-17T07:12:08.213172
VZ,Verizon Communications Inc.,51.5,‚≠ê AVERAGE,üü° Average,55.0,30.0,66.5,55.0,60.0,{'profit_margin_pct': 12.4},"{'revenue_growth_yoy': np.float64(-5.2), 'revenue_accelerating': False}","{'rs_3m': np.float64(19.5), 'rs_6m': np.float64(8.1)}","{'roe_pct': 17.1, 'debt_to_equity': 1.72, 'current_ratio': 0.91, 'operating_margin_pct': 13.8}","{'days_to_earnings': 'N/A', 'recommendation': 'buy', 'analyst_upside_pct': 0.7}",49.01,206675165184,Communication Services,Telecom Services,2026-02-17T07:10:36.657713
RVTY,"Revvity, Inc.",51.1,‚≠ê AVERAGE,üü° Average,50.0,30.0,54.5,75.0,65.0,{'profit_margin_pct': 8.4},"{'revenue_growth_yoy': np.float64(-4.2), 'revenue_accelerating': False}","{'rs_3m': np.float64(1.1), 'rs_6m': np.float64(-0.6)}","{'roe_pct': 3.2, 'debt_to_equity': 0.46, 'current_ratio': 1.68, 'operating_margin_pct': 19.0}","{'days_to_earnings': 'N/A', 'recommendation': 'buy', 'analyst_upside_pct': 24.5}",96.03,11146448896,Healthcare,Diagnostics & Research,2026-02-17T07:12:30.448762
LW,"Lamb Weston Holdings, Inc.",51.0,‚≠ê AVERAGE,üü° Average,50.0,50.0,50.0,50.0,60.0,{'profit_margin_pct': 6.1},"{'revenue_growth_yoy': np.float64(6.4), 'revenue_accelerating': False}","{'rs_3m': np.float64(-14.9), 'rs_6m': np.float64(-13.2)}","{'roe_pct': 23.2, 'debt_to_equity': 2.25, 'current_ratio': 1.43, 'operating_margin_pct': 9.5}","{'days_to_earnings': 'N/A', 'recommendation': 'buy', 'analyst_upside_pct': 9.7}",49.82,6942540288,Consumer Defensive,Packaged Foods,2026-02-17T07:12:44.876685
SWKS,"Skyworks Solutions, Inc.",51.0,‚≠ê AVERAGE,üü° Average,50.0,50.0,30.0,80.0,55.0,{'profit_margin_pct': 9.7},"{'revenue_growth_yoy': np.float64(8.6), 'revenue_accelerating': False}","{'rs_3m': np.float64(-9.6), 'rs_6m': np.float64(-21.5)}","{'roe_pct': 6.5, 'debt_to_equity': 0.21, 'current_ratio': 2.4, 'operating_margin_pct': 14.7}","{'days_to_earnings': 'N/A', 'recommendation': 'hold', 'analyst_upside_pct': 15.1}",62.1,9338201088,Technology,Semiconductors,2026-02-17T07:12:22.466869
CARR,Carrier Global Corporation,50.4,‚≠ê AVERAGE,üü° Average,50.0,30.0,60.5,65.0,60.0,{'profit_margin_pct': 6.8},"{'revenue_growth_yoy': np.float64(-7.3), 'revenue_accelerating': False}","{'rs_3m': np.float64(17.3), 'rs_6m': np.float64(-5.7)}","{'roe_pct': 10.9, 'debt_to_equity': 0.88, 'current_ratio': 1.2, 'operating_margin_pct': 1.9}","{'days_to_earnings': 'N/A', 'recommendation': 'buy', 'analyst_upside_pct': 9.6}",65.4,54664192000,Industrials,Building Products & Equipment,2026-02-17T07:11:36.174864
CPB,The Campbell's Company,50.0,‚≠ê AVERAGE,üü° Average,50.0,50.0,50.0,50.0,50.0,{'profit_margin_pct': 5.7},"{'revenue_growth_yoy': np.float64(-0.3), 'revenue_accelerating': True}","{'rs_3m': np.float64(-5.9), 'rs_6m': np.float64(-13.3)}","{'roe_pct': 14.8, 'debt_to_equity': 1.85, 'current_ratio': 0.82, 'operating_margin_pct': 14.2}","{'days_to_earnings': 'N/A', 'recommendation': 'hold', 'analyst_upside_pct': 7.0}",29.49,8791979008,Consumer Defensive,Packaged Foods,2026-02-17T07:11:50.301993
TGT,Target Corporation,49.0,‚ö†Ô∏è WEAK,üî¥ Weak,50.0,30.0,71.0,55.0,40.0,{'profit_margin_pct': 3.6},"{'revenue_growth_yoy': np.float64(-18.3), 'revenue_accelerating': False}","{'rs_3m': np.float64(27.3), 'rs_6m': np.float64(8.4)}","{'roe_pct': 25.1, 'debt_to_equity': 1.32, 'current_ratio': 0.97, 'operating_margin_pct': 4.6}","{'days_to_earnings': 'N/A', 'recommendation': 'hold', 'analyst_upside_pct': -10.8}",115.76,52601245696,Consumer Defensive,Discount Stores,2026-02-17T07:11:08.892466
BBY,"Best Buy Co., Inc.",48.8,‚ö†Ô∏è WEAK,üî¥ Weak,50.0,30.0,50.0,65.0,65.0,{'profit_margin_pct': 1.5},"{'revenue_growth_yoy': np.float64(-30.7), 'revenue_accelerating': False}","{'rs_3m': np.float64(-14.2), 'rs_6m': np.float64(-12.3)}","{'roe_pct': 22.5, 'debt_to_equity': 1.55, 'current_ratio': 1.04, 'operating_margin_pct': 4.0}","{'days_to_earnings': 'N/A', 'recommendation': 'buy', 'analyst_upside_pct': 21.4}",65.8,13824663552,Consumer Cyclical,Specialty Retail,2026-02-17T07:12:48.139381
OMC,Omnicom Group Inc.,48.5,‚ö†Ô∏è WEAK,üî¥ Weak,50.0,30.0,50.0,60.0,70.0,{'profit_margin_pct': 8.3},"{'revenue_growth_yoy': np.float64(-6.6), 'revenue_accelerating': False}","{'rs_3m': np.float64(-6.4), 'rs_6m': np.float64(-14.4)}","{'roe_pct': 27.0, 'debt_to_equity': 1.28, 'current_ratio': 0.92, 'operating_margin_pct': 15.6}","{'days_to_earnings': 'N/A', 'recommendation': 'buy', 'analyst_upside_pct': 46.5}",69.0,21896404992,Communication Services,Advertising Agencies,2026-02-17T07:12:46.473408
CHTR,"Charter Communications, Inc.",47.6,‚ö†Ô∏è WEAK,üî¥ Weak,50.0,30.0,60.5,50.0,55.0,{'profit_margin_pct': 9.1},"{'revenue_growth_yoy': np.float64(-1.0), 'revenue_accelerating': False}","{'rs_3m': np.float64(15.0), 'rs_6m': np.float64(-17.3)}","{'roe_pct': 28.7, 'debt_to_equity': 4.82, 'current_ratio': 0.39, 'operating_margin_pct': 24.7}","{'days_to_earnings': 'N/A', 'recommendation': 'hold', 'analyst_upside_pct': 18.3}",239.09,30940485632,Communication Services,Telecom Services,2026-02-17T07:11:05.623958
MET,"MetLife, Inc.",47.2,‚ö†Ô∏è WEAK,üî¥ Weak,50.0,30.0,50.0,55.0,65.0,{'profit_margin_pct': 4.4},"{'revenue_growth_yoy': np.float64(-8.5), 'revenue_accelerating': False}","{'rs_3m': np.float64(-3.8), 'rs_6m': np.float64(-5.1)}","{'roe_pct': 12.0, 'debt_to_equity': 1.3, 'operating_margin_pct': 4.7}","{'days_to_earnings': 'N/A', 'recommendation': 'buy', 'analyst_upside_pct': 18.7}",77.31,50938912768,Financial Services,Insurance - Life,2026-02-17T07:12:27.256484
FISV,"Fiserv, Inc.",47.0,‚ö†Ô∏è WEAK,üî¥ Weak,50.0,50.0,30.0,50.0,60.0,{},"{'revenue_growth_yoy': np.float64(0.2), 'revenue_accelerating': False}","{'rs_3m': np.float64(-9.8), 'rs_6m': np.float64(-62.5)}",{},"{'days_to_earnings': 'N/A', 'recommendation': 'hold', 'analyst_upside_pct': 30.3}",59.36,32267689984,N/A,N/A,2026-02-17T07:13:13.197180
TSCO,Tractor Supply Company,46.8,‚ö†Ô∏è WEAK,üî¥ Weak,50.0,30.0,50.0,55.0,60.0,{'profit_margin_pct': 7.1},"{'revenue_growth_yoy': np.float64(-1.4), 'revenue_accelerating': False}","{'rs_3m': np.float64(-3.4), 'rs_6m': np.float64(-14.8)}","{'roe_pct': 45.2, 'debt_to_equity': 2.3, 'current_ratio': 1.34, 'operating_margin_pct': 7.6}","{'days_to_earnings': 'N/A', 'recommendation': 'buy', 'analyst_upside_pct': 4.7}",55.03,29078048768,Consumer Cyclical,Specialty Retail,2026-02-17T07:11:37.795951
DPZ,Domino's Pizza Inc,46.2,‚ö†Ô∏è WEAK,üî¥ Weak,55.0,30.0,30.0,65.0,65.0,{'profit_margin_pct': 12.2},"{'revenue_growth_yoy': np.float64(-20.6), 'revenue_accelerating': False}","{'rs_3m': np.float64(-9.5), 'rs_6m': np.float64(-22.7)}","{'current_ratio': 1.61, 'operating_margin_pct': 18.1}","{'days_to_earnings': 'N/A', 'recommendation': 'buy', 'analyst_upside_pct': 28.9}",375.5,12747819008,Consumer Cyclical,Restaurants,2026-02-17T07:13:07.079441
