ticker,company,purchase_count,unique_insiders,days_span,first_purchase,last_purchase,total_qty,confidence_score
TPL,Texas Pacific Land Corp,170,1,89,2025-11-21,2026-02-18,170.0,3410
CBC,"Central Bancompany, Inc.",56,8,78,2025-11-26,2026-02-12,677196.0,1200
WRB,Berkley W R Corp,54,1,57,2025-12-23,2026-02-18,30281859.0,1090
MNTR,"Mentor Capital, Inc.",49,1,84,2025-11-26,2026-02-18,114950.0,990
NYC,American Strategic Investment Co.,48,1,72,2025-11-26,2026-02-06,178923.0,970
COSM,Cosmos Health Inc.,47,1,88,2025-11-21,2026-02-17,8691371.0,950
DLPN,"Dolphin Entertainment, Inc.",46,1,78,2025-12-02,2026-02-18,146408.0,930
IRIX,Iridex Corp,41,2,89,2025-11-21,2026-02-18,104713.0,840
UUU,"Universal Safety Products, Inc.",38,1,78,2025-11-25,2026-02-11,1265069.0,770
SPG,Simon Property Group Inc.,38,1,23,2025-12-17,2026-01-09,8764.0,770
LUCY,Innovative Eyewear Inc,34,4,50,2025-12-09,2026-01-28,3783029.0,720
HYMC,Hycroft Mining Holding Corp,35,1,59,2025-12-08,2026-02-05,14001648.0,710
PFBX,Peoples Financial Corp /Ms/,34,2,60,2025-12-11,2026-02-09,71378.0,700
CABA,"Cabaletta Bio, Inc.",32,6,5,2026-01-22,2026-01-27,528292.0,700
KFS,Kingsway Financial Services Inc,33,2,65,2025-12-03,2026-02-06,4968.0,680
MAIA,"Maia Biotechnology, Inc.",33,2,51,2025-11-26,2026-01-16,1175173.0,680
SLGL,Sol-Gel Technologies Ltd.,33,1,77,2025-11-24,2026-02-09,330491.0,670
AVO,"Mission Produce, Inc.",32,1,30,2025-12-31,2026-01-30,12489232.0,650
SPRU,Spruce Power Holding Corp,32,1,62,2025-11-25,2026-01-26,1106491.0,650
NRDY,Nerdy Inc.,32,1,28,2025-11-24,2025-12-22,5748041.0,650
YORW,York Water Co,28,7,29,2025-12-24,2026-01-22,1964.0,630
ELUT,Elutia Inc.,29,4,71,2025-11-27,2026-02-06,916000.0,620
HKHC,Horizon Kinetics Holding Corp,29,3,21,2025-11-24,2025-12-15,1567.0,610
AIRJ,Airjoule Technologies Corp.,27,5,46,2025-12-11,2026-01-26,2470950.0,590
ISBA,Isabella Bank Corp,28,2,7,2026-01-22,2026-01-29,8472.0,580
STEX,Streamex Corp.,26,4,77,2025-11-24,2026-02-09,4601044.0,560
CBKM,Consumers Bancorp Inc /Oh/,26,4,59,2025-12-08,2026-02-05,6208.0,560
LAKE,Lakeland Industries Inc,25,6,30,2025-12-22,2026-01-21,30111.0,560
AUBN,"Auburn National Bancorporation, Inc",26,2,65,2025-12-02,2026-02-05,2570.0,540
CMTV,Community Bancorp /Vt,24,3,44,2026-01-05,2026-02-18,24041.0,510
GPUS,"Hyperscale Data, Inc.",25,1,46,2025-11-21,2026-01-06,6469710.0,510
ONMD,Onemednet Corp,24,3,5,2025-11-27,2025-12-02,15773708.0,510
GTE,Gran Tierra Energy Inc.,24,2,89,2025-11-21,2026-02-18,3714985.0,500
ONCY,Oncolytics Biotech Inc,22,6,27,2026-01-21,2026-02-17,978464.0,500
MIGI,Mawson Infrastructure Group Inc.,24,1,23,2026-01-13,2026-02-05,5721588.0,490
SQNS,Sequans Communications,24,1,22,2026-01-12,2026-02-03,892128.0,490
BUKS,Butler National Corp,23,3,26,2025-12-24,2026-01-19,87210.0,490
RGCO,Rgc Resources Inc,21,3,67,2025-12-04,2026-02-09,267.0,450
NEWT,"Newtekone, Inc.",20,5,44,2025-12-09,2026-01-22,37713.0,450
DMLP,"Dorchester Minerals, L.P.",20,4,83,2025-11-27,2026-02-18,196163.0,440
IMRX,Immuneering Corp,20,4,12,2026-01-15,2026-01-27,207276.0,440
EML,Eastern Co,21,2,31,2025-11-21,2025-12-22,28864.0,440
JYNT,Joint Corp,21,1,84,2025-11-26,2026-02-18,175990.0,430
SRZN,"Surrozen, Inc./De",20,2,77,2025-12-03,2026-02-18,1337639.0,420
RNXT,"Renovorx, Inc.",20,2,64,2025-11-25,2026-01-28,156000.0,420
ALMS,Alumis Inc.,20,2,59,2025-11-21,2026-01-19,6551115.0,420
ANDG,Andersen Group Inc.,20,2,4,2025-12-22,2025-12-26,1593644.0,420
GAIA,"Gaia, Inc",20,2,17,2025-12-09,2025-12-26,50825.0,420
PRPO,"Precipio, Inc.",20,1,66,2025-11-21,2026-01-26,496.0,410
NAVN,"Navan, Inc.",19,3,27,2025-12-19,2026-01-15,11388964.0,410
ALT,"Altimmune, Inc.",20,1,23,2025-12-23,2026-01-15,124108.0,410
MLP,Maui Land & Pineapple Co Inc,19,2,24,2025-11-24,2025-12-18,100278.0,400
COCP,"Cocrystal Pharma, Inc.",19,1,78,2025-11-26,2026-02-12,708000.0,390
FMBM,F&M Bank Corp,19,1,51,2025-12-22,2026-02-11,3288.0,390
LFT,"Lument Finance Trust, Inc.",18,3,48,2025-11-27,2026-01-14,340400.0,390
QDEL,Quidelortho Corp,17,3,89,2025-11-21,2026-02-18,94200.0,370
FGBI,"First Guaranty Bancshares, Inc.",18,1,44,2025-11-24,2026-01-07,1127469.0,370
CHUC,"Charlie'S Holdings, Inc.",16,4,62,2025-12-18,2026-02-18,3250000.0,360
CCFN,Muncy Columbia Financial Corp,17,2,55,2025-12-16,2026-02-09,5475.0,360
HYPD,"Hyperion Defi, Inc.",17,2,17,2025-12-22,2026-01-08,668866.0,360
BMNM,"Bimini Capital Management, Inc.",16,4,5,2025-12-24,2025-12-29,2137980.0,360
SMRT,"Smartrent, Inc.",17,2,24,2025-11-24,2025-12-18,1318172.0,360
EMBY,"Embassy Bancorp, Inc.",15,6,7,2025-12-05,2025-12-12,14934.0,360
AVBC,"Avidia Bancorp, Inc.",15,5,89,2025-11-21,2026-02-18,45237.0,350
TOFB,Tofutti Brands Inc,17,1,45,2025-12-19,2026-02-02,253900.0,350
GLSI,"Greenwich Lifesciences, Inc.",17,1,51,2025-12-01,2026-01-21,54900.0,350
AKTS,"Aktis Oncology, Inc.",16,3,7,2026-01-13,2026-01-20,17611476.0,350
PROP,Prairie Operating Co.,17,1,42,2025-11-25,2026-01-06,6729798.0,350
GLP,Global Partners LP,17,1,38,2025-11-21,2025-12-29,104063.0,350
NEXT,Nextdecade Corp,17,1,26,2025-11-21,2025-12-17,15644427.0,350
WERN,Werner Enterprises Inc,14,7,1,2025-12-02,2025-12-03,12618.0,350
VRCA,Verrica Pharmaceuticals Inc.,15,5,2,2025-11-26,2025-11-28,12709038.0,350
CR,Crane Co,16,2,3,2026-02-03,2026-02-06,21856.0,340
NWFL,Norwood Financial Corp,16,2,6,2026-01-29,2026-02-04,38800.0,340
GME,Gamestop Corp.,16,2,9,2026-01-21,2026-01-30,4116000.0,340
WBI,Waterbridge Infrastructure LLC,16,2,5,2026-01-08,2026-01-13,52572.0,340
CJMB,Callan Jmb Inc.,16,2,32,2025-12-11,2026-01-12,194279.0,340
WYY,Widepoint Corp,16,2,9,2025-12-31,2026-01-09,18000.0,340
NFJ,"Virtus Dividend, Interest & Premium Strategy Fund",16,1,19,2026-01-30,2026-02-18,1279795.0,330
ZIVO,"Zivo Bioscience, Inc.",15,3,77,2025-12-03,2026-02-18,106756.0,330
CZNC,Citizens & Northern Corp,16,1,66,2025-12-09,2026-02-13,1948.0,330
TCBI,Texas Capital Bancshares Inc/Tx,16,1,14,2026-01-28,2026-02-11,94770.0,330
YYAI,Airwa Inc.,16,1,20,2026-01-08,2026-01-28,22615748.0,330
MPB,Mid Penn Bancorp Inc,16,1,47,2025-11-21,2026-01-07,4220.0,330
COO,"Cooper Companies, Inc.",15,3,12,2025-12-17,2025-12-29,48826.0,330
VANI,"Vivani Medical, Inc.",15,2,63,2025-12-17,2026-02-18,18293627.0,320
SGP,"Spyglass Pharma, Inc.",15,2,6,2026-02-11,2026-02-17,19900000.0,320
RAL,Ralliant Corp,15,2,7,2026-02-10,2026-02-17,30890.0,320
BOBS,"Bob'S Discount Furniture, Inc.",15,2,2,2026-02-09,2026-02-11,93885.0,320
MDBH,"Mdb Capital Holdings, LLC",15,2,36,2025-12-04,2026-01-09,74196.0,320
IMNM,Immunome Inc.,15,2,17,2025-12-19,2026-01-05,227561.0,320
AMR,"Alpha Metallurgical Resources, Inc.",15,2,11,2025-12-11,2025-12-22,404152.0,320
PW,Power Reit,15,1,25,2026-01-19,2026-02-13,119692.0,310
APRE,"Aprea Therapeutics, Inc.",14,3,56,2025-12-12,2026-02-06,214577.0,310
NRIM,Northrim Bancorp Inc,14,3,56,2025-12-11,2026-02-05,17432.0,310
UA,"Under Armour, Inc.",15,1,36,2025-12-30,2026-02-04,147268751.0,310
OTH,Off the Hook Ys Inc.,14,3,63,2025-11-25,2026-01-27,99873.0,310
SAIC,Science Applications International Corp,13,5,26,2025-12-17,2026-01-12,7100.0,310
MRUS,Merus N.V.,15,1,17,2025-12-19,2026-01-05,312882113.0,310
MMS,"Maximus, Inc.",13,3,76,2025-12-03,2026-02-17,15868.0,290
LUCK,Lucky Strike Entertainment Corp,13,3,76,2025-12-03,2026-02-17,165602.0,290
EIKN,"Eikon Therapeutics, Inc.",13,3,4,2026-02-09,2026-02-13,9804366.0,290
GABC,"German American Bancorp, Inc.",14,1,36,2025-12-17,2026-01-22,494.0,290
IVFH,Innovative Food Holdings Inc,13,3,11,2026-01-09,2026-01-20,4349999.0,290
DGICA,Donegal Group Inc,14,1,25,2025-11-21,2025-12-16,371600.0,290
CHRW,"C. H. Robinson Worldwide, Inc.",12,4,2,2026-02-16,2026-02-18,9126.0,280
ENTX,Entera Bio Ltd.,13,2,49,2025-12-31,2026-02-18,160000.0,280
CING,Cingulate Inc.,12,4,2,2026-02-11,2026-02-13,99222.0,280
MSTR,Strategy Inc,13,2,62,2025-11-26,2026-01-27,25148.0,280
DLHC,Dlh Holdings Corp.,13,1,67,2025-12-13,2026-02-18,197426.0,270
VRNS,Varonis Systems Inc,12,3,2,2026-02-11,2026-02-13,157515.0,270
MANE,"Veradermics, Inc",12,3,6,2026-02-06,2026-02-12,5308311.0,270
CWBC,Community West Bancshares,12,3,64,2025-12-03,2026-02-05,3268.0,270
NWBI,"Northwest Bancshares, Inc.",13,1,72,2025-11-24,2026-02-04,26002.0,270
ACRV,"Acrivon Therapeutics, Inc.",12,3,6,2026-01-16,2026-01-22,271328.0,270
ADC,Agree Realty Corp,12,3,20,2025-12-30,2026-01-19,158000.0,270
BH,Biglari Holdings Inc.,13,1,27,2025-11-25,2025-12-22,34535.0,270
HYNE,"Hoyne Bancorp, Inc.",12,3,1,2025-12-08,2025-12-09,282852.0,270
SRBK,"Sr Bancorp, Inc.",12,3,13,2025-11-25,2025-12-08,7500.0,270
NWPP,New Peoples Bankshares Inc,12,2,83,2025-11-27,2026-02-18,508595.0,260
GEF,"Greif, Inc",12,2,85,2025-11-24,2026-02-17,52078.0,260
NKE,"Nike, Inc.",12,2,12,2025-12-24,2026-01-05,300316.0,260
AGIG,"Abundia Global Impact Group, Inc.",12,2,9,2025-12-24,2026-01-02,241844.0,260
MDLN,Medline Inc.,12,2,3,2025-12-23,2025-12-26,71006888.0,260
MDRR,"Medalist Diversified Reit, Inc.",12,2,12,2025-12-04,2025-12-16,230194.0,260
CDNL,Cardinal Infrastructure Group Inc.,12,2,3,2025-12-12,2025-12-15,123000.0,260
TENX,"Tenax Therapeutics, Inc.",11,4,24,2025-11-21,2025-12-15,47196.0,260
INV,"Innventure, Inc.",11,4,11,2025-11-24,2025-12-05,109686.0,260
BWFG,"Bankwell Financial Group, Inc.",12,1,70,2025-12-09,2026-02-17,7616.0,250
THM,International Tower Hill Mines Ltd,12,1,8,2026-01-28,2026-02-05,129947212.0,250
PETV,"Petvivo Holdings, Inc.",12,1,3,2026-01-19,2026-01-22,3937240.0,250
LB,Landbridge Co LLC,12,1,5,2026-01-08,2026-01-13,14168.0,250
VENU,Venu Holding Corp,12,1,9,2025-12-31,2026-01-09,20984.0,250
EP,Empire Petroleum Corp,12,1,38,2025-12-02,2026-01-09,65404.0,250
BOC,Boston Omaha Corp,12,1,5,2025-12-31,2026-01-05,418500.0,250
PPTIN,"Presidio Property Trust, Inc.",12,1,5,2025-12-31,2026-01-05,84000.0,250
ASTS,"Ast Spacemobile, Inc.",12,1,38,2025-11-25,2026-01-02,8095.0,250
NWTG,"Newton Golf Company, Inc.",11,3,42,2025-11-21,2026-01-02,296098.0,250
VSTS,Vestis Corp,11,3,18,2025-12-08,2025-12-26,3471684.0,250
RZLT,"Rezolute, Inc.",10,5,3,2025-12-16,2025-12-19,245500.0,250
CFBK,Cf Bankshares Inc.,11,3,10,2025-12-09,2025-12-19,5471.0,250
DFDV,Defi Development Corp.,11,3,19,2025-11-26,2025-12-15,110256.0,250
SELF,"Global Self Storage, Inc.",11,3,18,2025-11-21,2025-12-09,97146.0,250
FUSB,"First Us Bancshares, Inc.",12,1,14,2025-11-24,2025-12-08,28270.0,250
LSAK,Lesaka Technologies Inc,11,2,65,2025-12-10,2026-02-13,5752533.0,240
AZO,Autozone Inc,11,2,13,2025-12-13,2025-12-26,1333.0,240
SVCO,"Silvaco Group, Inc.",10,4,26,2025-11-21,2025-12-17,118200.0,240
FOSL,"Fossil Group, Inc.",10,4,17,2025-11-21,2025-12-08,459782.0,240
CGEH,"Capstone Green Energy Holdings, Inc.",10,4,2,2025-11-26,2025-11-28,347500.0,240
GALT,Galectin Therapeutics Inc,11,1,50,2025-12-24,2026-02-12,25700.0,230
QNTO,"Quaint Oak Bancorp, Inc.",10,3,81,2025-11-21,2026-02-10,9756.0,230
UTZ,"Utz Brands, Inc.",10,3,48,2025-11-25,2026-01-12,105524.0,230
STRR,"Star Equity Holdings, Inc.",11,1,46,2025-11-21,2026-01-06,663964.0,230
XZO,"Exzeo Group, Inc.",10,3,16,2025-12-10,2025-12-26,92120.0,230
BRR,"Procap Financial, Inc.",10,3,7,2025-12-19,2025-12-26,749000.0,230
NRDE,Nu Ride Inc.,11,1,31,2025-11-21,2025-12-22,507488.0,230
GRNT,"Granite Ridge Resources, Inc.",11,1,28,2025-11-21,2025-12-19,48736.0,230
ZBIO,"Zenas Biopharma, Inc.",10,2,37,2026-01-12,2026-02-18,537535.0,220
TTRX,Turn Therapeutics Inc.,10,2,22,2025-11-24,2025-12-16,72404.0,220
ACVA,Acv Auctions Inc.,10,1,57,2025-12-18,2026-02-13,201336.0,210
STAA,Staar Surgical Co,10,1,56,2025-11-24,2026-01-19,4736552.0,210
ANNX,"Annexon, Inc.",10,1,47,2025-11-21,2026-01-07,3231801.0,210
MYSZ,"My Size, Inc.",10,1,42,2025-11-24,2026-01-05,76405.0,210
ROLR,"High Roller Technologies, Inc.",9,3,17,2025-12-09,2025-12-26,61040.0,210
GRND,Grindr Inc.,10,1,9,2025-12-03,2025-12-12,1760000.0,210
RPD,"Rapid7, Inc.",9,3,13,2025-11-25,2025-12-08,321490.0,210
KVHI,Kvh Industries Inc De,9,2,76,2025-12-03,2026-02-17,385980.0,200
TBBK,"Bancorp, Inc.",9,2,11,2026-02-06,2026-02-17,27240.0,200
FRST,Primis Financial Corp.,9,2,62,2025-12-13,2026-02-13,15094.0,200
FAST,Fastenal Co,9,2,84,2025-11-21,2026-02-13,2280.0,200
LIFE,Ethos Technologies Inc.,9,2,4,2026-02-02,2026-02-06,1323677.0,200
ATLO,Ames National Corp,9,2,73,2025-11-25,2026-02-06,1760.0,200
IPSC,"Century Therapeutics, Inc.",9,2,42,2025-11-21,2026-01-02,458240.0,200
ELAN,Elanco Animal Health Inc,8,4,2,2025-12-16,2025-12-18,86900.0,200
PARK,"Park Dental Partners, Inc.",9,2,4,2025-12-04,2025-12-08,31629.0,200
J,Jacobs Solutions Inc.,9,2,2,2025-11-26,2025-11-28,7539.0,200
NEOG,Neogen Corp,9,1,30,2026-01-19,2026-02-18,767.0,190
BMI,Badger Meter Inc,8,3,3,2026-02-10,2026-02-13,21660.0,190
PEBO,Peoples Bancorp Inc,9,1,64,2025-11-26,2026-01-29,2828.0,190
VAC,Marriott Vacations Worldwide Corp,8,3,54,2025-11-21,2026-01-14,91036.0,190
IOR,Income Opportunity Realty Investors Inc /Tx/,9,1,33,2025-12-10,2026-01-12,7780.0,190
QNBC,Qnb Corp.,9,1,48,2025-11-25,2026-01-12,4225.0,190
ADMQ,"Adm Endeavors, Inc.",9,1,24,2025-12-13,2026-01-06,1872200.0,190
PODC,"Podcastone, Inc.",9,1,29,2025-11-24,2025-12-23,62819.0,190
AFCG,Advanced Flower Capital Inc.,9,1,13,2025-12-04,2025-12-17,392000.0,190
BLND,"Blend Labs, Inc.",9,1,17,2025-11-21,2025-12-08,6973599.0,190
MSBI,"Midland States Bancorp, Inc.",8,3,3,2025-12-05,2025-12-08,32196.0,190
EONR,Eon Resources Inc.,8,3,8,2025-11-25,2025-12-03,401474.0,190
GLOO,"Gloo Holdings, Inc.",8,3,3,2025-11-21,2025-11-24,1575500.0,190
IP,International Paper Co /New/,8,2,4,2026-02-02,2026-02-06,300000.0,180
CCNE,Cnb Financial Corp/Pa,8,2,3,2026-02-03,2026-02-06,7500.0,180
CBK,"Commercial Bancgroup, Inc.",8,2,4,2026-02-02,2026-02-06,2864.0,180
AIG,"American International Group, Inc.",8,2,36,2026-01-01,2026-02-06,164.0,180
AMTB,Amerant Bancorp Inc.,8,2,7,2026-01-29,2026-02-05,23264.0,180
ALLY,Ally Financial Inc.,8,2,8,2026-01-26,2026-02-03,141464.0,180
RLI,Rli Corp,8,2,3,2026-01-26,2026-01-29,28000.0,180
VIRC,Virco Mfg Corporation,8,2,11,2026-01-08,2026-01-19,18000.0,180
INTZ,Intrusion Inc,8,2,3,2026-01-13,2026-01-16,18700.0,180
PMCB,"Pharmacyte Biotech, Inc.",8,2,5,2026-01-08,2026-01-13,640000.0,180
UPXI,"Upexi, Inc.",8,2,35,2025-11-24,2025-12-29,700000.0,180
BFLY,"Butterfly Network, Inc.",8,2,25,2025-11-24,2025-12-19,9130344.0,180
ULBI,Ultralife Corp,8,2,24,2025-11-24,2025-12-18,168628.0,180
DOMH,Dominari Holdings Inc.,8,2,4,2025-12-11,2025-12-15,192000.0,180
IMMX,"Immix Biopharma, Inc.",8,2,4,2025-12-11,2025-12-15,6064.0,180
SCKT,"Socket Mobile, Inc.",8,2,12,2025-11-21,2025-12-03,137654.0,180
BCDA,"Biocardia, Inc.",8,1,53,2025-12-18,2026-02-09,11900.0,170
USAR,"USA Rare Earth, Inc.",8,1,5,2026-01-30,2026-02-04,405200.0,170
BDSX,Biodesix Inc,8,1,6,2026-01-27,2026-02-02,729860.0,170
TCI,Transcontinental Realty Investors Inc,8,1,12,2026-01-15,2026-01-27,560184.0,170
PALI,"Palisade Bio, Inc.",8,1,13,2026-01-14,2026-01-27,40000.0,170
MYNZ,Mainz Biomed N.V.,8,1,7,2026-01-19,2026-01-26,5315400.0,170
LMNR,Limoneira Co,8,1,8,2026-01-07,2026-01-15,100000.0,170
INDV,Indivior Plc,8,1,5,2026-01-08,2026-01-13,10184.0,170
FKYS,First Keystone Corp,8,1,9,2025-12-31,2026-01-09,11200.0,170
SUNS,"Sunrise Realty Trust, Inc.",8,1,47,2025-11-21,2026-01-07,535580.0,170
PHIO,Phio Pharmaceuticals Corp.,8,1,43,2025-11-25,2026-01-07,40000.0,170
BNTC,Benitec Biopharma Inc.,8,1,10,2025-12-23,2026-01-02,761456.0,170
ARX,Accelerant Holdings,7,3,31,2025-11-21,2025-12-22,90684.0,170
MMLP,Martin Midstream Partners L.P.,8,1,20,2025-11-26,2025-12-16,86109.0,170
AEBI,Aebi Schmidt Holding AG,7,3,16,2025-11-24,2025-12-10,40000.0,170
ALIT,"Alight, Inc. / Delaware",8,1,12,2025-11-26,2025-12-08,304134.0,170
COCH,"Envoy Medical, Inc.",6,4,0,2026-02-18,2026-02-18,20433650.0,160
ASST,"Strive, Inc.",7,2,63,2025-12-17,2026-02-18,3041890.0,160
PRU,Prudential Financial Inc,7,2,8,2026-02-10,2026-02-18,4450.0,160
SPGI,S&P Global Inc.,7,2,32,2026-01-16,2026-02-17,7592.0,160
TECX,"Tectonic Therapeutic, Inc.",7,2,5,2026-02-12,2026-02-17,31500.0,160
SPT,"Sprout Social, Inc.",7,2,31,2025-12-19,2026-01-19,647919.0,160
AISP,"Airship Ai Holdings, Inc.",7,2,45,2025-11-21,2026-01-05,512000.0,160
ICU,Seastar Medical Holding Corp,7,2,14,2025-12-12,2025-12-26,60300.0,160
NXDT,Nexpoint Diversified Real Estate Trust,7,2,19,2025-11-21,2025-12-10,55407.0,160
CNVS,Cineverse Corp.,5,5,0,2026-02-18,2026-02-18,202500.0,150
BFST,"Business First Bancshares, Inc.",7,1,20,2026-01-28,2026-02-17,6360.0,150
MHH,"Mastech Digital, Inc.",7,1,56,2025-12-12,2026-02-06,31739.0,150
HQI,"Hirequest, Inc.",7,1,8,2025-12-30,2026-01-07,106216.0,150
SLSN,"Solesence, Inc.",7,1,24,2025-12-12,2026-01-05,115168.0,150
ELWT,"Elauwit Connection, Inc.",6,3,2,2025-12-16,2025-12-18,17000.0,150
NSPR,"Inspiremd, Inc.",7,1,7,2025-12-08,2025-12-15,45625.0,150
ANVS,"Annovis Bio, Inc.",7,1,16,2025-11-24,2025-12-10,247600.0,150
LAB,Standard Biotools Inc.,7,1,17,2025-11-21,2025-12-08,25950000.0,150
LBRA,1847 Holdings LLC,7,1,17,2025-11-21,2025-12-08,1925098.0,150
OWL,Blue Owl Capital Inc.,6,3,1,2025-12-04,2025-12-05,633340.0,150
ENR,"Energizer Holdings, Inc.",6,3,2,2025-12-03,2025-12-05,52000.0,150
ARE,"Alexandria Real Estate Equities, Inc.",6,2,67,2025-12-13,2026-02-18,84300.0,140
SMBK,Smartfinancial Inc.,6,2,15,2026-01-29,2026-02-13,3270.0,140
SHBI,Shore Bancshares Inc,6,2,83,2025-11-21,2026-02-12,23500.0,140
IT,Gartner Inc,6,2,61,2025-12-13,2026-02-12,130050.0,140
SOFI,"Sofi Technologies, Inc.",6,2,5,2026-02-06,2026-02-11,30000.0,140
ABT,Abbott Laboratories,6,2,14,2026-01-27,2026-02-10,95200.0,140
NBBK,"Nb Bancorp, Inc.",6,2,45,2025-12-22,2026-02-05,49736.0,140
FWDI,"Forward Industries, Inc.",6,2,10,2025-12-16,2025-12-26,42000.0,140
SCWO,374Water Inc.,6,2,5,2025-12-18,2025-12-23,1410000.0,140
OPTT,"Ocean Power Technologies, Inc.",6,2,2,2025-12-16,2025-12-18,57542.0,140
BMEA,"Biomea Fusion, Inc.",6,2,14,2025-12-03,2025-12-17,360000.0,140
CE,Celanese Corp,6,2,4,2025-12-12,2025-12-16,26400.0,140
AARD,"Aardvark Therapeutics, Inc.",6,2,3,2025-12-13,2025-12-16,30000.0,140
BLNK,Blink Charging Co.,6,2,3,2025-12-13,2025-12-16,295998.0,140
OFLX,"Omega Flex, Inc.",6,2,21,2025-11-25,2025-12-16,9152.0,140
ICCC,Immucell Corp /De/,6,2,7,2025-12-01,2025-12-08,38162.0,140
BRN,Barnwell Industries Inc,6,2,4,2025-11-27,2025-12-01,310077.0,140
AXR,Amrep Corp.,6,1,5,2026-02-13,2026-02-18,40446.0,130
TENB,"Tenable Holdings, Inc.",6,1,8,2026-02-10,2026-02-18,49500.0,130
SNES,"Senestech, Inc.",6,1,9,2026-02-09,2026-02-18,119745.0,130
PBHC,"Pathfinder Bancorp, Inc.",6,1,9,2026-02-09,2026-02-18,7143.0,130
OVBC,Ohio Valley Banc Corp,6,1,2,2026-02-16,2026-02-18,312.0,130
FNRN,First Northern Community Bancorp,6,1,4,2026-02-13,2026-02-17,8679.0,130
LFVN,Lifevantage Corp,6,1,61,2025-12-18,2026-02-17,17430.0,130
BOTJ,Bank of the James Financial Group Inc,6,1,77,2025-12-02,2026-02-17,2600.0,130
NG,Novagold Resources Inc,6,1,4,2026-02-09,2026-02-13,79410.0,130
KMB,Kimberly Clark Corp,6,1,3,2026-02-09,2026-02-12,30798.0,130
NZF,Nuveen Municipal Credit Income Fund,6,1,27,2026-01-06,2026-02-02,19254.0,130
EHSI,Elite Health Systems Inc.,6,1,41,2025-12-04,2026-01-14,2919768.0,130
CLYM,"Climb Bio, Inc.",6,1,28,2025-12-16,2026-01-13,657566.0,130
RDGL,Vivos Inc,6,1,46,2025-11-21,2026-01-06,800000.0,130
ABTC,American Bitcoin Corp.,6,1,10,2025-12-19,2025-12-29,754000.0,130
NTST,Netstreit Corp.,6,1,17,2025-12-09,2025-12-26,6000.0,130
HNRG,Hallador Energy Co,6,1,31,2025-11-24,2025-12-25,106000.0,130
SCND,Scientific Industries Inc,6,1,6,2025-12-16,2025-12-22,76400.0,130
LCGMF,Lion Copper & Gold Corp.,6,1,6,2025-12-16,2025-12-22,3309519.0,130
DTIL,Precision Biosciences Inc,6,1,1,2025-12-18,2025-12-19,14162.0,130
SILO,"Silo Pharma, Inc.",6,1,28,2025-11-21,2025-12-19,31000.0,130
IAUX,I-80 Gold Corp.,6,1,19,2025-11-27,2025-12-16,150000.0,130
MGLD,"Marygold Companies, Inc.",6,1,22,2025-11-24,2025-12-16,125704.0,130
CNTM,"Connectm Technology Solutions, Inc.",6,1,3,2025-12-12,2025-12-15,1087203.0,130
TBTC,Table Trac Inc,6,1,4,2025-12-08,2025-12-12,88704.0,130
UFI,Unifi Inc,6,1,7,2025-12-02,2025-12-09,200000.0,130
ADTN,"Adtran Holdings, Inc.",5,3,7,2025-11-26,2025-12-03,78946.0,130
HSY,Hershey Co,5,3,5,2025-11-26,2025-12-01,2800.0,130
BBWI,"Bath & Body Works, Inc.",6,1,1,2025-11-25,2025-11-26,66013.0,130
BY,"Byline Bancorp, Inc.",5,2,19,2026-01-30,2026-02-18,1426.0,120
FRAF,Franklin Financial Services Corp /Pa/,5,2,73,2025-12-01,2026-02-12,1178.0,120
AASP,Agassi Sports Entertainment Corp.,5,2,11,2026-01-29,2026-02-09,5000.0,120
LOB,"Live Oak Bancshares, Inc.",5,2,70,2025-11-25,2026-02-03,11380.0,120
UWHR,Uwharrie Capital Corp,5,2,21,2025-12-17,2026-01-07,2987.0,120
CRM,"Salesforce, Inc.",5,2,14,2025-12-09,2025-12-23,197808.0,120
ADGM,"Adagio Medical Holdings, Inc.",5,2,6,2025-12-16,2025-12-22,651945.0,120
WMG,Warner Music Group Corp.,5,2,11,2025-12-05,2025-12-16,178954.0,120
WEST,Westrock Coffee Co,5,2,21,2025-11-24,2025-12-15,370000.0,120
ADVM,"Adverum Biotechnologies, Inc.",5,2,2,2025-12-09,2025-12-11,486097.0,120
FRD,Friedman Industries Inc,5,2,12,2025-11-26,2025-12-08,5000.0,120
AP,Ampco Pittsburgh Corp,5,2,7,2025-11-27,2025-12-04,317000.0,120
IIPR,Innovative Industrial Properties Inc,5,2,7,2025-11-21,2025-11-28,10400.0,120
PDYN,Palladyne Ai Corp.,5,2,5,2025-11-21,2025-11-26,27300.0,120
CINF,Cincinnati Financial Corp,5,1,72,2025-12-08,2026-02-18,3280.0,110
OVLY,Oak Valley Bancorp,5,1,83,2025-11-27,2026-02-18,2014.0,110
APCX,Apptech Payments Corp.,5,1,79,2025-12-01,2026-02-18,359200.0,110
AVTR,"Avantor, Inc.",5,1,69,2025-12-10,2026-02-17,1000000.0,110
MNRO,"Monro, Inc.",5,1,3,2026-02-09,2026-02-12,64950.0,110
BV,"Brightview Holdings, Inc.",5,1,70,2025-12-04,2026-02-12,35000.0,110
ECBK,"Ecb Bancorp, Inc. /Md/",5,1,64,2025-12-10,2026-02-12,13600.0,110
RUM,Rumble Inc.,5,1,79,2025-11-24,2026-02-11,4458376.0,110
EMPD,Empery Digital Inc.,5,1,7,2026-02-02,2026-02-09,2405649.0,110
FUNC,First United Corp/Md/,4,3,0,2026-02-09,2026-02-09,310.0,110
Q,"Qnity Electronics, Inc.",5,1,71,2025-11-24,2026-02-03,7240.0,110
CVM,Cel Sci Corp,5,1,53,2025-12-08,2026-01-30,160481.0,110
FNGR,"Fingermotion, Inc.",5,1,24,2025-12-09,2026-01-02,50000.0,110
EPSN,Epsilon Energy Ltd.,5,1,32,2025-11-24,2025-12-26,135200.0,110
LITS,"Lite Strategy, Inc.",5,1,35,2025-11-21,2025-12-26,292100.0,110
GLGI,"Greystone Logistics, Inc.",5,1,35,2025-11-21,2025-12-26,75000.0,110
KLXE,"Klx Energy Services Holdings, Inc.",5,1,3,2025-12-16,2025-12-19,149500.0,110
SXTP,"60 Degrees Pharmaceuticals, Inc.",5,1,6,2025-12-13,2025-12-19,54936.0,110
WVVI,Willamette Valley Vineyards Inc,4,3,23,2025-11-25,2025-12-18,12121.0,110
MIDD,Middleby Corp,5,1,7,2025-12-10,2025-12-17,208146.0,110
RHEP,"Regional Health Properties, Inc",5,1,5,2025-12-10,2025-12-15,28953.0,110
MNR,Mach Natural Resources LP,5,1,16,2025-11-26,2025-12-12,183660.0,110
TISI,Team Inc,5,1,6,2025-12-04,2025-12-10,48094.0,110
WAFD,Wafd Inc,5,1,8,2025-11-27,2025-12-05,15000.0,110
HLF,Herbalife Ltd.,5,1,13,2025-11-21,2025-12-04,37600.0,110
WTW,Willis Towers Watson Plc,4,2,2,2026-02-16,2026-02-18,4223.0,100
CVCO,"Cavco Industries, Inc.",4,2,1,2026-02-09,2026-02-10,2300.0,100
SEI,"Solaris Energy Infrastructure, Inc.",4,2,3,2025-12-19,2025-12-22,16578.0,100
GOGO,Gogo Inc.,4,2,28,2025-11-21,2025-12-19,599991.0,100
CTTH,"Ctt Pharmaceutical Holdings, Inc.",4,2,25,2025-11-24,2025-12-19,279500.0,100
RLMD,"Relmada Therapeutics, Inc.",4,2,1,2025-12-17,2025-12-18,78330.0,100
SI,"Shoulder Innovations, Inc.",4,2,1,2025-12-16,2025-12-17,18400.0,100
SRTA,"Strata Critical Medical, Inc.",4,2,4,2025-12-08,2025-12-12,44000.0,100
JFB,Jfb Construction Holdings,4,2,2,2025-12-10,2025-12-12,14900.0,100
FISV,Fiserv Inc,4,2,1,2025-12-03,2025-12-04,49800.0,100
GSHD,"Goosehead Insurance, Inc.",4,2,2,2025-12-01,2025-12-03,14200.0,100
KTTA,Pasithea Therapeutics Corp.,4,2,1,2025-12-02,2025-12-03,333332.0,100
AUID,Authid Inc.,4,2,6,2025-11-25,2025-12-01,248558.0,100
TPC,Tutor Perini Corp,4,2,7,2025-11-21,2025-11-28,125000.0,100
SAVA,Cassava Sciences Inc,4,2,5,2025-11-21,2025-11-26,305370.0,100
WEN,Wendy'S Co,4,2,1,2025-11-24,2025-11-25,4400.0,100
CNS,"Cohen & Steers, Inc.",4,2,3,2025-11-21,2025-11-24,250000.0,100
RHLD,"Resolute Holdings Management, Inc.",4,2,3,2025-11-21,2025-11-24,8336.0,100
SONO,Sonos Inc,4,1,9,2026-02-09,2026-02-18,2846429.0,90
ONEW,Onewater Marine Inc.,4,1,84,2025-11-26,2026-02-18,116238.0,90
KKR,Kkr & Co. Inc.,4,1,5,2026-02-12,2026-02-17,200000.0,90
FEED,"Envue Medical, Inc.",4,1,5,2026-02-12,2026-02-17,960000.0,90
LAW,"Cs Disco, Inc.",4,1,5,2026-02-12,2026-02-17,12000.0,90
AVR,Anteris Technologies Global Corp.,4,1,3,2026-02-10,2026-02-13,20000000.0,90
CEPS,"Cantor Equity Partners Vi, Inc.",4,1,3,2026-02-10,2026-02-13,1200000.0,90
PATK,Patrick Industries Inc,4,1,3,2026-02-10,2026-02-13,4000.0,90
OFRM,"Once Upon A Farm, Pbc",4,1,3,2026-02-10,2026-02-13,22220.0,90
BATRA,"Atlanta Braves Holdings, Inc.",4,1,79,2025-11-24,2026-02-11,118266.0,90
PAYX,Paychex Inc,4,1,1,2026-02-09,2026-02-10,4000.0,90
SHCO,Soho House & Co Inc.,4,1,3,2026-02-03,2026-02-06,44444444.0,90
CNXC,Concentrix Corp,4,1,3,2026-02-03,2026-02-06,4000.0,90
FCBC,First Community Bankshares Inc /Va/,4,1,3,2026-02-03,2026-02-06,2004.0,90
FCCO,First Community Corp /Sc/,4,1,3,2026-02-03,2026-02-06,2000.0,90
SGU,"Star Group, L.P.",4,1,3,2026-02-03,2026-02-06,420.0,90
MLAA,Mountain Lake Acquisition Corp. II,4,1,3,2026-02-02,2026-02-05,2040000.0,90
NOMA,Nomadar Corp.,4,1,3,2026-02-02,2026-02-05,1041732.0,90
IBM,International Business Machines Corp,4,1,3,2026-02-02,2026-02-05,4000.0,90
AGL,"Agilon Health, Inc.",4,1,3,2026-02-02,2026-02-05,324000.0,90
PKBK,"Parke Bancorp, Inc.",4,1,3,2026-02-02,2026-02-05,4000.0,90
BFC,Bank First Corp,4,1,3,2026-02-02,2026-02-05,600.0,90
RMBI,"Richmond Mutual Bancorporation, Inc.",4,1,3,2026-02-02,2026-02-05,1140.0,90
NBTB,Nbt Bancorp Inc,4,1,5,2026-01-30,2026-02-04,90920.0,90
WS,"Worthington Steel, Inc.",4,1,5,2026-01-30,2026-02-04,28000.0,90
ANIX,Anixa Biosciences Inc,4,1,5,2026-01-30,2026-02-04,40000.0,90
STRW,"Strawberry Fields Reit, Inc.",4,1,5,2026-01-30,2026-02-04,5724.0,90
EMAT,Evolution Metals & Technologies Corp.,4,1,5,2026-01-30,2026-02-04,4000.0,90
HLXC,Helix Acquisition Corp. III,4,1,5,2026-01-29,2026-02-03,3200000.0,90
FATN,Fatpipe Inc/Ut,4,1,5,2026-01-29,2026-02-03,18000.0,90
UBSI,United Bankshares Inc/Wv,4,1,5,2026-01-29,2026-02-03,404.0,90
MIRM,"Mirum Pharmaceuticals, Inc.",4,1,5,2026-01-28,2026-02-02,525700.0,90
INTC,Intel Corp,4,1,5,2026-01-28,2026-02-02,23528.0,90
EQPT,Equipmentshare.Com Inc,4,1,5,2026-01-28,2026-02-02,17140.0,90
CRSP,Crispr Therapeutics AG,4,1,5,2026-01-28,2026-02-02,6032.0,90
PMT,Pennymac Mortgage Investment Trust,4,1,5,2026-01-28,2026-02-02,5804.0,90
CVS,Cvs Health Corp,4,1,5,2026-01-28,2026-02-02,96.0,90
UAA,"Under Armour, Inc.",4,1,3,2026-01-27,2026-01-30,9341400.0,90
QTIH,"Qt Imaging Holdings, Inc.",4,1,3,2026-01-26,2026-01-29,96428.0,90
CMC,Commercial Metals Co,4,1,5,2026-01-23,2026-01-28,8000.0,90
RMCF,"Rocky Mountain Chocolate Factory, Inc.",4,1,5,2026-01-23,2026-01-28,45200.0,90
FIS,"Fidelity National Information Services, Inc.",4,1,5,2026-01-21,2026-01-26,3764.0,90
AKAN,Akanda Corp.,4,1,5,2026-01-21,2026-01-26,116144.0,90
PLAY,"Dave & Buster'S Entertainment, Inc.",4,1,5,2026-01-21,2026-01-26,2920.0,90
SRCO,"Sparta Commercial Services, Inc.",4,1,5,2026-01-21,2026-01-26,292000.0,90
AHH,"Armada Hoffler Properties, Inc.",4,1,5,2026-01-21,2026-01-26,1312.0,90
NVT,Nvent Electric Plc,4,1,3,2026-01-19,2026-01-22,8000.0,90
PK,Park Hotels & Resorts Inc.,4,1,3,2026-01-19,2026-01-22,11796.0,90
PRIM,Primoris Services Corp,4,1,3,2026-01-19,2026-01-22,48.0,90
MU,Micron Technology Inc,4,1,5,2026-01-16,2026-01-21,92800.0,90
GBCS,"Selectis Health, Inc.",4,1,5,2026-01-15,2026-01-20,24768.0,90
CLNN,Clene Inc.,4,1,5,2026-01-14,2026-01-19,133332.0,90
AMPG,"Amplitech Group, Inc.",4,1,5,2026-01-14,2026-01-19,8000.0,90
LPG,Dorian Lpg Ltd.,4,1,3,2026-01-12,2026-01-15,60000.0,90
APG,Api Group Corp,4,1,3,2026-01-12,2026-01-15,28000.0,90
ZNTL,"Zentalis Pharmaceuticals, Inc.",4,1,5,2026-01-09,2026-01-14,25839892.0,90
UPBD,"Upbound Group, Inc.",4,1,5,2026-01-09,2026-01-14,10008.0,90
MWA,"Mueller Water Products, Inc.",4,1,5,2026-01-09,2026-01-14,4500.0,90
PAR,Par Technology Corp,4,1,5,2026-01-08,2026-01-13,784140.0,90
FLYW,Flywire Corp,4,1,5,2026-01-08,2026-01-13,904448.0,90
NTLA,"Intellia Therapeutics, Inc.",4,1,5,2026-01-08,2026-01-13,600000.0,90
CDTX,"Cidara Therapeutics, Inc.",4,1,5,2026-01-08,2026-01-13,17048.0,90
RPLRT,Rithm Perpetual Life Residential Trust,4,1,5,2026-01-08,2026-01-13,60000.0,90
UNFI,United Natural Foods Inc,4,1,5,2026-01-07,2026-01-12,68000.0,90
CASY,Caseys General Stores Inc,4,1,5,2026-01-07,2026-01-12,1200.0,90
RCKT,"Rocket Pharmaceuticals, Inc.",4,1,5,2026-01-07,2026-01-12,40000.0,90
CPAY,"Corpay, Inc.",4,1,3,2026-01-06,2026-01-09,32000.0,90
GTLB,Gitlab Inc.,4,1,3,2026-01-06,2026-01-09,13104.0,90
OSG,Octave Specialty Group Inc,4,1,3,2026-01-06,2026-01-09,48000.0,90
NNUP,Nocopi Technologies Inc/Md/,4,1,3,2026-01-06,2026-01-09,133332.0,90
LTC,Ltc Properties Inc,4,1,3,2026-01-05,2026-01-08,40000.0,90
FG,"F&G Annuities & Life, Inc.",4,1,47,2025-11-21,2026-01-07,20000.0,90
EFOI,"Energy Focus, Inc/De",4,1,5,2026-01-01,2026-01-06,1048036.0,90
LGL,Lgl Group Inc,4,1,5,2026-01-01,2026-01-06,381548.0,90
IRD,"Opus Genetics, Inc.",4,1,5,2026-01-01,2026-01-06,656000.0,90
CLPR,Clipper Realty Inc.,4,1,5,2026-01-01,2026-01-06,233052.0,90
AROW,Arrow Financial Corp,4,1,5,2025-12-31,2026-01-05,12140.0,90
SGRP,"Spar Group, Inc.",4,1,5,2025-12-31,2026-01-05,220000.0,90
NMCO,Nuveen Municipal Credit Opportunities Fund,4,1,5,2025-12-31,2026-01-05,6000.0,90
MBIO,"Mustang Bio, Inc.",4,1,5,2025-12-31,2026-01-05,988.0,90
NRXS,"Neuraxis, Inc",4,1,3,2025-12-30,2026-01-02,1144552.0,90
EPD,Enterprise Products Partners L.P.,4,1,3,2025-12-30,2026-01-02,60000.0,90
USIO,"Usio, Inc.",4,1,3,2025-12-30,2026-01-02,792928.0,90
HHH,Howard Hughes Holdings Inc.,4,1,3,2025-12-30,2026-01-02,20000.0,90
MNPR,Monopar Therapeutics,4,1,3,2025-12-30,2026-01-02,6000.0,90
IMA,"Imagenebio, Inc.",4,1,3,2025-12-30,2026-01-02,64000.0,90
DLTH,Duluth Holdings Inc.,4,1,3,2025-12-30,2026-01-02,114216.0,90
TXMD,"Therapeuticsmd, Inc.",4,1,3,2025-12-30,2026-01-02,33600.0,90
QRHC,Quest Resource Holding Corp,4,1,3,2025-12-30,2026-01-02,20000.0,90
FFAI,Faraday Future Intelligent Electric Inc.,4,1,3,2025-12-30,2026-01-02,4.0,90
TCRX,"Tscan Therapeutics, Inc.",4,1,5,2025-12-24,2025-12-29,647204.0,90
PLX,"Protalix Biotherapeutics, Inc.",4,1,5,2025-12-24,2025-12-29,224000.0,90
AMLX,"Amylyx Pharmaceuticals, Inc.",4,1,5,2025-12-24,2025-12-29,32400.0,90
ESOA,Energy Services of America Corp,4,1,5,2025-12-24,2025-12-29,36400.0,90
ALNT,Allient Inc,4,1,5,2025-12-24,2025-12-29,3388.0,90
SSGC,Safespace Global Corp,4,1,5,2025-12-24,2025-12-29,400000.0,90
MCFT,"Mastercraft Boat Holdings, Inc.",4,1,3,2025-12-23,2025-12-26,539228.0,90
CNK,"Cinemark Holdings, Inc.",4,1,3,2025-12-23,2025-12-26,200000.0,90
KYTX,"Kyverna Therapeutics, Inc.",4,1,3,2025-12-23,2025-12-26,533332.0,90
AVGO,Broadcom Inc.,4,1,3,2025-12-23,2025-12-26,4000.0,90
EVMN,"Evommune, Inc.",4,1,3,2025-12-23,2025-12-26,4000.0,90
NMZ,Nuveen Municipal High Income Opportunity Fund,4,1,3,2025-12-23,2025-12-26,4000.0,90
CCXIU,Churchill Capital Corp Xi,4,1,3,2025-12-22,2025-12-25,2000000.0,90
LQR,Lqr House Inc.,4,1,3,2025-12-22,2025-12-25,8000000.0,90
XELB,"Xcel Brands, Inc.",4,1,15,2025-12-08,2025-12-23,262932.0,90
ATEX,Anterix Inc.,4,1,12,2025-12-11,2025-12-23,7220.0,90
BSBK,Bogota Financial Corp.,4,1,8,2025-12-10,2025-12-18,7600.0,90
VRA,"Vera Bradley, Inc.",4,1,1,2025-12-16,2025-12-17,706000.0,90
AMH,American Homes 4 Rent,4,1,21,2025-11-24,2025-12-15,16000.0,90
NGS,Natural Gas Services Group Inc,4,1,2,2025-12-10,2025-12-12,6250.0,90
JMSB,"John Marshall Bancorp, Inc.",4,1,5,2025-12-05,2025-12-10,3690.0,90
FULT,Fulton Financial Corp,4,1,5,2025-12-05,2025-12-10,1658.0,90
UTI,Universal Technical Institute Inc,4,1,5,2025-12-04,2025-12-09,2510346.0,90
TBRG,"Trubridge, Inc.",4,1,17,2025-11-21,2025-12-08,427847.0,90
STCB,"Starco Brands, Inc.",4,1,11,2025-11-24,2025-12-05,878604.0,90
TBN,Tamboran Resources Corp,4,1,5,2025-11-26,2025-12-01,8000.0,90
INSE,"Inspired Entertainment, Inc.",3,2,8,2025-11-25,2025-12-03,120000.0,80
EVLV,"Evolv Technologies Holdings, Inc.",3,2,5,2025-11-21,2025-11-26,68300.0,80
NDAQ,"Nasdaq, Inc.",3,1,2,2026-02-16,2026-02-18,600000.0,70
MSCI,Msci Inc.,3,1,70,2025-12-10,2026-02-18,31800.0,70
PSNL,"Personalis, Inc.",3,1,2,2026-02-16,2026-02-18,960801.0,70
NPB,Northpointe Bancshares Inc,3,1,2,2026-02-16,2026-02-18,112965.0,70
NRX,"Neuraxis, Inc",3,1,2,2026-02-16,2026-02-18,240000.0,70
SCSC,"Scansource, Inc.",3,1,2,2026-02-16,2026-02-18,18000.0,70
PFSI,"Pennymac Financial Services, Inc.",3,1,2,2026-02-16,2026-02-18,6750.0,70
CLF,Cleveland-Cliffs Inc.,3,1,2,2026-02-16,2026-02-18,59100.0,70
DIS,Walt Disney Co,3,1,64,2025-12-16,2026-02-18,36916.0,70
PNFP,"Pinnacle Financial Partners, Inc.",3,1,2,2026-02-16,2026-02-18,3000.0,70
UACU,United Acquisition Corp. I,3,1,2,2026-02-16,2026-02-18,1371.0,70
RBLX,Roblox Corp,3,1,2,2026-02-16,2026-02-18,66.0,70
THS,"Treehouse Foods, Inc.",3,1,4,2026-02-13,2026-02-17,1073751.0,70
RDDT,"Reddit, Inc.",3,1,4,2026-02-13,2026-02-17,151500.0,70
IMDX,Insight Molecular Diagnostics Inc.,3,1,4,2026-02-13,2026-02-17,1565217.0,70
FIEE,"Fiee, Inc.",3,1,4,2026-02-13,2026-02-17,6414543.0,70
AON,Aon Plc,3,1,4,2026-02-13,2026-02-17,12000.0,70
MAT,Mattel Inc /De/,3,1,4,2026-02-13,2026-02-17,195000.0,70
NBHC,National Bank Holdings Corp,3,1,4,2026-02-13,2026-02-17,72600.0,70
MPLT,"Maplight Therapeutics, Inc.",3,1,4,2026-02-13,2026-02-17,42372.0,70
MOH,"Molina Healthcare, Inc.",3,1,4,2026-02-13,2026-02-17,2400.0,70
COSO,"Coastalsouth Bancshares, Inc.",3,1,4,2026-02-13,2026-02-17,4500.0,70
BCBP,Bcb Bancorp Inc,3,1,4,2026-02-13,2026-02-17,6000.0,70
CAQ,Cambridge Acquisition Corp.,3,1,2,2026-02-11,2026-02-13,1486500.0,70
ARES,Ares Management Corp,3,1,2,2026-02-11,2026-02-13,30000.0,70
BANC,"Banc of California, Inc.",3,1,2,2026-02-11,2026-02-13,42000.0,70
GL,Globe Life Inc.,3,1,2,2026-02-11,2026-02-13,6000.0,70
LADR,Ladder Capital Corp,3,1,2,2026-02-11,2026-02-13,15000.0,70
HCIC,Hennessy Capital Investment Corp. VIII,3,1,2,2026-02-10,2026-02-12,2013000.0,70
TDG,Transdigm Group Inc,3,1,2,2026-02-10,2026-02-12,2850.0,70
FDBC,Fidelity D & D Bancorp Inc,3,1,2,2026-02-10,2026-02-12,31242.0,70
ADM,Archer-Daniels-Midland Co,3,1,2,2026-02-10,2026-02-12,22500.0,70
URI,"United Rentals, Inc.",3,1,2,2026-02-10,2026-02-12,204.0,70
FNWB,First Northwest Bancorp,3,1,2,2026-02-10,2026-02-12,14310.0,70
CSBB,"Csb Bancorp, Inc.",3,1,2,2026-02-10,2026-02-12,1500.0,70
CXM,"Sprinklr, Inc.",3,1,2,2026-02-10,2026-02-12,60.0,70
TVA,Texas Ventures Acquisition III Corp,3,1,2,2026-02-09,2026-02-11,2775000.0,70
LW,"Lamb Weston Holdings, Inc.",3,1,2,2026-02-09,2026-02-11,150000.0,70
APH,Amphenol Corp /De/,3,1,2,2026-02-09,2026-02-11,30000.0,70
ROP,Roper Technologies Inc,3,1,2,2026-02-09,2026-02-11,4200.0,70
HWKN,Hawkins Inc,3,1,2,2026-02-09,2026-02-11,9000.0,70
WDFC,Wd 40 Co,3,1,2,2026-02-09,2026-02-11,1272.0,70
FFIN,First Financial Bankshares Inc,3,1,2,2026-02-09,2026-02-11,1500.0,70
TAP,Molson Coors Beverage Co,3,1,2,2026-02-09,2026-02-11,135.0,70
FLG,"Flagstar Bank, National Association",3,1,2,2026-02-09,2026-02-11,285.0,70
CV,"Capsovision, Inc",3,1,2,2026-02-09,2026-02-11,60.0,70
PMN,Promis Neurosciences Inc.,3,1,4,2026-02-06,2026-02-10,2102223.0,70
CLBRU,Colombier Acquisition Corp. III,3,1,4,2026-02-06,2026-02-10,450000.0,70
JCI,Johnson Controls International Plc,3,1,4,2026-02-06,2026-02-10,22995.0,70
GLXY,Galaxy Digital Inc.,3,1,4,2026-02-06,2026-02-10,75000.0,70
BCAL,California Bancorp  Ca,3,1,4,2026-02-06,2026-02-10,81000.0,70
LUMN,"Lumen Technologies, Inc.",3,1,4,2026-02-06,2026-02-10,236055.0,70
ENPH,"Enphase Energy, Inc.",3,1,4,2026-02-06,2026-02-10,15000.0,70
NTRS,Northern Trust Corp,3,1,4,2026-02-06,2026-02-10,3000.0,70
SBSI,Southside Bancshares Inc,3,1,63,2025-12-08,2026-02-09,3914.0,70
VKI,Invesco Advantage Municipal Income Trust II,3,1,2,2026-01-06,2026-01-08,25593.0,70
NAD,Nuveen Quality Municipal Income Fund,3,1,2,2026-01-06,2026-01-08,19122.0,70
EDBL,Edible Garden AG Inc,3,1,2,2026-01-06,2026-01-08,11100.0,70
FBRX,"Forte Biosciences, Inc.",3,1,2,2026-01-05,2026-01-07,29040.0,70
CUE,"Cue Biopharma, Inc.",3,1,2,2026-01-05,2026-01-07,971571.0,70
BDL,Flanigans Enterprises Inc,3,1,2,2026-01-05,2026-01-07,5598.0,70
BETR,Better Home & Finance Holding Co,3,1,2,2026-01-05,2026-01-07,4500.0,70
ONFO,"Onfolio Holdings, Inc",3,1,2,2026-01-05,2026-01-07,223500.0,70
JOBY,"Joby Aviation, Inc.",3,1,2,2026-01-05,2026-01-07,3300.0,70
S,"Sentinelone, Inc.",3,1,4,2025-12-19,2025-12-23,120000.0,70
SGHT,"Sight Sciences, Inc.",3,1,4,2025-12-19,2025-12-23,41874.0,70
WY,Weyerhaeuser Co,3,1,4,2025-12-19,2025-12-23,13500.0,70
OMCC,Old Market Capital Corp,3,1,4,2025-12-19,2025-12-23,6300.0,70
HTFL,"Heartflow, Inc.",3,1,4,2025-12-18,2025-12-22,120000.0,70
OXY,Occidental Petroleum Corp /De/,3,1,4,2025-12-18,2025-12-22,15000.0,70
INR,"Infinity Natural Resources, Inc.",3,1,4,2025-12-18,2025-12-22,25938.0,70
PLUG,Plug Power Inc,3,1,4,2025-12-18,2025-12-22,111900.0,70
SRRK,Scholar Rock Holding Corp,3,1,2,2025-12-17,2025-12-19,88797.0,70
DHC,Diversified Healthcare Trust,3,1,2,2025-12-17,2025-12-19,60000.0,70
FPI,Farmland Partners Inc.,3,1,2,2025-12-17,2025-12-19,9000.0,70
ACNB,Acnb Corp,3,1,25,2025-11-24,2025-12-19,406.0,70
UMH,"Umh Properties, Inc.",3,1,23,2025-11-25,2025-12-18,2132.0,70
IMVT,"Immunovant, Inc.",3,1,3,2025-12-13,2025-12-16,49999998.0,70
ITW,Illinois Tool Works Inc,3,1,3,2025-12-13,2025-12-16,20127.0,70
MSFT,Microsoft Corp,3,1,3,2025-12-13,2025-12-16,11526.0,70
NOG,"Northern Oil & Gas, Inc.",3,1,3,2025-12-13,2025-12-16,75000.0,70
IFF,International Flavors & Fragrances Inc,3,1,3,2025-12-13,2025-12-16,9300.0,70
OXM,Oxford Industries Inc,3,1,3,2025-12-13,2025-12-16,15000.0,70
APLE,"Apple Hospitality Reit, Inc.",3,1,3,2025-12-13,2025-12-16,15000.0,70
MSGM,Motorsport Games Inc.,3,1,3,2025-12-13,2025-12-16,15000.0,70
CRMT,Americas Carmart Inc,3,1,3,2025-12-13,2025-12-16,591.0,70
DLX,Deluxe Corp,3,1,3,2025-12-13,2025-12-16,525.0,70
KYMR,"Kymera Therapeutics, Inc.",3,1,3,2025-12-12,2025-12-15,6017439.0,70
SEVN,Seven Hills Realty Trust,3,1,3,2025-12-12,2025-12-15,6047244.0,70
RSG,"Republic Services, Inc.",3,1,3,2025-12-12,2025-12-15,1434.0,70
LYFT,"Lyft, Inc.",3,1,3,2025-12-12,2025-12-15,15090.0,70
SURG,"Surgepays, Inc.",3,1,3,2025-12-12,2025-12-15,115266.0,70
WULF,Terawulf Inc.,3,1,3,2025-12-12,2025-12-15,12534.0,70
MCY,Mercury General Corp,3,1,3,2025-12-12,2025-12-15,1656.0,70
CWT,California Water Service Group,3,1,3,2025-12-12,2025-12-15,1650.0,70
SATL,Satellogic Inc.,3,1,3,2025-12-12,2025-12-15,30000.0,70
MERC,Mercer International Inc.,3,1,2,2025-12-10,2025-12-12,3043620.0,70
FIGR,"Figure Technology Solutions, Inc.",3,1,2,2025-12-10,2025-12-12,12000.0,70
SINT,"Sintx Technologies, Inc.",3,1,2,2025-12-09,2025-12-11,81400.0,70
DIN,"Dine Brands Global, Inc.",3,1,15,2025-11-25,2025-12-10,4900.0,70
VXRT,"Vaxart, Inc.",3,1,15,2025-11-24,2025-12-09,80000.0,70
SAMG,Silvercrest Asset Management Group Inc.,3,1,2,2025-12-02,2025-12-04,65355.0,70
PSQH,"Psq Holdings, Inc.",3,1,2,2025-12-02,2025-12-04,21429.0,70
GCTS,"Gct Semiconductor Holding, Inc.",3,1,7,2025-11-25,2025-12-02,62083.0,70
MKZR,"Mackenzie Realty Capital, Inc.",3,1,6,2025-11-26,2025-12-02,9946.0,70
EXEL,"Exelixis, Inc.",3,1,4,2025-11-27,2025-12-01,82596.0,70
AUR,"Aurora Innovation, Inc.",3,1,4,2025-11-27,2025-12-01,774000.0,70
PACS,"Pacs Group, Inc.",3,1,4,2025-11-27,2025-12-01,50172.0,70
CRSR,"Corsair Gaming, Inc.",3,1,4,2025-11-27,2025-12-01,150000.0,70
ABCL,Abcellera Biologics Inc.,3,1,4,2025-11-27,2025-12-01,150000.0,70
GBLI,"Global Indemnity Group, LLC",3,1,4,2025-11-27,2025-12-01,15000.0,70
AMZE,"Amaze Holdings, Inc.",3,1,4,2025-11-27,2025-12-01,1006320.0,70
STKL,Sunopta Inc.,3,1,4,2025-11-27,2025-12-01,45000.0,70
FMFG,"Farmers & Merchants Bancshares, Inc.",3,1,4,2025-11-27,2025-12-01,2250.0,70
EBMT,"Eagle Bancorp Montana, Inc.",3,1,4,2025-11-27,2025-12-01,1800.0,70
KITT,"Nauticus Robotics, Inc.",3,1,4,2025-11-27,2025-12-01,30000.0,70
BA,Boeing Co,3,1,2,2025-11-26,2025-11-28,1662.0,70
OPK,"Opko Health, Inc.",3,1,4,2025-11-21,2025-11-25,1740000.0,70
MYO,"Myomo, Inc.",3,1,1,2025-11-24,2025-11-25,16207.0,70
RXO,"Rxo, Inc.",2,2,85,2025-11-25,2026-02-18,540593.0,60
SPFX,"Standard Premium Finance Holdings, Inc.",2,2,20,2025-11-26,2025-12-16,2120.0,60
CWGL,"Crimson Wine Group, Ltd",2,2,1,2025-11-24,2025-11-25,107208.0,60
NTHI,"Neonc Technologies Holdings, Inc.",2,2,0,2025-11-25,2025-11-25,31100.0,60
JACK,Jack In the Box Inc,2,2,0,2025-11-25,2025-11-25,6000.0,60
MNSB,"Mainstreet Bancshares, Inc.",2,2,0,2025-11-25,2025-11-25,848.0,60
SLRX,"Salarius Pharmaceuticals, Inc.",2,2,4,2025-11-21,2025-11-25,25000.0,60
LCNB,Lcnb Corp,2,1,89,2025-11-21,2026-02-18,1000.0,50
RBBN,Ribbon Communications Inc.,2,1,1,2026-02-16,2026-02-17,74000.0,50
LEE,"Lee Enterprises, Inc",2,1,1,2026-02-12,2026-02-13,4902692.0,50
ILMN,"Illumina, Inc.",2,1,1,2026-02-12,2026-02-13,400.0,50
GOVB,"Gouverneur Bancorp, Inc./Md/",2,1,1,2026-02-12,2026-02-13,2000.0,50
CME,Cme Group Inc.,2,1,1,2026-01-05,2026-01-06,524.0,50
,Highwater Ethanol LLC,2,1,1,2026-01-05,2026-01-06,8.0,50
KOD,Kodiak Sciences Inc.,2,1,1,2025-12-22,2025-12-23,5217392.0,50
MBAV,M3-Brigade Acquisition V Corp.,2,1,1,2025-12-22,2025-12-23,7058162.0,50
ED,Consolidated Edison Inc,2,1,1,2025-12-22,2025-12-23,2.0,50
FTCI,"Ftc Solar, Inc.",2,1,3,2025-12-19,2025-12-22,21276.0,50
SNEX,Stonex Group Inc.,2,1,3,2025-12-19,2025-12-22,2000.0,50
UNB,Union Bankshares Inc,2,1,3,2025-12-19,2025-12-22,46.0,50
KNSL,"Kinsale Capital Group, Inc.",2,1,1,2025-12-18,2025-12-19,5350.0,50
APTV,Aptiv Plc,2,1,1,2025-12-17,2025-12-18,7400.0,50
CVR,Chicago Rivet & Machine Co,2,1,1,2025-12-17,2025-12-18,5074.0,50
TXO,"Txo Partners, L.P.",2,1,1,2025-12-17,2025-12-18,4000.0,50
TFSL,Tfs Financial Corp,2,1,1,2025-12-17,2025-12-18,2878.0,50
MRMD,Marimed Inc.,2,1,1,2025-12-17,2025-12-18,90910.0,50
KVUE,Kenvue Inc.,2,1,1,2025-12-16,2025-12-17,12755388.0,50
WVE,Wave Life Sciences Ltd.,2,1,1,2025-12-16,2025-12-17,2940000.0,50
TWLV,Twelve Seas Investment Co Iii/Cayman,2,1,1,2025-12-16,2025-12-17,600000.0,50
AMCR,Amcor Plc,2,1,1,2025-12-16,2025-12-17,242130.0,50
HLIT,Harmonic Inc.,2,1,1,2025-12-16,2025-12-17,95056.0,50
AAON,"Aaon, Inc.",2,1,1,2025-12-16,2025-12-17,12282.0,50
CLFD,"Clearfield, Inc.",2,1,1,2025-12-16,2025-12-17,20000.0,50
VERA,"Vera Therapeutics, Inc.",2,1,1,2025-12-16,2025-12-17,11764.0,50
HUBG,"Hub Group, Inc.",2,1,1,2025-12-16,2025-12-17,9132.0,50
MAA,Mid America Apartment Communities Inc.,2,1,1,2025-12-16,2025-12-17,1516.0,50
TUSK,"Mammoth Energy Services, Inc.",2,1,1,2025-12-16,2025-12-17,20000.0,50
TEAD,Teads Holding Co.,2,1,1,2025-12-16,2025-12-17,20000.0,50
GPN,Global Payments Inc,2,1,2,2025-12-13,2025-12-15,26784.0,50
FBLG,"Fibrobiologics, Inc.",2,1,2,2025-12-13,2025-12-15,280000.0,50
LFAC,Leapfrog Acquisition Corp,2,1,1,2025-12-11,2025-12-12,657500.0,50
ALTG,Alta Equipment Group Inc.,2,1,1,2025-12-11,2025-12-12,80000.0,50
ZEUS,Olympic Steel Inc,2,1,1,2025-12-11,2025-12-12,10060.0,50
FSEA,"First Seacoast Bancorp, Inc.",2,1,1,2025-12-11,2025-12-12,4644.0,50
ABCB,Ameris Bancorp,2,1,1,2025-12-11,2025-12-12,616.0,50
NAN,Nuveen New York Quality Municipal Income Fund,2,1,1,2025-12-11,2025-12-12,2000.0,50
RVSB,Riverview Bancorp Inc,2,1,1,2025-12-11,2025-12-12,1950.0,50
MGM,Mgm Resorts International,2,1,1,2025-12-10,2025-12-11,2197496.0,50
MRVI,"Maravai Lifesciences Holdings, Inc.",2,1,1,2025-12-10,2025-12-11,200000.0,50
ABSI,Absci Corp,2,1,1,2025-12-10,2025-12-11,80000.0,50
CCRN,Cross Country Healthcare Inc,2,1,1,2025-12-10,2025-12-11,10000.0,50
OPHC,"Optimumbank Holdings, Inc.",2,1,1,2025-12-10,2025-12-11,15200.0,50
GLBZ,Glen Burnie Bancorp,2,1,1,2025-12-10,2025-12-11,1800.0,50
THFF,First Financial Corp /In/,2,1,1,2025-12-10,2025-12-11,56.0,50
CBIO,"Crescent Biopharma, Inc.",2,1,1,2025-12-09,2025-12-10,2720000.0,50
DMAC,Diamedica Therapeutics Inc.,2,1,1,2025-12-09,2025-12-10,2122554.0,50
NWAX,New America Acquisition I Corp.,2,1,1,2025-12-09,2025-12-10,1200000.0,50
XOMA,Xoma Royalty Corp,2,1,1,2025-12-09,2025-12-10,200000.0,50
LIN,Linde Plc,2,1,1,2025-12-09,2025-12-10,5040.0,50
GMRE,Global Medical Reit Inc.,2,1,1,2025-12-09,2025-12-10,20000.0,50
PODD,Insulet Corp,2,1,1,2025-12-09,2025-12-10,1924.0,50
RNAC,"Cartesian Therapeutics, Inc.",2,1,1,2025-12-09,2025-12-10,60000.0,50
ECL,Ecolab Inc.,2,1,1,2025-12-09,2025-12-10,1500.0,50
NSC,Norfolk Southern Corp,2,1,1,2025-12-09,2025-12-10,408.0,50
ECG,"Everus Construction Group, Inc.",2,1,1,2025-12-09,2025-12-10,500.0,50
MGEE,Mge Energy Inc,2,1,1,2025-12-09,2025-12-10,540.0,50
MVBF,Mvb Financial Corp,2,1,1,2025-12-09,2025-12-10,1000.0,50
PMTS,Cpi Card Group Inc.,2,1,1,2025-12-08,2025-12-09,400000.0,50
GRDN,"Guardian Pharmacy Services, Inc.",2,1,1,2025-12-08,2025-12-09,6740.0,50
SGI,Somnigroup International Inc.,2,1,3,2025-12-05,2025-12-08,64000.0,50
TH,Target Hospitality Corp.,2,1,3,2025-12-05,2025-12-08,250000.0,50
BAER,"Bridger Aerospace Group Holdings, Inc.",2,1,3,2025-12-05,2025-12-08,600000.0,50
KOSS,Koss Corp,2,1,3,2025-12-05,2025-12-08,5000.0,50
KLNG,"Koil Energy Solutions, Inc.",2,1,1,2025-12-04,2025-12-05,1184000.0,50
CBAN,Colony Bankcorp Inc,2,1,1,2025-12-04,2025-12-05,1000.0,50
ZONE,"Cleancore Solutions, Inc.",2,1,1,2025-12-04,2025-12-05,37500.0,50
ECOR,"Electrocore, Inc.",2,1,1,2025-12-04,2025-12-05,2000.0,50
ESTC,Elastic N.V.,2,1,1,2025-12-03,2025-12-04,20000.0,50
TEAM,Atlassian Corp,2,1,1,2025-12-03,2025-12-04,3344.0,50
FLD,"Fold Holdings, Inc.",2,1,1,2025-12-03,2025-12-04,16200.0,50
SHIM,Shimmick Corp,2,1,1,2025-12-03,2025-12-04,4000.0,50
OSUR,Orasure Technologies Inc,2,1,1,2025-12-03,2025-12-04,4200.0,50
KCHV,Sc II Acquisition Corp.,2,1,1,2025-12-02,2025-12-03,510000.0,50
GXO,"Gxo Logistics, Inc.",2,1,1,2025-12-02,2025-12-03,12000.0,50
JNJ,Johnson & Johnson,2,1,1,2025-12-02,2025-12-03,2500.0,50
FCNCA,First Citizens Bancshares Inc /De/,2,1,1,2025-12-02,2025-12-03,270.0,50
SAIA,Saia Inc,2,1,1,2025-12-02,2025-12-03,844.0,50
ABR,Arbor Realty Trust Inc,2,1,1,2025-12-02,2025-12-03,25600.0,50
CBZ,"Cbiz, Inc.",2,1,1,2025-12-02,2025-12-03,4120.0,50
ALG,Alamo Group Inc,2,1,1,2025-12-02,2025-12-03,608.0,50
TRST,Trustco Bank Corp N Y,2,1,1,2025-12-02,2025-12-03,400.0,50
HRGN,"Harvard Apparatus Regenerative Technology, Inc.",2,1,1,2025-12-02,2025-12-03,6000.0,50
ELA,Envela Corp,2,1,1,2025-12-02,2025-12-03,180.0,50
CZFS,Citizens Financial Services Inc,2,1,1,2025-12-02,2025-12-03,32.0,50
ACON,"Aclarion, Inc.",2,1,1,2025-12-02,2025-12-03,20.0,50
DASH,"Doordash, Inc.",2,1,1,2025-12-01,2025-12-02,1028094.0,50
BHC,Bausch Health Companies Inc.,2,1,1,2025-12-01,2025-12-02,5000000.0,50
NUTX,"Nutex Health, Inc.",2,1,1,2025-12-01,2025-12-02,1500.0,50
ENOV,Enovis Corp,2,1,1,2025-12-01,2025-12-02,4936.0,50
MBBC,"Marathon Bancorp, Inc. /Md/",2,1,1,2025-12-01,2025-12-02,2150.0,50
BLNE,"Beeline Holdings, Inc.",2,1,1,2025-12-01,2025-12-02,2000.0,50
ASLE,Aersale Corp,2,1,2,2025-11-24,2025-11-26,9619.0,50
URG,Ur-Energy Inc,2,1,1,2025-11-24,2025-11-25,288000.0,50
JJSF,J&J Snack Foods Corp,2,1,1,2025-11-24,2025-11-25,1080.0,50
ET,Energy Transfer LP,2,1,3,2025-11-21,2025-11-24,4000000.0,50
MSM,Msc Industrial Direct Co Inc,2,1,3,2025-11-21,2025-11-24,45740.0,50
ALRM,"Alarm.Com Holdings, Inc.",2,1,3,2025-11-21,2025-11-24,52000.0,50
BEN,Franklin Resources Inc,2,1,3,2025-11-21,2025-11-24,100000.0,50
CTEV,Claritev Corp,2,1,3,2025-11-21,2025-11-24,10580.0,50
SRTS,"Sensus Healthcare, Inc.",2,1,3,2025-11-21,2025-11-24,9500.0,50
