ticker,vcp_score,ml_score,momentum_score,trend_score,volume_score,company_name,fundamental_score,sector,industry,earnings_quality_score,growth_acceleration_score,relative_strength_score,financial_health_score,catalyst_timing_score,current_price,market_cap,super_score_ultimate,vcp_contribution,ml_contribution,fundamental_contribution,score_timestamp,data_as_of_date,market_regime,market_recommendation,ma_filter_pass,ma_filter_score,ma_filter_reason,ad_signal,ad_score,ad_reason,float_category,shares_outstanding_millions,filter_penalty,super_score_before_filters,rs_line_score,rs_line_at_new_high,rs_line_trend,rs_line_percentile,rs_line_bonus,eps_accelerating,eps_accel_quarters,rev_accelerating,rev_accel_quarters,canslim_a_bonus,industry_group_rank,industry_group_total,industry_group_percentile,industry_group_label,industry_group_rs,industry_bonus,short_bonus,proximity_bonus,trend_bonus,filters_passed,tier,quality,validation_status,validation_score,validation_reason,price_vs_ath,recent_news_sentiment,analyst_consensus,valuation_concern
IP,89.42857142857143,79.6,92.7,100.0,95.0,,50.0,,,,,,,,,,39.7,35.8,23.9,15.0,2026-02-19 17:04:04,2026-02-19,CORRECTION,AVOID,False,0,Error: Too Many Requests. Rate limited. Try after a while.,UNKNOWN,50,Error: Too Many Requests. Rate limited. Try after a while.,UNKNOWN,,35.0,74.7,,,,,0.0,,,,,0.0,,,,,,0.0,0.0,0.0,0.0,0/3,‚ö†Ô∏è WEAK,üî¥ Weak,UNKNOWN,50.0,,,NEUTRAL,N/A,False
BAX,90.19444444444444,50.0,,,,Baxter International Inc.,60.5,Healthcare,Medical Instruments & Supplies,50.0,80.0,65.0,50.0,50.0,21.995,11316208640.0,39.2,36.1,15.0,18.2,2026-02-19 17:04:04,2026-02-19,CORRECTION,AVOID,False,0,Error: Too Many Requests. Rate limited. Try after a while.,UNKNOWN,50,Error: Too Many Requests. Rate limited. Try after a while.,UNKNOWN,,35.0,69.2,,,,,0.0,,,,,0.0,1,5.0,100.0,Top 10%,72.2,5.0,0.0,0.0,0.0,0/3,‚ö†Ô∏è WEAK,üî¥ Weak,UNKNOWN,50.0,,,NEUTRAL,N/A,False
ALGN,85.0952380952381,50.0,,,,"Align Technology, Inc.",64.0,Healthcare,Medical Instruments & Supplies,55.0,50.0,85.0,80.0,60.0,189.0575,13704091648.0,38.2,34.0,15.0,19.2,2026-02-19 17:04:04,2026-02-19,CORRECTION,AVOID,False,0,Error: Too Many Requests. Rate limited. Try after a while.,UNKNOWN,50,Error: Too Many Requests. Rate limited. Try after a while.,UNKNOWN,,35.0,68.2,,,,,0.0,,,,,0.0,1,5.0,100.0,Top 10%,72.2,5.0,0.0,0.0,0.0,0/3,‚ö†Ô∏è WEAK,üî¥ Weak,UNKNOWN,50.0,,,NEUTRAL,N/A,False
DECK,89.11904761904762,50.0,,,,Deckers Outdoor Corporation,71.7,Consumer Cyclical,Footwear & Accessories,55.0,80.0,71.0,100.0,60.0,117.765,17163639808.0,37.2,35.6,15.0,21.5,2026-02-19 17:04:04,2026-02-19,CORRECTION,AVOID,False,0,Error: Too Many Requests. Rate limited. Try after a while.,UNKNOWN,50,Error: Too Many Requests. Rate limited. Try after a while.,UNKNOWN,,35.0,72.2,,,,,0.0,,,,,0.0,,5.0,,Sin datos suficientes,71.0,0.0,0.0,0.0,0.0,0/3,‚ö†Ô∏è WEAK,üî¥ Weak,UNKNOWN,50.0,,,NEUTRAL,N/A,False
COP,89.52631578947368,50.0,,,,ConocoPhillips,67.0,Energy,Oil & Gas E&P,55.0,70.0,79.0,75.0,60.0,110.145,136108187648.0,35.900000000000006,35.8,15.0,20.1,2026-02-19 17:04:04,2026-02-19,CORRECTION,AVOID,False,0,Error: Too Many Requests. Rate limited. Try after a while.,UNKNOWN,50,Error: Too Many Requests. Rate limited. Try after a while.,UNKNOWN,,35.0,70.9,,,,,0.0,,,,,0.0,,5.0,,Sin datos suficientes,79.0,0.0,0.0,0.0,0.0,0/3,‚ö†Ô∏è WEAK,üî¥ Weak,UNKNOWN,50.0,,,NEUTRAL,N/A,False
GPN,75.83333333333334,82.2,76.2,100.0,100.0,,50.0,,,,,,,,,,35.0,30.3,24.7,15.0,2026-02-19 17:04:04,2026-02-19,CORRECTION,AVOID,False,0,Error: Too Many Requests. Rate limited. Try after a while.,UNKNOWN,50,Error: Too Many Requests. Rate limited. Try after a while.,UNKNOWN,,35.0,70.0,,,,,0.0,,,,,0.0,,,,,,0.0,0.0,0.0,0.0,0/3,‚ö†Ô∏è WEAK,üî¥ Weak,UNKNOWN,50.0,,,NEUTRAL,N/A,False
CF,90.17647058823528,50.0,,,,"CF Industries Holdings, Inc.",62.3,Basic Materials,Agricultural Inputs,60.0,50.0,66.5,90.0,50.0,96.02,15552643072.0,34.8,36.1,15.0,18.7,2026-02-19 17:04:04,2026-02-19,CORRECTION,AVOID,False,0,Error: Too Many Requests. Rate limited. Try after a while.,UNKNOWN,50,Error: Too Many Requests. Rate limited. Try after a while.,UNKNOWN,,35.0,69.8,,,,,0.0,,,,,0.0,,5.0,,Sin datos suficientes,66.5,0.0,0.0,0.0,0.0,0/3,‚ö†Ô∏è WEAK,üî¥ Weak,UNKNOWN,50.0,,,NEUTRAL,N/A,False
CIEN,84.4,50.0,,,,Ciena Corporation,68.2,Technology,Communication Equipment,50.0,90.0,85.0,65.0,40.0,312.52,44210159616.0,34.2,33.8,15.0,20.5,2026-02-19 17:04:04,2026-02-19,CORRECTION,AVOID,False,0,Error: Too Many Requests. Rate limited. Try after a while.,UNKNOWN,50,Error: Too Many Requests. Rate limited. Try after a while.,UNKNOWN,,35.0,69.2,,,,,0.0,,,,,0.0,,5.0,,Sin datos suficientes,85.0,0.0,0.0,0.0,0.0,0/3,‚ö†Ô∏è WEAK,üî¥ Weak,UNKNOWN,50.0,,,NEUTRAL,N/A,False
KO,89.75,50.0,,,,Coca-Cola Company (The),60.6,Consumer Defensive,Beverages - Non-Alcoholic,60.0,50.0,60.5,80.0,60.0,79.115,340321796096.0,34.099999999999994,35.9,15.0,18.2,2026-02-19 17:04:04,2026-02-19,CORRECTION,AVOID,False,0,Error: Too Many Requests. Rate limited. Try after a while.,UNKNOWN,50,Error: Too Many Requests. Rate limited. Try after a while.,UNKNOWN,,35.0,69.1,,,,,0.0,,,,,0.0,,5.0,,Sin datos suficientes,60.5,0.0,0.0,0.0,0.0,0/3,‚ö†Ô∏è WEAK,üî¥ Weak,UNKNOWN,50.0,,,NEUTRAL,N/A,False
COO,75.65,50.0,,,,"The Cooper Companies, Inc.",59.5,Healthcare,Medical Instruments & Supplies,50.0,60.0,66.5,75.0,50.0,82.575,16416646144.0,33.1,30.3,15.0,17.8,2026-02-19 17:04:04,2026-02-19,CORRECTION,AVOID,False,0,Error: Too Many Requests. Rate limited. Try after a while.,UNKNOWN,50,Error: Too Many Requests. Rate limited. Try after a while.,UNKNOWN,,35.0,63.1,,,,,0.0,,,,,0.0,1,5.0,100.0,Top 10%,72.2,5.0,0.0,0.0,0.0,0/3,‚ö†Ô∏è WEAK,üî¥ Weak,UNKNOWN,50.0,,,NEUTRAL,N/A,False
COST,89.76666666666667,50.0,,,,Costco Wholesale Corporation,57.1,Consumer Defensive,Discount Stores,50.0,50.0,54.5,85.0,60.0,1000.6403,444241969152.0,33.0,35.9,15.0,17.1,2026-02-19 17:04:04,2026-02-19,CORRECTION,AVOID,False,0,Error: Too Many Requests. Rate limited. Try after a while.,UNKNOWN,50,Error: Too Many Requests. Rate limited. Try after a while.,UNKNOWN,,35.0,68.0,,,,,0.0,,,,,0.0,,5.0,,Sin datos suficientes,54.5,0.0,0.0,0.0,0.0,0/3,‚ö†Ô∏è WEAK,üî¥ Weak,UNKNOWN,50.0,,,NEUTRAL,N/A,False
CL,90.32352941176472,50.0,,,,Colgate-Palmolive Company,55.8,Consumer Defensive,Household & Personal Products,55.0,50.0,66.5,50.0,60.0,95.5,77185089536.0,32.900000000000006,36.1,15.0,16.7,2026-02-19 17:04:04,2026-02-19,CORRECTION,AVOID,False,0,Error: Too Many Requests. Rate limited. Try after a while.,UNKNOWN,50,Error: Too Many Requests. Rate limited. Try after a while.,UNKNOWN,,35.0,67.9,,,,,0.0,,,,,0.0,,5.0,,Sin datos suficientes,66.5,0.0,0.0,0.0,0.0,0/3,‚ö†Ô∏è WEAK,üî¥ Weak,UNKNOWN,50.0,,,NEUTRAL,N/A,False
BF-B,83.61538461538461,50.0,,,,Brown Forman Inc,64.2,Consumer Defensive,Beverages - Wineries & Distilleries,60.0,70.0,54.5,85.0,50.0,29.1,13479395328.0,32.7,33.4,15.0,19.3,2026-02-19 17:04:04,2026-02-19,CORRECTION,AVOID,False,0,Error: Too Many Requests. Rate limited. Try after a while.,UNKNOWN,50,Error: Too Many Requests. Rate limited. Try after a while.,UNKNOWN,,35.0,67.7,,,,,0.0,,,,,0.0,,5.0,,Sin datos suficientes,54.5,0.0,0.0,0.0,0.0,0/3,‚ö†Ô∏è WEAK,üî¥ Weak,BUY,85.0,Good pullback (-25.1% from high) - valid VCP setup,-25.1,NEUTRAL,HOLD,False
ANET,81.9,50.0,,,,"Arista Networks, Inc.",64.7,Technology,Computer Hardware,60.0,60.0,54.5,95.0,65.0,140.255,176621043712.0,32.2,32.8,15.0,19.4,2026-02-19 17:04:04,2026-02-19,CORRECTION,AVOID,False,0,Error: Too Many Requests. Rate limited. Try after a while.,UNKNOWN,50,Error: Too Many Requests. Rate limited. Try after a while.,UNKNOWN,,35.0,67.2,,,,,0.0,,,,,0.0,,5.0,,Sin datos suficientes,54.5,0.0,0.0,0.0,0.0,0/3,‚ö†Ô∏è WEAK,üî¥ Weak,BUY,90.0,Good pullback (-17.8% from high) - valid VCP setup | Elevated P/E (49.3) - watch valuation | Strong upside (+31.3%) - analyst support,-17.8,NEUTRAL,STRONG_BUY,True
XOM,91.09375,50.0,,,,,50.0,,,,,,,,,,31.400000000000006,36.4,15.0,15.0,2026-02-19 17:04:04,2026-02-19,CORRECTION,AVOID,False,0,Error: Too Many Requests. Rate limited. Try after a while.,UNKNOWN,50,Error: Too Many Requests. Rate limited. Try after a while.,UNKNOWN,,35.0,66.4,,,,,0.0,,,,,0.0,,,,,,0.0,0.0,0.0,0.0,0/3,‚ö†Ô∏è WEAK,üî¥ Weak,AVOID,35.0,Near ATH (-3.2% from high) - poor entry point,-3.2,NEUTRAL,BUY,False
HOLX,90.22727272727272,50.0,,,,,50.0,,,,,,,,,,31.099999999999994,36.1,15.0,15.0,2026-02-19 17:04:04,2026-02-19,CORRECTION,AVOID,False,0,Error: Too Many Requests. Rate limited. Try after a while.,UNKNOWN,50,Error: Too Many Requests. Rate limited. Try after a while.,UNKNOWN,,35.0,66.1,,,,,0.0,,,,,0.0,,,,,,0.0,0.0,0.0,0.0,0/3,‚ö†Ô∏è WEAK,üî¥ Weak,AVOID,30.0,Near ATH (-0.2% from high) - poor entry point,-0.2,NEUTRAL,HOLD,False
EIX,89.90625,50.0,,,,,50.0,,,,,,,,,,31.0,36.0,15.0,15.0,2026-02-19 17:04:04,2026-02-19,CORRECTION,AVOID,False,0,Error: Too Many Requests. Rate limited. Try after a while.,UNKNOWN,50,Error: Too Many Requests. Rate limited. Try after a while.,UNKNOWN,,35.0,66.0,,,,,0.0,,,,,0.0,,,,,,0.0,0.0,0.0,0.0,0/3,‚ö†Ô∏è WEAK,üî¥ Weak,AVOID,35.0,Near ATH (-0.5% from high) - poor entry point,-0.5,NEUTRAL,BUY,False
LII,89.96666666666667,50.0,,,,,50.0,,,,,,,,,,31.0,36.0,15.0,15.0,2026-02-19 17:04:04,2026-02-19,CORRECTION,AVOID,False,0,Error: Too Many Requests. Rate limited. Try after a while.,UNKNOWN,50,Error: Too Many Requests. Rate limited. Try after a while.,UNKNOWN,,35.0,66.0,,,,,0.0,,,,,0.0,,,,,,0.0,0.0,0.0,0.0,0/3,‚ö†Ô∏è WEAK,üî¥ Weak,BUY,85.0,Good pullback (-19.1% from high) - valid VCP setup,-19.1,NEUTRAL,HOLD,False
IBKR,89.8125,50.0,,,,,50.0,,,,,,,,,,30.900000000000006,35.9,15.0,15.0,2026-02-19 17:04:04,2026-02-19,CORRECTION,AVOID,False,0,Error: Too Many Requests. Rate limited. Try after a while.,UNKNOWN,50,Error: Too Many Requests. Rate limited. Try after a while.,UNKNOWN,,35.0,65.9,,,,,0.0,,,,,0.0,,,,,,0.0,0.0,0.0,0.0,0/3,‚ö†Ô∏è WEAK,üî¥ Weak,HOLD,55.0,Close to ATH (-7.4% from high) - wait for pullback,-7.4,NEUTRAL,BUY,False
DOV,89.76315789473685,50.0,,,,,50.0,,,,,,,,,,30.900000000000006,35.9,15.0,15.0,2026-02-19 17:04:04,2026-02-19,CORRECTION,AVOID,False,0,Error: Too Many Requests. Rate limited. Try after a while.,UNKNOWN,50,Error: Too Many Requests. Rate limited. Try after a while.,UNKNOWN,,35.0,65.9,,,,,0.0,,,,,0.0,,,,,,0.0,0.0,0.0,0.0,0/3,‚ö†Ô∏è WEAK,üî¥ Weak,AVOID,35.0,Near ATH (-2.5% from high) - poor entry point,-2.5,NEUTRAL,BUY,False
FANG,89.53703703703704,50.0,,,,,50.0,,,,,,,,,,30.799999999999997,35.8,15.0,15.0,2026-02-19 17:04:04,2026-02-19,CORRECTION,AVOID,False,0,Error: Too Many Requests. Rate limited. Try after a while.,UNKNOWN,50,Error: Too Many Requests. Rate limited. Try after a while.,UNKNOWN,,35.0,65.8,,,,,0.0,,,,,0.0,,,,,,0.0,0.0,0.0,0.0,0/3,‚ö†Ô∏è WEAK,üî¥ Weak,,,,,,,
LH,89.5,50.0,,,,,50.0,,,,,,,,,,30.799999999999997,35.8,15.0,15.0,2026-02-19 17:04:04,2026-02-19,CORRECTION,AVOID,False,0,Error: Too Many Requests. Rate limited. Try after a while.,UNKNOWN,50,Error: Too Many Requests. Rate limited. Try after a while.,UNKNOWN,,35.0,65.8,,,,,0.0,,,,,0.0,,,,,,0.0,0.0,0.0,0.0,0/3,‚ö†Ô∏è WEAK,üî¥ Weak,,,,,,,
EXR,88.9,50.0,,,,,50.0,,,,,,,,,,30.599999999999994,35.6,15.0,15.0,2026-02-19 17:04:04,2026-02-19,CORRECTION,AVOID,False,0,Error: Too Many Requests. Rate limited. Try after a while.,UNKNOWN,50,Error: Too Many Requests. Rate limited. Try after a while.,UNKNOWN,,35.0,65.6,,,,,0.0,,,,,0.0,,,,,,0.0,0.0,0.0,0.0,0/3,‚ö†Ô∏è WEAK,üî¥ Weak,,,,,,,
IEX,88.83181818181818,50.0,,,,,50.0,,,,,,,,,,30.5,35.5,15.0,15.0,2026-02-19 17:04:04,2026-02-19,CORRECTION,AVOID,False,0,Error: Too Many Requests. Rate limited. Try after a while.,UNKNOWN,50,Error: Too Many Requests. Rate limited. Try after a while.,UNKNOWN,,35.0,65.5,,,,,0.0,,,,,0.0,,,,,,0.0,0.0,0.0,0.0,0/3,‚ö†Ô∏è WEAK,üî¥ Weak,,,,,,,
EQR,88.73529411764706,50.0,,,,,50.0,,,,,,,,,,30.5,35.5,15.0,15.0,2026-02-19 17:04:04,2026-02-19,CORRECTION,AVOID,False,0,Error: Too Many Requests. Rate limited. Try after a while.,UNKNOWN,50,Error: Too Many Requests. Rate limited. Try after a while.,UNKNOWN,,35.0,65.5,,,,,0.0,,,,,0.0,,,,,,0.0,0.0,0.0,0.0,0/3,‚ö†Ô∏è WEAK,üî¥ Weak,,,,,,,
GILD,88.75,50.0,,,,,50.0,,,,,,,,,,30.5,35.5,15.0,15.0,2026-02-19 17:04:04,2026-02-19,CORRECTION,AVOID,False,0,Error: Too Many Requests. Rate limited. Try after a while.,UNKNOWN,50,Error: Too Many Requests. Rate limited. Try after a while.,UNKNOWN,,35.0,65.5,,,,,0.0,,,,,0.0,,,,,,0.0,0.0,0.0,0.0,0/3,‚ö†Ô∏è WEAK,üî¥ Weak,,,,,,,
EQIX,86.84210526315789,50.0,,,,,50.0,,,,,,,,,,29.700000000000003,34.7,15.0,15.0,2026-02-19 17:04:04,2026-02-19,CORRECTION,AVOID,False,0,Error: Too Many Requests. Rate limited. Try after a while.,UNKNOWN,50,Error: Too Many Requests. Rate limited. Try after a while.,UNKNOWN,,35.0,64.7,,,,,0.0,,,,,0.0,,,,,,0.0,0.0,0.0,0.0,0/3,‚ö†Ô∏è WEAK,üî¥ Weak,,,,,,,
CHTR,88.64999999999999,50.0,,,,"Charter Communications, Inc.",47.6,Communication Services,Telecom Services,50.0,30.0,60.5,50.0,55.0,240.02,31060836352.0,29.700000000000003,35.5,15.0,14.3,2026-02-19 17:04:04,2026-02-19,CORRECTION,AVOID,False,0,Error: Too Many Requests. Rate limited. Try after a while.,UNKNOWN,50,Error: Too Many Requests. Rate limited. Try after a while.,UNKNOWN,,35.0,64.7,,,,,0.0,,,,,0.0,,5.0,,Sin datos suficientes,60.5,0.0,0.0,0.0,0.0,0/3,‚ö†Ô∏è WEAK,üî¥ Weak,,,,,,,
DLR,86.30555555555556,50.0,,,,,50.0,,,,,,,,,,29.5,34.5,15.0,15.0,2026-02-19 17:04:04,2026-02-19,CORRECTION,AVOID,False,0,Error: Too Many Requests. Rate limited. Try after a while.,UNKNOWN,50,Error: Too Many Requests. Rate limited. Try after a while.,UNKNOWN,,35.0,64.5,,,,,0.0,,,,,0.0,,,,,,0.0,0.0,0.0,0.0,0/3,‚ö†Ô∏è WEAK,üî¥ Weak,,,,,,,
FFIV,86.14583333333334,50.0,,,,,50.0,,,,,,,,,,29.5,34.5,15.0,15.0,2026-02-19 17:04:04,2026-02-19,CORRECTION,AVOID,False,0,Error: Too Many Requests. Rate limited. Try after a while.,UNKNOWN,50,Error: Too Many Requests. Rate limited. Try after a while.,UNKNOWN,,35.0,64.5,,,,,0.0,,,,,0.0,,,,,,0.0,0.0,0.0,0.0,0/3,‚ö†Ô∏è WEAK,üî¥ Weak,,,,,,,
FTV,85.31666666666666,50.0,,,,,50.0,,,,,,,,,,29.099999999999994,34.1,15.0,15.0,2026-02-19 17:04:04,2026-02-19,CORRECTION,AVOID,False,0,Error: Too Many Requests. Rate limited. Try after a while.,UNKNOWN,50,Error: Too Many Requests. Rate limited. Try after a while.,UNKNOWN,,35.0,64.1,,,,,0.0,,,,,0.0,,,,,,0.0,0.0,0.0,0.0,0/3,‚ö†Ô∏è WEAK,üî¥ Weak,,,,,,,
HSIC,84.8409090909091,50.0,,,,,50.0,,,,,,,,,,28.9,33.9,15.0,15.0,2026-02-19 17:04:04,2026-02-19,CORRECTION,AVOID,False,0,Error: Too Many Requests. Rate limited. Try after a while.,UNKNOWN,50,Error: Too Many Requests. Rate limited. Try after a while.,UNKNOWN,,35.0,63.9,,,,,0.0,,,,,0.0,,,,,,0.0,0.0,0.0,0.0,0/3,‚ö†Ô∏è WEAK,üî¥ Weak,,,,,,,
LEN,84.75833333333334,50.0,,,,,50.0,,,,,,,,,,28.9,33.9,15.0,15.0,2026-02-19 17:04:04,2026-02-19,CORRECTION,AVOID,False,0,Error: Too Many Requests. Rate limited. Try after a while.,UNKNOWN,50,Error: Too Many Requests. Rate limited. Try after a while.,UNKNOWN,,35.0,63.9,,,,,0.0,,,,,0.0,,,,,,0.0,0.0,0.0,0.0,0/3,‚ö†Ô∏è WEAK,üî¥ Weak,,,,,,,
EMR,83.68571428571428,50.0,,,,,50.0,,,,,,,,,,28.5,33.5,15.0,15.0,2026-02-19 17:04:04,2026-02-19,CORRECTION,AVOID,False,0,Error: Too Many Requests. Rate limited. Try after a while.,UNKNOWN,50,Error: Too Many Requests. Rate limited. Try after a while.,UNKNOWN,,35.0,63.5,,,,,0.0,,,,,0.0,,,,,,0.0,0.0,0.0,0.0,0/3,‚ö†Ô∏è WEAK,üî¥ Weak,,,,,,,
HSY,82.4,50.0,,,,,50.0,,,,,,,,,,28.0,33.0,15.0,15.0,2026-02-19 17:04:04,2026-02-19,CORRECTION,AVOID,False,0,Error: Too Many Requests. Rate limited. Try after a while.,UNKNOWN,50,Error: Too Many Requests. Rate limited. Try after a while.,UNKNOWN,,35.0,63.0,,,,,0.0,,,,,0.0,,,,,,0.0,0.0,0.0,0.0,0/3,‚ö†Ô∏è WEAK,üî¥ Weak,,,,,,,
GRMN,81.28571428571429,50.0,,,,,50.0,,,,,,,,,,27.5,32.5,15.0,15.0,2026-02-19 17:04:04,2026-02-19,CORRECTION,AVOID,False,0,Error: Too Many Requests. Rate limited. Try after a while.,UNKNOWN,50,Error: Too Many Requests. Rate limited. Try after a while.,UNKNOWN,,35.0,62.5,,,,,0.0,,,,,0.0,,,,,,0.0,0.0,0.0,0.0,0/3,‚ö†Ô∏è WEAK,üî¥ Weak,,,,,,,
CAG,70.22916666666666,50.0,,,,"ConAgra Brands, Inc.",54.4,Consumer Defensive,Packaged Foods,50.0,70.0,54.5,40.0,50.0,18.635,8914415616.0,27.4,28.1,15.0,16.3,2026-02-19 17:04:04,2026-02-19,CORRECTION,AVOID,False,0,Error: Too Many Requests. Rate limited. Try after a while.,UNKNOWN,50,Error: Too Many Requests. Rate limited. Try after a while.,UNKNOWN,,35.0,59.4,,,,,0.0,,,,,0.0,2,5.0,80.0,Top 25%,42.2,3.0,0.0,0.0,0.0,0/3,‚ö†Ô∏è WEAK,üî¥ Weak,,,,,,,
DXCM,79.54545454545455,50.0,,,,,50.0,,,,,,,,,,26.799999999999997,31.8,15.0,15.0,2026-02-19 17:04:04,2026-02-19,CORRECTION,AVOID,False,0,Error: Too Many Requests. Rate limited. Try after a while.,UNKNOWN,50,Error: Too Many Requests. Rate limited. Try after a while.,UNKNOWN,,35.0,61.8,,,,,0.0,,,,,0.0,,,,,,0.0,0.0,0.0,0.0,0/3,‚ö†Ô∏è WEAK,üî¥ Weak,,,,,,,
AVGO,63.27777777777778,50.0,,,,Broadcom Inc.,71.5,Technology,Semiconductors,60.0,90.0,56.0,85.0,70.0,334.93,1587994689536.0,26.799999999999997,25.3,15.0,21.4,2026-02-19 17:04:04,2026-02-19,CORRECTION,AVOID,False,0,Error: Too Many Requests. Rate limited. Try after a while.,UNKNOWN,50,Error: Too Many Requests. Rate limited. Try after a while.,UNKNOWN,,35.0,61.8,,,,,0.0,,,,,0.0,,5.0,,Sin datos suficientes,56.0,0.0,0.0,0.0,0.0,0/3,‚ö†Ô∏è WEAK,üî¥ Weak,,,,,,,
DLTR,78.5,50.0,,,,,50.0,,,,,,,,,,26.4,31.4,15.0,15.0,2026-02-19 17:04:04,2026-02-19,CORRECTION,AVOID,False,0,Error: Too Many Requests. Rate limited. Try after a while.,UNKNOWN,50,Error: Too Many Requests. Rate limited. Try after a while.,UNKNOWN,,35.0,61.4,,,,,0.0,,,,,0.0,,,,,,0.0,0.0,0.0,0.0,0/3,‚ö†Ô∏è WEAK,üî¥ Weak,,,,,,,
AMP,65.75,50.0,,,,"Ameriprise Financial, Inc.",64.9,Financial Services,Asset Management,55.0,70.0,54.5,90.0,65.0,478.29,44435873792.0,25.799999999999997,26.3,15.0,19.5,2026-02-19 17:04:04,2026-02-19,CORRECTION,AVOID,False,0,Error: Too Many Requests. Rate limited. Try after a while.,UNKNOWN,50,Error: Too Many Requests. Rate limited. Try after a while.,UNKNOWN,,35.0,60.8,,,,,0.0,,,,,0.0,3,5.0,60.0,Medio,41.1,0.0,0.0,0.0,0.0,0/3,‚ö†Ô∏è WEAK,üî¥ Weak,,,,,,,
AXP,70.25,50.0,,,,American Express Company,59.0,Financial Services,Credit Services,55.0,60.0,56.0,75.0,50.0,346.655,238793867264.0,25.799999999999997,28.1,15.0,17.7,2026-02-19 17:04:04,2026-02-19,CORRECTION,AVOID,False,0,Error: Too Many Requests. Rate limited. Try after a while.,UNKNOWN,50,Error: Too Many Requests. Rate limited. Try after a while.,UNKNOWN,,35.0,60.8,,,,,0.0,,,,,0.0,,5.0,,Sin datos suficientes,56.0,0.0,0.0,0.0,0.0,0/3,‚ö†Ô∏è WEAK,üî¥ Weak,,,,,,,
HD,75.76315789473685,50.0,,,,,50.0,,,,,,,,,,25.299999999999997,30.3,15.0,15.0,2026-02-19 17:04:04,2026-02-19,CORRECTION,AVOID,False,0,Error: Too Many Requests. Rate limited. Try after a while.,UNKNOWN,50,Error: Too Many Requests. Rate limited. Try after a while.,UNKNOWN,,35.0,60.3,,,,,0.0,,,,,0.0,,,,,,0.0,0.0,0.0,0.0,0/3,‚ö†Ô∏è WEAK,üî¥ Weak,,,,,,,
GEHC,75.77083333333334,50.0,,,,,50.0,,,,,,,,,,25.299999999999997,30.3,15.0,15.0,2026-02-19 17:04:04,2026-02-19,CORRECTION,AVOID,False,0,Error: Too Many Requests. Rate limited. Try after a while.,UNKNOWN,50,Error: Too Many Requests. Rate limited. Try after a while.,UNKNOWN,,35.0,60.3,,,,,0.0,,,,,0.0,,,,,,0.0,0.0,0.0,0.0,0/3,‚ö†Ô∏è WEAK,üî¥ Weak,,,,,,,
AVB,72.0,50.0,,,,"AvalonBay Communities, Inc.",54.8,Real Estate,REIT - Residential,60.0,50.0,50.0,55.0,60.0,177.52,25135935488.0,25.200000000000003,28.8,15.0,16.4,2026-02-19 17:04:04,2026-02-19,CORRECTION,AVOID,False,0,Error: Too Many Requests. Rate limited. Try after a while.,UNKNOWN,50,Error: Too Many Requests. Rate limited. Try after a while.,UNKNOWN,,35.0,60.2,,,,,0.0,,,,,0.0,,5.0,,Sin datos suficientes,50.0,0.0,0.0,0.0,0.0,0/3,‚ö†Ô∏è WEAK,üî¥ Weak,,,,,,,
APO,59.268181818181816,50.0,,,,"Apollo Global Management, Inc. ",69.2,Financial Services,Asset Management,55.0,100.0,50.0,75.0,65.0,125.135,72631181312.0,24.5,23.7,15.0,20.8,2026-02-19 17:04:04,2026-02-19,CORRECTION,AVOID,False,0,Error: Too Many Requests. Rate limited. Try after a while.,UNKNOWN,50,Error: Too Many Requests. Rate limited. Try after a while.,UNKNOWN,,35.0,59.5,,,,,0.0,,,,,0.0,3,5.0,60.0,Medio,41.1,0.0,0.0,0.0,0.0,0/3,‚ö†Ô∏è WEAK,üî¥ Weak,,,,,,,
ALB,56.85,50.0,,,,Albemarle Corporation,72.0,Basic Materials,Specialty Chemicals,50.0,100.0,85.0,60.0,60.0,174.02,20507772928.0,24.299999999999997,22.7,15.0,21.6,2026-02-19 17:04:04,2026-02-19,CORRECTION,AVOID,False,0,Error: Too Many Requests. Rate limited. Try after a while.,UNKNOWN,50,Error: Too Many Requests. Rate limited. Try after a while.,UNKNOWN,,35.0,59.3,,,,,0.0,,,,,0.0,,5.0,,Sin datos suficientes,85.0,0.0,0.0,0.0,0.0,0/3,‚ö†Ô∏è WEAK,üî¥ Weak,,,,,,,
CMG,65.20454545454545,50.0,,,,"Chipotle Mexican Grill, Inc.",59.2,Consumer Cyclical,Restaurants,55.0,50.0,65.0,75.0,60.0,38.67,51132489728.0,23.799999999999997,26.1,15.0,17.8,2026-02-19 17:04:04,2026-02-19,CORRECTION,AVOID,False,0,Error: Too Many Requests. Rate limited. Try after a while.,UNKNOWN,50,Error: Too Many Requests. Rate limited. Try after a while.,UNKNOWN,,35.0,58.8,,,,,0.0,,,,,0.0,,5.0,,Sin datos suficientes,65.0,0.0,0.0,0.0,0.0,0/3,‚ö†Ô∏è WEAK,üî¥ Weak,,,,,,,
CPB,67.08,50.0,,,,The Campbell's Company,46.0,Consumer Defensive,Packaged Foods,50.0,50.0,30.0,50.0,50.0,27.8734,8310014976.0,23.6,26.8,15.0,13.8,2026-02-19 17:04:04,2026-02-19,CORRECTION,AVOID,False,0,Error: Too Many Requests. Rate limited. Try after a while.,UNKNOWN,50,Error: Too Many Requests. Rate limited. Try after a while.,UNKNOWN,,35.0,55.6,,,,,0.0,,,,,0.0,2,5.0,80.0,Top 25%,42.2,3.0,0.0,0.0,0.0,0/3,‚ö†Ô∏è WEAK,üî¥ Weak,,,,,,,
CPRT,65.5625,50.0,,,,"Copart, Inc.",57.0,Industrials,Specialty Business Services,60.0,50.0,30.0,90.0,70.0,37.405,36213538816.0,23.299999999999997,26.2,15.0,17.1,2026-02-19 17:04:04,2026-02-19,CORRECTION,AVOID,False,0,Error: Too Many Requests. Rate limited. Try after a while.,UNKNOWN,50,Error: Too Many Requests. Rate limited. Try after a while.,UNKNOWN,,35.0,58.3,,,,,0.0,,,,,0.0,,5.0,,Sin datos suficientes,30.0,0.0,0.0,0.0,0.0,0/3,‚ö†Ô∏è WEAK,üî¥ Weak,,,,,,,
ACN,60.95238095238095,50.0,,,,Accenture plc,63.0,Technology,Information Technology Services,55.0,80.0,30.0,90.0,70.0,223.21,138421207040.0,23.299999999999997,24.4,15.0,18.9,2026-02-19 17:04:04,2026-02-19,CORRECTION,AVOID,False,0,Error: Too Many Requests. Rate limited. Try after a while.,UNKNOWN,50,Error: Too Many Requests. Rate limited. Try after a while.,UNKNOWN,,35.0,58.3,,,,,0.0,,,,,0.0,4,5.0,40.0,Bajo 50%,40.0,0.0,0.0,0.0,0.0,0/3,‚ö†Ô∏è WEAK,üî¥ Weak,,,,,,,
FSLR,68.55,50.0,,,,,50.0,,,,,,,,,,22.4,27.4,15.0,15.0,2026-02-19 17:04:04,2026-02-19,CORRECTION,AVOID,False,0,Error: Too Many Requests. Rate limited. Try after a while.,UNKNOWN,50,Error: Too Many Requests. Rate limited. Try after a while.,UNKNOWN,,35.0,57.4,,,,,0.0,,,,,0.0,,,,,,0.0,0.0,0.0,0.0,0/3,‚ö†Ô∏è WEAK,üî¥ Weak,,,,,,,
CDNS,68.05625,50.0,,,,"Cadence Design Systems, Inc.",59.8,Technology,Software - Application,60.0,50.0,50.0,85.0,65.0,308.96,84188504064.0,22.200000000000003,27.2,15.0,17.9,2026-02-19 17:04:04,2026-02-19,CORRECTION,AVOID,False,0,Error: Too Many Requests. Rate limited. Try after a while.,UNKNOWN,50,Error: Too Many Requests. Rate limited. Try after a while.,UNKNOWN,,35.0,60.2,,,,,0.0,,,,,0.0,5,5.0,20.0,Bottom 25%,29.0,-3.0,0.0,0.0,0.0,0/3,‚ö†Ô∏è WEAK,üî¥ Weak,,,,,,,
GIS,66.94736842105263,50.0,,,,,50.0,,,,,,,,,,21.799999999999997,26.8,15.0,15.0,2026-02-19 17:04:04,2026-02-19,CORRECTION,AVOID,False,0,Error: Too Many Requests. Rate limited. Try after a while.,UNKNOWN,50,Error: Too Many Requests. Rate limited. Try after a while.,UNKNOWN,,35.0,56.8,,,,,0.0,,,,,0.0,,,,,,0.0,0.0,0.0,0.0,0/3,‚ö†Ô∏è WEAK,üî¥ Weak,,,,,,,
DPZ,66.9375,50.0,,,,,50.0,,,,,,,,,,21.799999999999997,26.8,15.0,15.0,2026-02-19 17:04:04,2026-02-19,CORRECTION,AVOID,False,0,Error: Too Many Requests. Rate limited. Try after a while.,UNKNOWN,50,Error: Too Many Requests. Rate limited. Try after a while.,UNKNOWN,,35.0,56.8,,,,,0.0,,,,,0.0,,,,,,0.0,0.0,0.0,0.0,0/3,‚ö†Ô∏è WEAK,üî¥ Weak,,,,,,,
FISV,66.92105263157895,50.0,,,,,50.0,,,,,,,,,,21.799999999999997,26.8,15.0,15.0,2026-02-19 17:04:04,2026-02-19,CORRECTION,AVOID,False,0,Error: Too Many Requests. Rate limited. Try after a while.,UNKNOWN,50,Error: Too Many Requests. Rate limited. Try after a while.,UNKNOWN,,35.0,56.8,,,,,0.0,,,,,0.0,,,,,,0.0,0.0,0.0,0.0,0/3,‚ö†Ô∏è WEAK,üî¥ Weak,,,,,,,
FTNT,66.54347826086956,50.0,,,,,50.0,,,,,,,,,,21.6,26.6,15.0,15.0,2026-02-19 17:04:04,2026-02-19,CORRECTION,AVOID,False,0,Error: Too Many Requests. Rate limited. Try after a while.,UNKNOWN,50,Error: Too Many Requests. Rate limited. Try after a while.,UNKNOWN,,35.0,56.6,,,,,0.0,,,,,0.0,,,,,,0.0,0.0,0.0,0.0,0/3,‚ö†Ô∏è WEAK,üî¥ Weak,,,,,,,
TECH,61.35000000000001,50.0,,,,Bio-Techne Corp,56.5,Healthcare,Biotechnology,50.0,50.0,56.0,75.0,65.0,59.42,9296454656.0,21.5,24.5,15.0,17.0,2026-02-19 17:04:04,2026-02-19,CORRECTION,AVOID,False,0,Error: Too Many Requests. Rate limited. Try after a while.,UNKNOWN,50,Error: Too Many Requests. Rate limited. Try after a while.,UNKNOWN,,35.0,56.5,,,,,0.0,,,,,0.0,,5.0,,Sin datos suficientes,56.0,0.0,0.0,0.0,0.0,0/3,‚ö†Ô∏è WEAK,üî¥ Weak,,,,,,,
BBY,67.0,50.0,,,,"Best Buy Co., Inc.",48.8,Consumer Cyclical,Specialty Retail,50.0,30.0,50.0,65.0,65.0,67.545,14191289344.0,21.4,26.8,15.0,14.6,2026-02-19 17:04:04,2026-02-19,CORRECTION,AVOID,False,0,Error: Too Many Requests. Rate limited. Try after a while.,UNKNOWN,50,Error: Too Many Requests. Rate limited. Try after a while.,UNKNOWN,,35.0,56.4,,,,,0.0,,,,,0.0,,5.0,,Sin datos suficientes,50.0,0.0,0.0,0.0,0.0,0/3,‚ö†Ô∏è WEAK,üî¥ Weak,,,,,,,
CTSH,59.4,50.0,,,,Cognizant Technology Solutions ,58.8,Technology,Information Technology Services,55.0,50.0,50.0,85.0,70.0,66.85,32264914944.0,21.4,23.8,15.0,17.6,2026-02-19 17:04:04,2026-02-19,CORRECTION,AVOID,False,0,Error: Too Many Requests. Rate limited. Try after a while.,UNKNOWN,50,Error: Too Many Requests. Rate limited. Try after a while.,UNKNOWN,,35.0,56.4,,,,,0.0,,,,,0.0,4,5.0,40.0,Bajo 50%,40.0,0.0,0.0,0.0,0.0,0/3,‚ö†Ô∏è WEAK,üî¥ Weak,,,,,,,
LULU,65.975,50.0,,,,,50.0,,,,,,,,,,21.4,26.4,15.0,15.0,2026-02-19 17:04:04,2026-02-19,CORRECTION,AVOID,False,0,Error: Too Many Requests. Rate limited. Try after a while.,UNKNOWN,50,Error: Too Many Requests. Rate limited. Try after a while.,UNKNOWN,,35.0,56.4,,,,,0.0,,,,,0.0,,,,,,0.0,0.0,0.0,0.0,0/3,‚ö†Ô∏è WEAK,üî¥ Weak,,,,,,,
LLY,65.25,50.0,,,,,50.0,,,,,,,,,,21.1,26.1,15.0,15.0,2026-02-19 17:04:04,2026-02-19,CORRECTION,AVOID,False,0,Error: Too Many Requests. Rate limited. Try after a while.,UNKNOWN,50,Error: Too Many Requests. Rate limited. Try after a while.,UNKNOWN,,35.0,56.1,,,,,0.0,,,,,0.0,,,,,,0.0,0.0,0.0,0.0,0/3,‚ö†Ô∏è WEAK,üî¥ Weak,,,,,,,
ARES,58.8,50.0,,,,Ares Management Corporation,57.0,Financial Services,Asset Management,50.0,80.0,30.0,60.0,70.0,133.55,43754266624.0,20.6,23.5,15.0,17.1,2026-02-19 17:04:04,2026-02-19,CORRECTION,AVOID,False,0,Error: Too Many Requests. Rate limited. Try after a while.,UNKNOWN,50,Error: Too Many Requests. Rate limited. Try after a while.,UNKNOWN,,35.0,55.6,,,,,0.0,,,,,0.0,3,5.0,60.0,Medio,41.1,0.0,0.0,0.0,0.0,0/3,‚ö†Ô∏è WEAK,üî¥ Weak,,,,,,,
LW,63.434782608695656,50.0,,,,,50.0,,,,,,,,,,20.4,25.4,15.0,15.0,2026-02-19 17:04:04,2026-02-19,CORRECTION,AVOID,False,0,Error: Too Many Requests. Rate limited. Try after a while.,UNKNOWN,50,Error: Too Many Requests. Rate limited. Try after a while.,UNKNOWN,,35.0,55.4,,,,,0.0,,,,,0.0,,,,,,0.0,0.0,0.0,0.0,0/3,‚ö†Ô∏è WEAK,üî¥ Weak,,,,,,,
PODD,61.8125,51.7,42.0,0.0,100.0,,50.0,,,,,,,,,,20.200000000000003,24.7,15.5,15.0,2026-02-19 17:04:04,2026-02-19,CORRECTION,AVOID,False,0,Error: Too Many Requests. Rate limited. Try after a while.,UNKNOWN,50,Error: Too Many Requests. Rate limited. Try after a while.,UNKNOWN,,35.0,55.2,,,,,0.0,,,,,0.0,,,,,,0.0,0.0,0.0,0.0,0/3,‚ö†Ô∏è WEAK,üî¥ Weak,,,,,,,
APP,54.23333333333333,50.0,,,,Applovin Corporation,61.5,Communication Services,Advertising Agencies,60.0,70.0,35.0,80.0,70.0,405.0,137016762368.0,20.1,21.7,15.0,18.4,2026-02-19 17:04:04,2026-02-19,CORRECTION,AVOID,False,0,Error: Too Many Requests. Rate limited. Try after a while.,UNKNOWN,50,Error: Too Many Requests. Rate limited. Try after a while.,UNKNOWN,,35.0,55.1,,,,,0.0,,,,,0.0,,5.0,,Sin datos suficientes,35.0,0.0,0.0,0.0,0.0,0/3,‚ö†Ô∏è WEAK,üî¥ Weak,,,,,,,
BLDR,61.54545454545455,50.0,,,,"Builders FirstSource, Inc.",51.4,Industrials,Building Products & Equipment,50.0,50.0,40.5,65.0,60.0,115.09,12726719488.0,20.0,24.6,15.0,15.4,2026-02-19 17:04:04,2026-02-19,CORRECTION,AVOID,False,0,Error: Too Many Requests. Rate limited. Try after a while.,UNKNOWN,50,Error: Too Many Requests. Rate limited. Try after a while.,UNKNOWN,,35.0,55.0,,,,,0.0,,,,,0.0,,5.0,,Sin datos suficientes,40.5,0.0,0.0,0.0,0.0,0/3,‚ö†Ô∏è WEAK,üî¥ Weak,,,,,,,
EFX,61.86538461538461,50.0,,,,,50.0,,,,,,,,,,19.700000000000003,24.7,15.0,15.0,2026-02-19 17:04:04,2026-02-19,CORRECTION,AVOID,False,0,Error: Too Many Requests. Rate limited. Try after a while.,UNKNOWN,50,Error: Too Many Requests. Rate limited. Try after a while.,UNKNOWN,,35.0,54.7,,,,,0.0,,,,,0.0,,,,,,0.0,0.0,0.0,0.0,0/3,‚ö†Ô∏è WEAK,üî¥ Weak,,,,,,,
EBAY,60.375,50.0,,,,,50.0,,,,,,,,,,19.200000000000003,24.2,15.0,15.0,2026-02-19 17:04:04,2026-02-19,CORRECTION,AVOID,False,0,Error: Too Many Requests. Rate limited. Try after a while.,UNKNOWN,50,Error: Too Many Requests. Rate limited. Try after a while.,UNKNOWN,,35.0,54.2,,,,,0.0,,,,,0.0,,,,,,0.0,0.0,0.0,0.0,0/3,‚ö†Ô∏è WEAK,üî¥ Weak,,,,,,,
XYZ,58.03809523809524,50.0,,,,"Block, Inc.",53.2,Technology,Software - Infrastructure,55.0,50.0,30.0,75.0,70.0,53.94,32880959488.0,19.200000000000003,23.2,15.0,16.0,2026-02-19 17:04:04,2026-02-19,CORRECTION,AVOID,False,0,Error: Too Many Requests. Rate limited. Try after a while.,UNKNOWN,50,Error: Too Many Requests. Rate limited. Try after a while.,UNKNOWN,,35.0,54.2,,,,,0.0,,,,,0.0,,5.0,,Sin datos suficientes,30.0,0.0,0.0,0.0,0.0,0/3,‚ö†Ô∏è WEAK,üî¥ Weak,,,,,,,
BX,59.775,50.0,,,,Blackstone Inc.,50.8,Financial Services,Asset Management,60.0,30.0,30.0,85.0,65.0,133.0675,163624943616.0,19.1,23.9,15.0,15.2,2026-02-19 17:04:04,2026-02-19,CORRECTION,AVOID,False,0,Error: Too Many Requests. Rate limited. Try after a while.,UNKNOWN,50,Error: Too Many Requests. Rate limited. Try after a while.,UNKNOWN,,35.0,54.1,,,,,0.0,,,,,0.0,3,5.0,60.0,Medio,41.1,0.0,0.0,0.0,0.0,0/3,‚ö†Ô∏è WEAK,üî¥ Weak,,,,,,,
FICO,60.00833333333334,50.0,,,,,50.0,,,,,,,,,,19.0,24.0,15.0,15.0,2026-02-19 17:04:04,2026-02-19,CORRECTION,AVOID,False,0,Error: Too Many Requests. Rate limited. Try after a while.,UNKNOWN,50,Error: Too Many Requests. Rate limited. Try after a while.,UNKNOWN,,35.0,54.0,,,,,0.0,,,,,0.0,,,,,,0.0,0.0,0.0,0.0,0/3,‚ö†Ô∏è WEAK,üî¥ Weak,,,,,,,
JKHY,59.72272727272727,50.0,,,,,50.0,,,,,,,,,,18.9,23.9,15.0,15.0,2026-02-19 17:04:04,2026-02-19,CORRECTION,AVOID,False,0,Error: Too Many Requests. Rate limited. Try after a while.,UNKNOWN,50,Error: Too Many Requests. Rate limited. Try after a while.,UNKNOWN,,35.0,53.9,,,,,0.0,,,,,0.0,,,,,,0.0,0.0,0.0,0.0,0/3,‚ö†Ô∏è WEAK,üî¥ Weak,,,,,,,
BSX,57.8,50.0,,,,Boston Scientific Corporation,52.0,Healthcare,Medical Devices,55.0,60.0,15.0,70.0,70.0,75.76,112353583104.0,18.700000000000003,23.1,15.0,15.6,2026-02-19 17:04:04,2026-02-19,CORRECTION,AVOID,False,0,Error: Too Many Requests. Rate limited. Try after a while.,UNKNOWN,50,Error: Too Many Requests. Rate limited. Try after a while.,UNKNOWN,,35.0,53.7,,,,,0.0,,,,,0.0,,5.0,,Sin datos suficientes,15.0,0.0,0.0,0.0,0.0,0/3,‚ö†Ô∏è WEAK,üî¥ Weak,,,,,,,
ADP,60.76842105263158,50.0,,,,"Automatic Data Processing, Inc.",53.2,Technology,Software - Application,55.0,50.0,30.0,85.0,55.0,217.365,87913005056.0,17.299999999999997,24.3,15.0,16.0,2026-02-19 17:04:04,2026-02-19,CORRECTION,AVOID,False,0,Error: Too Many Requests. Rate limited. Try after a while.,UNKNOWN,50,Error: Too Many Requests. Rate limited. Try after a while.,UNKNOWN,,35.0,55.3,,,,,0.0,,,,,0.0,5,5.0,20.0,Bottom 25%,29.0,-3.0,0.0,0.0,0.0,0/3,‚ö†Ô∏è WEAK,üî¥ Weak,,,,,,,
ADBE,58.65909090909091,50.0,,,,Adobe Inc.,56.0,Technology,Software - Application,60.0,70.0,15.0,70.0,70.0,260.58,109078781952.0,17.299999999999997,23.5,15.0,16.8,2026-02-19 17:04:04,2026-02-19,CORRECTION,AVOID,False,0,Error: Too Many Requests. Rate limited. Try after a while.,UNKNOWN,50,Error: Too Many Requests. Rate limited. Try after a while.,UNKNOWN,,35.0,55.3,,,,,0.0,,,,,0.0,5,5.0,20.0,Bottom 25%,29.0,-3.0,0.0,0.0,0.0,0/3,‚ö†Ô∏è WEAK,üî¥ Weak,,,,,,,
ADSK,59.72857142857143,50.0,,,,"Autodesk, Inc.",52.0,Technology,Software - Application,55.0,60.0,15.0,70.0,70.0,228.7,48713101312.0,16.5,23.9,15.0,15.6,2026-02-19 17:04:04,2026-02-19,CORRECTION,AVOID,False,0,Error: Too Many Requests. Rate limited. Try after a while.,UNKNOWN,50,Error: Too Many Requests. Rate limited. Try after a while.,UNKNOWN,,35.0,54.5,,,,,0.0,,,,,0.0,5,5.0,20.0,Bottom 25%,29.0,-3.0,0.0,0.0,0.0,0/3,‚ö†Ô∏è WEAK,üî¥ Weak,,,,,,,
COIN,56.36153846153846,50.0,,,,"Coinbase Global, Inc. - 3",45.2,Financial Services,Financial Data & Stock Exchanges,55.0,30.0,15.0,75.0,70.0,166.7425,44997763072.0,16.1,22.5,15.0,13.6,2026-02-19 17:04:04,2026-02-19,CORRECTION,AVOID,False,0,Error: Too Many Requests. Rate limited. Try after a while.,UNKNOWN,50,Error: Too Many Requests. Rate limited. Try after a while.,UNKNOWN,,35.0,51.1,,,,,0.0,,,,,0.0,,5.0,,Sin datos suficientes,15.0,0.0,0.0,0.0,0.0,0/3,‚ö†Ô∏è WEAK,üî¥ Weak,,,,,,,
KKR,58.05,40.2,17.1,0.0,100.0,,50.0,,,,,,,,,,15.299999999999997,23.2,12.1,15.0,2026-02-19 17:04:04,2026-02-19,CORRECTION,AVOID,False,0,Error: Too Many Requests. Rate limited. Try after a while.,UNKNOWN,50,Error: Too Many Requests. Rate limited. Try after a while.,UNKNOWN,,35.0,50.3,,,,,0.0,,,,,0.0,,,,,,0.0,0.0,0.0,0.0,0/3,‚ö†Ô∏è WEAK,üî¥ Weak,,,,,,,
DDOG,52.125,50.0,,,,"Datadog, Inc.",56.2,Technology,Software - Application,50.0,70.0,35.0,65.0,70.0,121.56,42627534848.0,14.700000000000003,20.8,15.0,16.9,2026-02-19 17:04:04,2026-02-19,CORRECTION,AVOID,False,0,Error: Too Many Requests. Rate limited. Try after a while.,UNKNOWN,50,Error: Too Many Requests. Rate limited. Try after a while.,UNKNOWN,,35.0,52.7,,,,,0.0,,,,,0.0,5,5.0,20.0,Bottom 25%,29.0,-3.0,0.0,0.0,0.0,0/3,‚ö†Ô∏è WEAK,üî¥ Weak,,,,,,,
EXPE,45.3,50.0,,,,,50.0,,,,,,,,,,13.100000000000001,18.1,15.0,15.0,2026-02-19 17:04:04,2026-02-19,CORRECTION,AVOID,False,0,Error: Too Many Requests. Rate limited. Try after a while.,UNKNOWN,50,Error: Too Many Requests. Rate limited. Try after a while.,UNKNOWN,,35.0,48.1,,,,,0.0,,,,,0.0,,,,,,0.0,0.0,0.0,0.0,0/3,‚ö†Ô∏è WEAK,üî¥ Weak,,,,,,,
IT,56.38421052631578,26.2,0.0,0.0,100.0,,50.0,,,,,,,,,,10.399999999999999,22.6,7.9,15.0,2026-02-19 17:04:04,2026-02-19,CORRECTION,AVOID,False,0,Error: Too Many Requests. Rate limited. Try after a while.,UNKNOWN,50,Error: Too Many Requests. Rate limited. Try after a while.,UNKNOWN,,35.0,45.4,,,,,0.0,,,,,0.0,,,,,,0.0,0.0,0.0,0.0,0/3,‚ö†Ô∏è WEAK,üî¥ Weak,,,,,,,
