ticker,super_score_4d,tier,vcp_score,insiders_score,sector_score,institutional_score,num_whales,top_whales,next_earnings,days_to_earnings,sector_name,sector_momentum,tier_boost,dj_ticker,current_price,price_target,upside_percent,analyst_target,analyst_upside,num_analysts,fundamental_score,pe_ratio,peg_ratio,fcf_yield,roe,revenue_growth,entry_score,entry_bonus,super_score_5d
INTC,59.1,‚≠ê BUENA,88.575,90,77.96,0.0,0,,2026-04-23,74.0,Technology,improving,3,DJUSTC,50.59,51.41,1.62,47.17125,-6.757758450286621,40,20.0,,,-1.782505686771,0.00022,-0.041,90.0,5,67.1
NCLH,61.9,‚≠ê BUENA,89.56818181818181,100,50.0,0.0,0,,,,,stable,0,,23.32,26.68,14.4,27.70455,18.801672384219547,22,20.0,16.776978,,-12.402256057180237,0.39870998,0.047,50.0,1,62.9
BA,54.6,üîµ MODERADA,90.20588235294116,70,67.8,0.0,0,,2026-04-22,73.0,Industrials,improving,0,DJUSIG,243.03,269.41,10.86,271.5,11.714603135415391,24,40.0,97.995964,,0.9230447637966316,2.90084,0.571,100.0,5,59.6
BEN,54.4,üîµ MODERADA,89.56521739130434,70,68.05,0.0,0,,2026-01-30,-9.0,Financial Services,improving,0,DJUSFI,27.2,22.18,-18.45,27.36364,0.6016176470588164,11,30.0,25.185184,,2.315198813800499,0.04464,0.034,100.0,5,59.4
CRM,54.9,üîµ MODERADA,66.33333333333334,100,77.96,0.0,0,,2026-02-25,17.0,Technology,improving,3,DJUSTC,191.35,283.7,48.26,327.8551,71.3379148157826,53,45.0,25.581553,,7.972845348852478,0.12184,0.086,0.0,0,57.9
CVS,54.9,üîµ MODERADA,74.78571428571429,90,52.4,0.0,0,,2026-02-10,2.0,Healthcare,improving,0,DJUSHC,78.35,93.87,19.81,94.76,20.944479897894077,25,25.0,206.1842,,7.014501322242427,0.0057800002,0.078,75.0,3,57.9
WRB,56.4,‚≠ê BUENA,71.375,100,68.05,0.0,0,,2026-04-20,71.0,Financial Services,improving,0,DJUSFI,70.41,72.89,3.52,68.33333,-2.949396392557868,15,41.67,15.822474,,,0.19600001,0.015,55.0,1,57.4
OXY,54.2,üîµ MODERADA,88.97619047619048,70,38.11,0.0,0,,2026-02-18,10.0,Energy,improving,0,DJUSEN,46.31,48.87,5.53,48.9384,5.675664003454983,25,20.0,34.05147,,6.6479311541313635,0.05955,-0.077,50.0,1,55.2
CAT,49.6,üîµ MODERADA,90.40625,50,67.8,0.0,0,,2026-04-30,81.0,Industrials,improving,0,DJUSIG,726.2,546.04,-24.81,686.16656,-5.512729275681638,26,35.0,38.607124,,1.6187824751330788,0.43526,0.18,100.0,5,54.6
APTV,49.4,üîµ MODERADA,89.65789473684211,50,63.84,0.0,0,,2026-04-30,81.0,Consumer Cyclical,improving,0,DJUSGT,82.38,95.7,16.18,101.25,22.906045156591404,16,25.0,109.84,,7.2265524437275435,0.01948,0.05,80.0,5,54.4
IEX,49.4,üîµ MODERADA,72.89473684210526,70,67.8,0.0,0,,2026-04-30,81.0,Industrials,improving,0,DJUSIG,211.37,178.36,-15.62,217.53847,2.9183280503382703,13,40.0,33.02656,,3.524214903096438,0.1234,0.042,80.0,5,54.4
ECL,46.3,üîµ MODERADA,79.42857142857143,50,79.76,0.0,0,,2026-02-10,2.0,Basic Materials,improving,3,DJUSBS,290.33,226.56,-21.96,295.38095,1.7397272069713754,21,40.0,41.834293,,1.6971924627956805,0.21869,0.178,90.0,5,54.3
MGM,48.9,üîµ MODERADA,87.875,50,63.84,0.0,0,,2026-04-29,80.0,Consumer Cyclical,improving,0,DJUSGT,37.49,44.6,18.96,42.33333,12.918991731128294,18,25.0,49.32895,,,0.1489,0.051,70.0,3,51.9
ALLY,50.3,üîµ MODERADA,0.0,100,68.05,61.1368,6,"Berkshire Hathaway (Warren Buffett), Berkshire Hathaway (Warren Buffett), Berkshire Hathaway (Warren Buffett)",2026-04-16,67.0,Financial Services,improving,0,DJUSFI,42.31,49.65,17.35,52.76471,24.709784920822496,17,37.5,17.852322,,,0.05796,0.12,45.0,1,51.3
GPN,50.1,üîµ MODERADA,92.02380952380952,50,67.8,0.0,0,,2026-02-18,10.0,Industrials,improving,0,DJUSIG,72.86,103.36,41.86,101.03846,38.67480098819654,26,25.0,11.056146,,11.87538810967475,0.07233,0.005,10.0,0,50.1
DASH,48.9,üîµ MODERADA,87.91666666666667,50,63.84,0.0,0,,2026-02-18,10.0,Consumer Cyclical,improving,0,DJUSGT,182.47,251.92,38.06,275.75952,51.12594947114595,42,50.0,91.69347,,-2.309289953995439,0.100430004,0.273,0.0,0,48.9
ALIT,45.0,üîµ MODERADA,0.0,100,77.96,40.078831446,4,"Appaloosa Management (David Tepper), Appaloosa Management (David Tepper), Appaloosa Management (David Tepper)",2026-02-19,11.0,Technology,improving,3,DJUSTC,1.6,3.17,98.23,4.58333,186.458125,6,20.0,,,31.34724242175637,-0.66856,-0.04,0.0,0,48.0
PODD,43.6,üîµ MODERADA,70.16666666666667,50,52.4,0.0,0,,2026-02-18,10.0,Healthcare,improving,0,DJUSHC,241.93,220.38,-8.91,369.64,52.7879965279213,25,50.0,70.53352,,1.2644548868721905,0.19679001,0.299,10.0,0,43.6
HYMC,35.0,üîµ MODERADA,0.0,100,79.76,0.0,0,,2026-03-04,24.0,Basic Materials,improving,3,DJUSBS,34.59,38.05,10.0,,,0,12.5,,,-1.1684941803269628,-3.7460501,,60.0,3,41.0
ALMS,35.0,üîµ MODERADA,0.0,100,52.4,0.0,0,,2025-11-13,-87.0,Healthcare,improving,0,DJUSHC,26.19,33.03,26.12,37.25,42.22985872470409,8,25.0,,,-5.841588919155026,-0.66876,,90.0,5,40.0
SLGL,35.0,üîµ MODERADA,0.0,100,52.4,0.0,0,,2025-11-20,-80.0,Healthcare,improving,0,DJUSHC,65.78,91.18,38.61,110.0,67.22408026755853,1,25.0,,,,-0.29591,-0.925,80.0,5,40.0
CCFN,35.0,üîµ MODERADA,0.0,100,68.05,0.0,0,,,,Financial Services,improving,0,DJUSFI,61.41,76.76,25.0,,,0,75.0,8.964964,,,0.13498001,0.227,100.0,5,40.0
CBKM,35.0,üîµ MODERADA,0.0,100,68.05,0.0,0,,,,Financial Services,improving,0,DJUSFI,26.2,31.23,19.2,,,0,62.5,8.646865,,,0.122480005,0.169,100.0,5,40.0
CMTV,35.0,üîµ MODERADA,0.0,100,68.05,0.0,0,,,,Financial Services,improving,0,DJUSFI,32.18,36.65,13.89,,,0,75.0,10.620462,,,0.16028,0.14,90.0,5,40.0
GLSI,35.0,üîµ MODERADA,0.0,100,52.4,0.0,0,,2025-11-18,-82.0,Healthcare,improving,0,DJUSHC,29.0,39.7,36.9,47.5,63.793103448275865,2,16.67,,,-0.33780240108139137,-5.43434,,80.0,5,40.0
AVO,35.0,üîµ MODERADA,0.0,100,19.75,0.0,0,,2026-03-09,29.0,Consumer Defensive,improving,0,DJUSFB,14.03,12.81,-8.67,17.33333,23.54476122594442,3,25.0,26.471699,,3.4612000440972985,0.06767,-0.1,90.0,5,40.0
BMNM,35.0,üîµ MODERADA,0.0,100,68.05,0.0,0,,,,Financial Services,improving,0,DJUSFI,3.41,3.75,9.97,,,0,37.5,37.88889,,,0.10434,0.506,80.0,5,40.0
SPG,35.0,üîµ MODERADA,0.0,100,42.31,0.0,0,,2026-02-02,-6.0,Real Estate,improving,0,DJUSRE,199.6,210.38,5.4,201.2,0.8016032064128265,20,43.75,14.086098,,,1.04109,0.131,80.0,5,40.0
DLPN,35.0,üîµ MODERADA,0.0,100,16.97,0.0,0,,2025-11-12,-88.0,Communication Services,improving,0,DJUSTL,1.59,3.38,112.26,5.0,214.46540880503142,1,15.0,,,-0.8549051884308987,-0.55086,0.167,80.0,5,40.0
SRZN,35.0,üîµ MODERADA,0.0,100,52.4,0.0,0,,,,Healthcare,improving,0,DJUSHC,22.8,30.87,35.41,36.66667,60.81872807017545,3,16.67,,,-4.543415900657223,,-0.902,80.0,5,40.0
CBC,35.0,üîµ MODERADA,0.0,100,68.05,0.0,0,,2026-04-28,79.0,Financial Services,improving,0,DJUSFI,24.25,29.7,22.49,29.1,19.999999999999996,5,75.0,17.572464,,,0.11338,0.321,80.0,5,40.0
NWFL,35.0,üîµ MODERADA,0.0,100,68.05,0.0,0,,2026-04-23,74.0,Financial Services,improving,0,DJUSFI,31.89,31.54,-1.1,28.0,-12.198181248040141,1,50.0,10.594685,,,0.12182,,90.0,5,40.0
AVBC,35.0,üîµ MODERADA,0.0,100,68.05,0.0,0,,,,Financial Services,improving,0,DJUSFI,19.41,21.68,11.67,22.0,13.343637300360633,1,37.5,,,,-0.01148,0.139,100.0,5,40.0
ABT,40.0,üîµ MODERADA,0.0,90,52.4,30.016092209,3,"Bridgewater Associates (Ray Dalio), BlackRock, BlackRock",2026-04-15,66.0,Healthcare,improving,0,DJUSHC,110.83,127.51,15.05,133.11375,20.106243796805924,24,33.33,29.79301,,,0.13158,0.044,10.0,0,40.0
BUKS,35.0,üîµ MODERADA,0.0,100,67.8,0.0,0,,,,Industrials,improving,0,DJUSIG,2.99,4.25,42.09,,,0,55.0,11.96,,8.221450104125308,0.25355,0.089,90.0,5,40.0
SMRT,35.0,üîµ MODERADA,0.0,100,77.96,0.0,0,,,,Technology,improving,3,DJUSTC,1.75,1.83,4.43,1.725,-1.4285714285714235,2,20.0,,,-4.756702094943478,-0.25479,-0.106,55.0,1,39.0
SPRU,35.0,üîµ MODERADA,0.0,100,77.96,0.0,0,,2025-11-11,-89.0,Technology,improving,3,DJUSTC,4.91,5.4,9.98,,,0,20.0,,,-14.638357602899793,-0.17415,0.437,55.0,1,39.0
WYY,35.0,üîµ MODERADA,0.0,100,77.96,0.0,0,,2025-11-13,-87.0,Technology,improving,3,DJUSTC,5.6,9.98,78.21,9.33333,66.66660714285715,3,30.0,,,15.30682323609705,-0.17366,0.043,55.0,1,39.0
YYAI,35.0,üîµ MODERADA,0.0,100,77.96,0.0,0,,,,Technology,improving,3,DJUSTC,1.15,1.27,10.43,,,0,33.33,0.24109015,,,,-0.083,15.0,0,38.0
AUID,35.0,üîµ MODERADA,0.0,100,77.96,0.0,0,,2025-11-12,-88.0,Technology,improving,3,DJUSTC,,,,,,0,,,,,,,,0,38.0
WBI,35.0,üîµ MODERADA,0.0,100,38.11,0.0,0,,2026-03-16,36.0,Energy,improving,0,DJUSEN,22.93,26.83,17.02,28.44444,24.049018752725694,9,58.33,,,,,0.372,60.0,3,38.0
LCGMF,35.0,üîµ MODERADA,0.0,100,79.76,0.0,0,,,,Basic Materials,improving,3,DJUSBS,,,,,,0,,,,,,,,0,38.0
CR,35.0,üîµ MODERADA,0.0,100,67.8,0.0,0,,2026-01-26,-13.0,Industrials,improving,0,DJUSIG,196.22,207.99,6.0,218.77779,11.496172663337067,9,40.0,34.729202,,-6.650681326499335,0.17908001,0.068,70.0,3,38.0
WERN,35.0,üîµ MODERADA,0.0,100,67.8,0.0,0,,2026-04-28,79.0,Industrials,improving,0,DJUSIG,34.76,36.09,3.82,33.93333,-2.3782220943613375,15,12.5,,,,-0.01594,-0.023,70.0,3,38.0
USAR,35.0,üîµ MODERADA,0.0,100,79.76,0.0,0,,,,Basic Materials,improving,3,DJUSBS,,,,,,0,,,,,,,,0,38.0
IAUX,35.0,üîµ MODERADA,0.0,100,79.76,0.0,0,,2025-11-12,-88.0,Basic Materials,improving,3,DJUSBS,,,,,,0,,,,,,,,0,38.0
LSAK,35.0,üîµ MODERADA,0.0,100,77.96,0.0,0,,2026-02-04,-4.0,Technology,improving,3,DJUSTC,,,,,,0,,,,,,,,0,38.0
PDYN,35.0,üîµ MODERADA,0.0,100,77.96,0.0,0,,2025-11-12,-88.0,Technology,improving,3,DJUSTC,,,,,,0,,,,,,,,0,38.0
Q,35.0,üîµ MODERADA,0.0,100,77.96,0.0,0,,2026-02-26,18.0,Technology,improving,3,DJUSTC,,,,,,0,,,,,,,,0,38.0
AMR,35.0,üîµ MODERADA,0.0,100,79.76,0.0,0,,2026-02-27,19.0,Basic Materials,improving,3,DJUSBS,,,,,,0,,,,,,,,0,38.0
INTZ,35.0,üîµ MODERADA,0.0,100,77.96,0.0,0,,2025-11-11,-89.0,Technology,improving,3,DJUSTC,,,,,,0,,,,,,,,0,38.0
CNTM,35.0,üîµ MODERADA,0.0,100,77.96,0.0,0,,,,Technology,improving,3,DJUSTC,,,,,,0,,,,,,,,0,38.0
BLND,35.0,üîµ MODERADA,0.0,100,77.96,0.0,0,,,,Technology,improving,3,DJUSTC,,,,,,0,,,,,,,,0,38.0
ADTN,35.0,üîµ MODERADA,0.0,100,77.96,0.0,0,,2026-02-25,17.0,Technology,improving,3,DJUSTC,,,,,,0,,,,,,,,0,38.0
ASTS,35.0,üîµ MODERADA,0.0,100,77.96,0.0,0,,2026-03-02,22.0,Technology,improving,3,DJUSTC,,,,,,0,,,,,,,,0,38.0
MYSZ,35.0,üîµ MODERADA,0.0,100,77.96,0.0,0,,,,Technology,improving,3,DJUSTC,,,,,,0,,,,,,,,0,38.0
THM,35.0,üîµ MODERADA,0.0,100,79.76,0.0,0,,,,Basic Materials,improving,3,DJUSBS,,,,,,0,,,,,,,,0,38.0
GRND,35.0,üîµ MODERADA,0.0,100,77.96,0.0,0,,,,Technology,improving,3,DJUSTC,,,,,,0,,,,,,,,0,38.0
RPD,35.0,üîµ MODERADA,0.0,100,77.96,0.0,0,,2026-02-10,2.0,Technology,improving,3,DJUSTC,,,,,,0,,,,,,,,0,38.0
FRD,35.0,üîµ MODERADA,0.0,100,79.76,0.0,0,,2026-02-09,1.0,Basic Materials,improving,3,DJUSBS,,,,,,0,,,,,,,,0,38.0
PSQH,35.0,üîµ MODERADA,0.0,100,77.96,0.0,0,,,,Technology,improving,3,DJUSTC,,,,,,0,,,,,,,,0,38.0
FIS,35.0,üîµ MODERADA,0.0,90,77.96,10.000249894,1,Tiger Global Management,2026-02-10,2.0,Technology,improving,3,DJUSTC,,,,,,0,,,,,,,,0,38.0
CE,35.0,üîµ MODERADA,0.0,100,79.76,0.0,0,,2026-02-17,9.0,Basic Materials,improving,3,DJUSBS,,,,,,0,,,,,,,,0,38.0
AISP,35.0,üîµ MODERADA,0.0,100,77.96,0.0,0,,2025-11-17,-83.0,Technology,improving,3,DJUSTC,,,,,,0,,,,,,,,0,38.0
SCKT,35.0,üîµ MODERADA,0.0,100,77.96,0.0,0,,,,Technology,improving,3,DJUSTC,,,,,,0,,,,,,,,0,38.0
GLGI,35.0,üîµ MODERADA,0.0,100,79.76,0.0,0,,,,Basic Materials,improving,3,DJUSBS,,,,,,0,,,,,,,,0,38.0
MSTR,35.0,üîµ MODERADA,0.0,100,77.96,0.0,0,,2026-04-30,81.0,Technology,improving,3,DJUSTC,,,,,,0,,,,,,,,0,38.0
SVCO,35.0,üîµ MODERADA,0.0,100,77.96,0.0,0,,2025-11-12,-88.0,Technology,improving,3,DJUSTC,,,,,,0,,,,,,,,0,38.0
GLOO,35.0,üîµ MODERADA,0.0,100,77.96,0.0,0,,2025-12-17,-53.0,Technology,improving,3,DJUSTC,,,,,,0,,,,,,,,0,38.0
SAIC,35.0,üîµ MODERADA,0.0,100,77.96,0.0,0,,2025-12-04,-66.0,Technology,improving,3,DJUSTC,,,,,,0,,,,,,,,0,38.0
SPT,35.0,üîµ MODERADA,0.0,100,77.96,0.0,0,,2026-02-26,18.0,Technology,improving,3,DJUSTC,,,,,,0,,,,,,,,0,38.0
SCND,35.0,üîµ MODERADA,0.0,100,77.96,0.0,0,,,,Technology,improving,3,DJUSTC,,,,,,0,,,,,,,,0,38.0
NEWT,35.0,üîµ MODERADA,0.0,100,68.05,0.0,0,,2026-04-28,79.0,Financial Services,improving,0,DJUSFI,13.94,16.07,15.24,16.8,20.5164992826399,5,31.25,6.223214,,,0.17442,0.03,70.0,3,38.0
SQNS,35.0,üîµ MODERADA,0.0,100,77.96,0.0,0,,,,Technology,improving,3,DJUSTC,3.73,12.05,223.06,20.0,436.1930294906166,4,5.0,0.746,,-452.9718398204087,-0.18169,-0.575,0.0,0,38.0
NAVN,35.0,üîµ MODERADA,0.0,100,77.96,0.0,0,,2025-12-15,-55.0,Technology,improving,3,DJUSTC,10.85,18.05,66.39,24.16667,122.73428571428573,12,66.67,,,,,0.29,0.0,0,38.0
PFBX,35.0,üîµ MODERADA,0.0,100,68.05,0.0,0,,,,Financial Services,improving,0,DJUSFI,21.24,23.36,9.98,,,0,0.0,24.988234,,,0.0481,-0.081,70.0,3,38.0
NRDY,35.0,üîµ MODERADA,0.0,100,77.96,0.0,0,,2026-02-26,18.0,Technology,improving,3,DJUSTC,1.04,1.66,59.98,2.1875,110.33653846153845,4,10.0,,,-4.975493489088558,-1.19545,-0.014,0.0,0,38.0
ISBA,35.0,üîµ MODERADA,0.0,100,68.05,0.0,0,,,,Financial Services,improving,0,DJUSFI,48.54,55.76,14.87,54.0,11.248454882571068,1,37.5,18.960938,,,0.08563,0.143,65.0,3,38.0
FISV,37.5,üîµ MODERADA,0.0,100,50.0,10.000115392,1,Tiger Global Management,2026-02-10,2.0,,stable,0,,60.0,73.19,21.98,80.37037,33.950616666666654,27,50.0,9.273571,,,,,0.0,0,37.5
MNTR,35.0,üîµ MODERADA,0.0,100,68.05,0.0,0,,,,Financial Services,improving,0,DJUSFI,0.081,,,,,0,16.67,,,-39.06001113531226,-0.17365,,45.0,1,36.0
GME,35.0,üîµ MODERADA,0.0,100,63.84,0.0,0,,2025-12-09,-61.0,Consumer Cyclical,improving,0,DJUSGT,24.98,15.66,-37.32,,,0,15.0,28.386364,,1.7714690475260229,0.083459996,-0.046,40.0,1,36.0
TPL,35.0,üîµ MODERADA,0.0,100,38.11,0.0,0,,2026-02-18,10.0,Energy,improving,0,DJUSEN,366.03,348.69,-4.74,280.83334,-23.2758680982433,2,55.0,52.89451,,0.3663483780186001,0.3937,0.17,40.0,1,36.0
RGCO,35.0,üîµ MODERADA,0.0,100,51.0,0.0,0,,2026-02-05,-3.0,Utilities,improving,0,DJUSUT,21.85,23.32,6.73,22.6,3.4324942791762014,1,31.25,17.48,,,0.113000005,0.109,55.0,1,36.0
IMRX,35.0,üîµ MODERADA,0.0,100,52.4,0.0,0,,2025-11-12,-88.0,Healthcare,improving,0,DJUSHC,4.93,11.13,125.69,16.83333,241.44685598377285,6,25.0,,,-8.716663516894673,-0.4375,,45.0,1,36.0
KFS,35.0,üîµ MODERADA,0.0,100,63.84,0.0,0,,,,Consumer Cyclical,improving,0,DJUSGT,13.19,7.07,-46.4,,,0,30.0,,,2.5061042891050334,-0.36534,0.319,55.0,1,36.0
MAIA,35.0,üîµ MODERADA,0.0,100,52.4,0.0,0,,,,Healthcare,improving,0,DJUSHC,1.97,7.15,263.07,12.135,515.989847715736,2,0.0,,,-9.611903163499102,-26.91066,,40.0,1,36.0
UUU,35.0,üîµ MODERADA,0.0,100,67.8,0.0,0,,,,Industrials,improving,0,DJUSIG,4.4,4.84,10.0,,,0,60.0,8.627451,,79.64903761070752,0.26861998,-0.894,45.0,1,36.0
CABA,35.0,üîµ MODERADA,0.0,100,52.4,0.0,0,,2025-11-10,-90.0,Healthcare,improving,0,DJUSHC,2.51,7.94,216.43,13.125,422.9083665338646,8,25.0,,,-30.46385870427133,-1.01064,,40.0,1,36.0
IRIX,35.0,üîµ MODERADA,0.0,100,52.4,0.0,0,,2025-11-11,-89.0,Healthcare,improving,0,DJUSHC,1.46,1.64,12.53,3.0,105.47945205479454,1,25.0,,,2.4773510150783915,-1.39294,0.078,50.0,1,36.0
GTE,35.0,üîµ MODERADA,0.0,100,38.11,0.0,0,,,,Energy,improving,0,DJUSEN,5.48,6.26,14.25,6.492,18.46715328467152,1,0.0,,,-16.77754585961628,-0.21906,-0.031,50.0,1,36.0
MLP,35.0,üîµ MODERADA,0.0,100,42.31,0.0,0,,2025-11-14,-86.0,Real Estate,improving,0,DJUSRE,17.12,,,,,0,30.0,,,-2.179054170799255,-0.33394,0.494,50.0,1,36.0
HYPD,35.0,üîµ MODERADA,0.0,100,52.4,0.0,0,,2025-11-13,-87.0,Healthcare,improving,0,DJUSHC,4.14,5.88,41.91,5.875,41.90821256038648,2,40.0,,,-192.1674389285732,-0.6849,185.158,45.0,1,36.0
PRPO,35.0,üîµ MODERADA,0.0,100,52.4,0.0,0,,,,Healthcare,improving,0,DJUSHC,20.06,14.8,-26.24,,,0,40.0,,,2.1773917734567902,-0.09761,0.299,55.0,1,36.0
DGICA,35.0,üîµ MODERADA,0.0,100,68.05,0.0,0,,2026-02-19,11.0,Financial Services,improving,0,DJUSFI,18.98,23.77,25.25,21.0,10.642781875658592,1,40.0,7.778688,,7.878670036898685,0.15104,-0.023,40.0,1,36.0
FGBI,35.0,üîµ MODERADA,0.0,100,68.05,0.0,0,,,,Financial Services,improving,0,DJUSFI,8.93,9.82,9.97,,,0,0.0,,,,-0.23281,0.034,50.0,1,36.0
SSGC,32.5,üîµ MODERADA,0.0,90,77.96,0.0,0,,,,Technology,improving,3,DJUSTC,,,,,,0,,,,,,,,0,35.5
USIO,32.5,üîµ MODERADA,0.0,90,77.96,0.0,0,,2025-11-12,-88.0,Technology,improving,3,DJUSTC,,,,,,0,,,,,,,,0,35.5
APCX,32.5,üîµ MODERADA,0.0,90,77.96,0.0,0,,,,Technology,improving,3,DJUSTC,,,,,,0,,,,,,,,0,35.5
LGL,32.5,üîµ MODERADA,0.0,90,77.96,0.0,0,,,,Technology,improving,3,DJUSTC,,,,,,0,,,,,,,,0,35.5
ALNT,32.5,üîµ MODERADA,0.0,90,77.96,0.0,0,,,,Technology,improving,3,DJUSTC,,,,,,0,,,,,,,,0,35.5
NNUP,32.5,üîµ MODERADA,0.0,90,79.76,0.0,0,,,,Basic Materials,improving,3,DJUSBS,,,,,,0,,,,,,,,0,35.5
SRCO,32.5,üîµ MODERADA,0.0,90,77.96,0.0,0,,,,Technology,improving,3,DJUSTC,,,,,,0,,,,,,,,0,35.5
EMAT,32.5,üîµ MODERADA,0.0,90,79.76,0.0,0,,,,Basic Materials,improving,3,DJUSBS,,,,,,0,,,,,,,,0,35.5
IBM,32.5,üîµ MODERADA,0.0,90,77.96,0.0,0,,2026-04-22,73.0,Technology,improving,3,DJUSTC,,,,,,0,,,,,,,,0,35.5
GTLB,32.5,üîµ MODERADA,0.0,90,77.96,0.0,0,,2026-03-02,22.0,Technology,improving,3,DJUSTC,,,,,,0,,,,,,,,0,35.5
CPAY,32.5,üîµ MODERADA,0.0,90,77.96,0.0,0,,2026-02-04,-4.0,Technology,improving,3,DJUSTC,,,,,,0,,,,,,,,0,35.5
FMC,32.5,üîµ MODERADA,0.0,90,79.76,0.0,0,,2026-04-29,80.0,Basic Materials,improving,3,DJUSBS,,,,,,0,,,,,,,,0,35.5
AVGO,32.5,üîµ MODERADA,0.0,90,77.96,0.0,0,,2026-03-04,24.0,Technology,improving,3,DJUSTC,,,,,,0,,,,,,,,0,35.5
CNXC,32.5,üîµ MODERADA,0.0,90,77.96,0.0,0,,2026-03-25,45.0,Technology,improving,3,DJUSTC,,,,,,0,,,,,,,,0,35.5
FLYW,32.5,üîµ MODERADA,0.0,90,77.96,0.0,0,,,,Technology,improving,3,DJUSTC,,,,,,0,,,,,,,,0,35.5
PAR,32.5,üîµ MODERADA,0.0,90,77.96,0.0,0,,,,Technology,improving,3,DJUSTC,,,,,,0,,,,,,,,0,35.5
UPBD,32.5,üîµ MODERADA,0.0,90,77.96,0.0,0,,2026-02-19,11.0,Technology,improving,3,DJUSTC,,,,,,0,,,,,,,,0,35.5
AMPG,32.5,üîµ MODERADA,0.0,90,77.96,0.0,0,,,,Technology,improving,3,DJUSTC,,,,,,0,,,,,,,,0,35.5
MU,32.5,üîµ MODERADA,0.0,90,77.96,0.0,0,,2026-03-18,38.0,Technology,improving,3,DJUSTC,,,,,,0,,,,,,,,0,35.5
FATN,32.5,üîµ MODERADA,0.0,90,77.96,0.0,0,,2026-02-02,-6.0,Technology,improving,3,DJUSTC,,,,,,0,,,,,,,,0,35.5
CMC,32.5,üîµ MODERADA,0.0,90,79.76,0.0,0,,2026-03-19,39.0,Basic Materials,improving,3,DJUSBS,,,,,,0,,,,,,,,0,35.5
WS,32.5,üîµ MODERADA,0.0,90,79.76,0.0,0,,2025-12-17,-53.0,Basic Materials,improving,3,DJUSBS,,,,,,0,,,,,,,,0,35.5
ICCC,35.0,üîµ MODERADA,0.0,100,52.4,0.0,0,,2026-02-25,17.0,Healthcare,improving,0,DJUSHC,,,,,,0,,,,,,,,0,35.0
BRN,35.0,üîµ MODERADA,0.0,100,38.11,0.0,0,,,,Energy,improving,0,DJUSEN,,,,,,0,,,,,,,,0,35.0
TISI,35.0,üîµ MODERADA,0.0,100,67.8,0.0,0,,2025-11-12,-88.0,Industrials,improving,0,DJUSIG,,,,,,0,,,,,,,,0,35.0
NTST,35.0,üîµ MODERADA,0.0,100,42.31,0.0,0,,2026-02-10,2.0,Real Estate,improving,0,DJUSRE,,,,,,0,,,,,,,,0,35.0
GCBC,35.0,üîµ MODERADA,0.0,100,68.05,0.0,0,,2026-04-21,72.0,Financial Services,improving,0,DJUSFI,,,,,,0,,,,,,,,0,35.0
CTEV,35.0,üîµ MODERADA,0.0,100,52.4,0.0,0,,2026-02-23,15.0,Healthcare,improving,0,DJUSHC,,,,,,0,,,,,,,,0,35.0
MTDR,35.0,üîµ MODERADA,0.0,100,38.11,0.0,0,,2026-02-24,16.0,Energy,improving,0,DJUSEN,,,,,,0,,,,,,,,0,35.0
NVCT,35.0,üîµ MODERADA,0.0,100,52.4,0.0,0,,,,Healthcare,improving,0,DJUSHC,,,,,,0,,,,,,,,0,35.0
HNRG,35.0,üîµ MODERADA,0.0,100,38.11,0.0,0,,2025-11-10,-90.0,Energy,improving,0,DJUSEN,,,,,,0,,,,,,,,0,35.0
NZF,35.0,üîµ MODERADA,0.0,100,68.05,0.0,0,,,,Financial Services,improving,0,DJUSFI,,,,,,0,,,,,,,,0,35.0
RMCF,35.0,üîµ MODERADA,0.0,100,19.75,0.0,0,,2026-01-13,-26.0,Consumer Defensive,improving,0,DJUSFB,,,,,,0,,,,,,,,0,35.0
EHSI,35.0,üîµ MODERADA,0.0,100,52.4,0.0,0,,,,Healthcare,improving,0,DJUSHC,,,,,,0,,,,,,,,0,35.0
GMRE,35.0,üîµ MODERADA,0.0,100,42.31,0.0,0,,,,Real Estate,improving,0,DJUSRE,,,,,,0,,,,,,,,0,35.0
CLYM,35.0,üîµ MODERADA,0.0,100,52.4,0.0,0,,,,Healthcare,improving,0,DJUSHC,,,,,,0,,,,,,,,0,35.0
RDGL,35.0,üîµ MODERADA,0.0,100,52.4,0.0,0,,,,Healthcare,improving,0,DJUSHC,,,,,,0,,,,,,,,0,35.0
ABTC,35.0,üîµ MODERADA,0.0,100,68.05,0.0,0,,2026-02-26,18.0,Financial Services,improving,0,DJUSFI,,,,,,0,,,,,,,,0,35.0
FUNC,35.0,üîµ MODERADA,0.0,100,68.05,0.0,0,,2026-04-20,71.0,Financial Services,improving,0,DJUSFI,,,,,,0,,,,,,,,0,35.0
HFFG,35.0,üîµ MODERADA,0.0,100,19.75,0.0,0,,2025-11-10,-90.0,Consumer Defensive,improving,0,DJUSFB,,,,,,0,,,,,,,,0,35.0
WEST,35.0,üîµ MODERADA,0.0,100,19.75,0.0,0,,,,Consumer Defensive,improving,0,DJUSFB,,,,,,0,,,,,,,,0,35.0
OWL,35.0,üîµ MODERADA,0.0,100,68.05,0.0,0,,2026-04-30,81.0,Financial Services,improving,0,DJUSFI,,,,,,0,,,,,,,,0,35.0
CHUC,35.0,üîµ MODERADA,0.0,100,19.75,0.0,0,,,,Consumer Defensive,improving,0,DJUSFB,,,,,,0,,,,,,,,0,35.0
ICU,35.0,üîµ MODERADA,0.0,100,52.4,0.0,0,,,,Healthcare,improving,0,DJUSHC,,,,,,0,,,,,,,,0,35.0
KVHI,35.0,üîµ MODERADA,0.0,100,16.97,0.0,0,,,,Communication Services,improving,0,DJUSTL,,,,,,0,,,,,,,,0,35.0
NXDT,35.0,üîµ MODERADA,0.0,100,42.31,0.0,0,,2025-11-13,-87.0,Real Estate,improving,0,DJUSRE,,,,,,0,,,,,,,,0,35.0
MHH,35.0,üîµ MODERADA,0.0,100,67.8,0.0,0,,2025-11-12,-88.0,Industrials,improving,0,DJUSIG,,,,,,0,,,,,,,,0,35.0
NBTB,35.0,üîµ MODERADA,0.0,100,68.05,0.0,0,,2026-04-23,74.0,Financial Services,improving,0,DJUSFI,,,,,,0,,,,,,,,0,35.0
BCDA,35.0,üîµ MODERADA,0.0,100,52.4,0.0,0,,,,Healthcare,improving,0,DJUSHC,,,,,,0,,,,,,,,0,35.0
HQI,35.0,üîµ MODERADA,0.0,100,67.8,0.0,0,,,,Industrials,improving,0,DJUSIG,,,,,,0,,,,,,,,0,35.0
SLSN,35.0,üîµ MODERADA,0.0,100,19.75,0.0,0,,2025-11-11,-89.0,Consumer Defensive,improving,0,DJUSFB,,,,,,0,,,,,,,,0,35.0
ELWT,35.0,üîµ MODERADA,0.0,100,16.97,0.0,0,,2025-12-08,-62.0,Communication Services,improving,0,DJUSTL,,,,,,0,,,,,,,,0,35.0
MNR,35.0,üîµ MODERADA,0.0,100,38.11,0.0,0,,,,Energy,improving,0,DJUSEN,,,,,,0,,,,,,,,0,35.0
ENR,35.0,üîµ MODERADA,0.0,100,67.8,0.0,0,,2026-05-05,86.0,Industrials,improving,0,DJUSIG,,,,,,0,,,,,,,,0,35.0
OFLX,35.0,üîµ MODERADA,0.0,100,67.8,0.0,0,,,,Industrials,improving,0,DJUSIG,,,,,,0,,,,,,,,0,35.0
ABR,35.0,üîµ MODERADA,0.0,100,42.31,0.0,0,,2026-02-27,19.0,Real Estate,improving,0,DJUSRE,,,,,,0,,,,,,,,0,35.0
GEF,35.0,üîµ MODERADA,0.0,100,63.84,0.0,0,,2026-01-27,-12.0,Consumer Cyclical,improving,0,DJUSGT,,,,,,0,,,,,,,,0,35.0
ANVS,35.0,üîµ MODERADA,0.0,100,52.4,0.0,0,,,,Healthcare,improving,0,DJUSHC,,,,,,0,,,,,,,,0,35.0
NP,35.0,üîµ MODERADA,0.0,100,68.05,0.0,0,,2025-11-12,-88.0,Financial Services,improving,0,DJUSFI,,,,,,0,,,,,,,,0,35.0
NBBK,35.0,üîµ MODERADA,0.0,100,68.05,0.0,0,,2026-04-22,73.0,Financial Services,improving,0,DJUSFI,,,,,,0,,,,,,,,0,35.0
FWDI,35.0,üîµ MODERADA,0.0,100,63.84,0.0,0,,,,Consumer Cyclical,improving,0,DJUSGT,,,,,,0,,,,,,,,0,35.0
SCWO,35.0,üîµ MODERADA,0.0,100,67.8,0.0,0,,2025-11-12,-88.0,Industrials,improving,0,DJUSIG,,,,,,0,,,,,,,,0,35.0
OPTT,35.0,üîµ MODERADA,0.0,100,67.8,0.0,0,,2026-03-16,36.0,Industrials,improving,0,DJUSIG,,,,,,0,,,,,,,,0,35.0
BMEA,35.0,üîµ MODERADA,0.0,100,52.4,0.0,0,,,,Healthcare,improving,0,DJUSHC,,,,,,0,,,,,,,,0,35.0
AARD,35.0,üîµ MODERADA,0.0,100,52.4,0.0,0,,2025-11-13,-87.0,Healthcare,improving,0,DJUSHC,,,,,,0,,,,,,,,0,35.0
BLNK,35.0,üîµ MODERADA,0.0,100,67.8,0.0,0,,,,Industrials,improving,0,DJUSIG,,,,,,0,,,,,,,,0,35.0
LTC,35.0,üîµ MODERADA,0.0,100,42.31,0.0,0,,2026-02-24,16.0,Real Estate,improving,0,DJUSRE,,,,,,0,,,,,,,,0,35.0
BHVN,35.0,üîµ MODERADA,0.0,100,52.4,0.0,0,,2025-11-10,-90.0,Healthcare,improving,0,DJUSHC,,,,,,0,,,,,,,,0,35.0
DTIL,35.0,üîµ MODERADA,0.0,100,52.4,0.0,0,,,,Healthcare,improving,0,DJUSHC,,,,,,0,,,,,,,,0,35.0
JFB,35.0,üîµ MODERADA,0.0,100,42.31,0.0,0,,,,Real Estate,improving,0,DJUSRE,,,,,,0,,,,,,,,0,35.0
PMTS,35.0,üîµ MODERADA,0.0,100,68.05,0.0,0,,,,Financial Services,improving,0,DJUSFI,,,,,,0,,,,,,,,0,35.0
WAFD,35.0,üîµ MODERADA,0.0,100,68.05,0.0,0,,2026-04-10,61.0,Financial Services,improving,0,DJUSFI,,,,,,0,,,,,,,,0,35.0
CBAN,35.0,üîµ MODERADA,0.0,100,68.05,0.0,0,,2026-01-28,-11.0,Financial Services,improving,0,DJUSFI,,,,,,0,,,,,,,,0,35.0
HLF,35.0,üîµ MODERADA,0.0,100,19.75,0.0,0,,2026-02-18,10.0,Consumer Defensive,improving,0,DJUSFB,,,,,,0,,,,,,,,0,35.0
BOTJ,35.0,üîµ MODERADA,0.0,100,68.05,0.0,0,,,,Financial Services,improving,0,DJUSFI,,,,,,0,,,,,,,,0,35.0
OPK,35.0,üîµ MODERADA,0.0,100,52.4,0.0,0,,,,Healthcare,improving,0,DJUSHC,,,,,,0,,,,,,,,0,35.0
BPRN,35.0,üîµ MODERADA,0.0,100,68.05,0.0,0,,2026-04-23,74.0,Financial Services,improving,0,DJUSFI,,,,,,0,,,,,,,,0,35.0
GALT,35.0,üîµ MODERADA,0.0,100,52.4,0.0,0,,,,Healthcare,improving,0,DJUSHC,,,,,,0,,,,,,,,0,35.0
SEI,35.0,üîµ MODERADA,0.0,100,38.11,0.0,0,,2026-02-24,16.0,Energy,improving,0,DJUSEN,,,,,,0,,,,,,,,0,35.0
CTTH,35.0,üîµ MODERADA,0.0,100,52.4,0.0,0,,,,Healthcare,improving,0,DJUSHC,,,,,,0,,,,,,,,0,35.0
WVE,35.0,üîµ MODERADA,0.0,100,52.4,0.0,0,,2025-11-10,-90.0,Healthcare,improving,0,DJUSHC,,,,,,0,,,,,,,,0,35.0
SI,35.0,üîµ MODERADA,0.0,100,50.0,0.0,0,,2025-11-11,-89.0,,stable,0,,,,,,,0,,,,,,,,0,35.0
SRTA,35.0,üîµ MODERADA,0.0,100,52.4,0.0,0,,2025-11-10,-90.0,Healthcare,improving,0,DJUSHC,,,,,,0,,,,,,,,0,35.0
AVTR,35.0,üîµ MODERADA,0.0,100,52.4,0.0,0,,2026-02-11,3.0,Healthcare,improving,0,DJUSHC,,,,,,0,,,,,,,,0,35.0
SILO,35.0,üîµ MODERADA,0.0,100,52.4,0.0,0,,,,Healthcare,improving,0,DJUSHC,,,,,,0,,,,,,,,0,35.0
MRVI,35.0,üîµ MODERADA,0.0,100,52.4,0.0,0,,,,Healthcare,improving,0,DJUSHC,,,,,,0,,,,,,,,0,35.0
GSHD,35.0,üîµ MODERADA,0.0,100,68.05,0.0,0,,,,Financial Services,improving,0,DJUSFI,,,,,,0,,,,,,,,0,35.0
FCNCA,35.0,üîµ MODERADA,0.0,100,68.05,0.0,0,,2026-04-23,74.0,Financial Services,improving,0,DJUSFI,,,,,,0,,,,,,,,0,35.0
KTTA,35.0,üîµ MODERADA,0.0,100,52.4,0.0,0,,,,Healthcare,improving,0,DJUSHC,,,,,,0,,,,,,,,0,35.0
BLNE,35.0,üîµ MODERADA,0.0,100,68.05,0.0,0,,2026-03-30,50.0,Financial Services,improving,0,DJUSFI,,,,,,0,,,,,,,,0,35.0
TPC,35.0,üîµ MODERADA,0.0,100,67.8,0.0,0,,,,Industrials,improving,0,DJUSIG,,,,,,0,,,,,,,,0,35.0
SAVA,35.0,üîµ MODERADA,0.0,100,52.4,0.0,0,,2025-11-12,-88.0,Healthcare,improving,0,DJUSHC,,,,,,0,,,,,,,,0,35.0
URG,35.0,üîµ MODERADA,0.0,100,38.11,0.0,0,,,,Energy,improving,0,DJUSEN,,,,,,0,,,,,,,,0,35.0
RHLD,35.0,üîµ MODERADA,0.0,100,67.8,0.0,0,,,,Industrials,improving,0,DJUSIG,,,,,,0,,,,,,,,0,35.0
FRPH,35.0,üîµ MODERADA,0.0,100,42.31,0.0,0,,,,Real Estate,improving,0,DJUSRE,,,,,,0,,,,,,,,0,35.0
OHI,35.0,üîµ MODERADA,0.0,100,42.31,0.0,0,,2026-04-30,81.0,Real Estate,improving,0,DJUSRE,,,,,,0,,,,,,,,0,35.0
GBCI,35.0,üîµ MODERADA,0.0,100,68.05,0.0,0,,2026-01-22,-17.0,Financial Services,improving,0,DJUSFI,,,,,,0,,,,,,,,0,35.0
TBN,35.0,üîµ MODERADA,0.0,90,38.11,10.000015629,1,Tiger Global Management,2026-02-11,3.0,Energy,improving,0,DJUSEN,,,,,,0,,,,,,,,0,35.0
RHEP,35.0,üîµ MODERADA,0.0,100,52.4,0.0,0,,,,Healthcare,improving,0,DJUSHC,,,,,,0,,,,,,,,0,35.0
MIDD,35.0,üîµ MODERADA,0.0,100,67.8,0.0,0,,,,Industrials,improving,0,DJUSIG,,,,,,0,,,,,,,,0,35.0
WVVI,35.0,üîµ MODERADA,0.0,100,19.75,0.0,0,,,,Consumer Defensive,improving,0,DJUSFB,,,,,,0,,,,,,,,0,35.0
SXTP,35.0,üîµ MODERADA,0.0,100,52.4,0.0,0,,,,Healthcare,improving,0,DJUSHC,,,,,,0,,,,,,,,0,35.0
MGLD,35.0,üîµ MODERADA,0.0,100,68.05,0.0,0,,,,Financial Services,improving,0,DJUSFI,,,,,,0,,,,,,,,0,35.0
TBTC,35.0,üîµ MODERADA,0.0,100,63.84,0.0,0,,,,Consumer Cyclical,improving,0,DJUSGT,,,,,,0,,,,,,,,0,35.0
DIN,35.0,üîµ MODERADA,0.0,100,63.84,0.0,0,,2026-02-25,17.0,Consumer Cyclical,improving,0,DJUSGT,,,,,,0,,,,,,,,0,35.0
JMSB,35.0,üîµ MODERADA,0.0,100,68.05,0.0,0,,2026-04-22,73.0,Financial Services,improving,0,DJUSFI,,,,,,0,,,,,,,,0,35.0
UFI,35.0,üîµ MODERADA,0.0,100,63.84,0.0,0,,2026-04-29,80.0,Consumer Cyclical,improving,0,DJUSGT,,,,,,0,,,,,,,,0,35.0
MMS,35.0,üîµ MODERADA,0.0,100,67.8,0.0,0,,2026-02-05,-3.0,Industrials,improving,0,DJUSIG,,,,,,0,,,,,,,,0,35.0
HSY,35.0,üîµ MODERADA,0.0,100,19.75,0.0,0,,2026-04-30,81.0,Consumer Defensive,improving,0,DJUSFB,,,,,,0,,,,,,,,0,35.0
BBWI,35.0,üîµ MODERADA,0.0,100,63.84,0.0,0,,2026-03-04,24.0,Consumer Cyclical,improving,0,DJUSGT,,,,,,0,,,,,,,,0,35.0
SRTS,35.0,üîµ MODERADA,0.0,100,52.4,0.0,0,,2026-02-12,4.0,Healthcare,improving,0,DJUSHC,,,,,,0,,,,,,,,0,35.0
BFS,35.0,üîµ MODERADA,0.0,100,42.31,0.0,0,,,,Real Estate,improving,0,DJUSRE,,,,,,0,,,,,,,,0,35.0
CRVO,35.0,üîµ MODERADA,0.0,100,52.4,0.0,0,,2025-11-11,-89.0,Healthcare,improving,0,DJUSHC,,,,,,0,,,,,,,,0,35.0
LOB,35.0,üîµ MODERADA,0.0,100,68.05,0.0,0,,2026-01-21,-18.0,Financial Services,improving,0,DJUSFI,,,,,,0,,,,,,,,0,35.0
PMT,35.0,üîµ MODERADA,0.0,100,42.31,0.0,0,,2026-04-21,72.0,Real Estate,improving,0,DJUSRE,,,,,,0,,,,,,,,0,35.0
UWHR,35.0,üîµ MODERADA,0.0,100,68.05,0.0,0,,,,Financial Services,improving,0,DJUSFI,,,,,,0,,,,,,,,0,35.0
ADGM,35.0,üîµ MODERADA,0.0,100,52.4,0.0,0,,,,Healthcare,improving,0,DJUSHC,,,,,,0,,,,,,,,0,35.0
GOGO,35.0,üîµ MODERADA,0.0,100,16.97,0.0,0,,,,Communication Services,improving,0,DJUSTL,,,,,,0,,,,,,,,0,35.0
WMG,35.0,üîµ MODERADA,0.0,100,16.97,0.0,0,,2026-02-05,-3.0,Communication Services,improving,0,DJUSTL,,,,,,0,,,,,,,,0,35.0
APLE,35.0,üîµ MODERADA,0.0,100,42.31,0.0,0,,2026-02-23,15.0,Real Estate,improving,0,DJUSRE,,,,,,0,,,,,,,,0,35.0
ADVM,35.0,üîµ MODERADA,0.0,100,52.4,0.0,0,,2025-11-14,-86.0,Healthcare,improving,0,DJUSHC,,,,,,0,,,,,,,,0,35.0
IIPR,35.0,üîµ MODERADA,0.0,100,42.31,0.0,0,,,,Real Estate,improving,0,DJUSRE,,,,,,0,,,,,,,,0,35.0
CNS,35.0,üîµ MODERADA,0.0,100,68.05,0.0,0,,2026-04-15,66.0,Financial Services,improving,0,DJUSFI,,,,,,0,,,,,,,,0,35.0
CVM,35.0,üîµ MODERADA,0.0,100,52.4,0.0,0,,2026-02-12,4.0,Healthcare,improving,0,DJUSHC,,,,,,0,,,,,,,,0,35.0
FG,35.0,üîµ MODERADA,0.0,100,68.05,0.0,0,,2026-02-19,11.0,Financial Services,improving,0,DJUSFI,,,,,,0,,,,,,,,0,35.0
FNGR,35.0,üîµ MODERADA,0.0,100,16.97,0.0,0,,2026-01-14,-25.0,Communication Services,improving,0,DJUSTL,,,,,,0,,,,,,,,0,35.0
EPSN,35.0,üîµ MODERADA,0.0,100,38.11,0.0,0,,,,Energy,improving,0,DJUSEN,,,,,,0,,,,,,,,0,35.0
LITS,35.0,üîµ MODERADA,0.0,100,52.4,0.0,0,,2026-02-12,4.0,Healthcare,improving,0,DJUSHC,,,,,,0,,,,,,,,0,35.0
KLXE,35.0,üîµ MODERADA,0.0,100,38.11,0.0,0,,,,Energy,improving,0,DJUSEN,,,,,,0,,,,,,,,0,35.0
NSPR,35.0,üîµ MODERADA,0.0,100,52.4,0.0,0,,,,Healthcare,improving,0,DJUSHC,,,,,,0,,,,,,,,0,35.0
WEN,35.0,üîµ MODERADA,0.0,100,63.84,0.0,0,,2026-02-13,5.0,Consumer Cyclical,improving,0,DJUSGT,,,,,,0,,,,,,,,0,35.0
BNTC,35.0,üîµ MODERADA,0.0,100,52.4,0.0,0,,2026-02-12,4.0,Healthcare,improving,0,DJUSHC,,,,,,0,,,,,,,,0,35.0
COCP,35.0,üîµ MODERADA,0.0,100,52.4,0.0,0,,,,Healthcare,improving,0,DJUSHC,0.9699,4.54,367.57,8.0,724.827301783689,3,25.0,,,-44.946707969666924,-0.94944,,0.0,0,35.0
IVFH,35.0,üîµ MODERADA,0.0,100,19.75,0.0,0,,2025-11-14,-86.0,Consumer Defensive,improving,0,DJUSFB,,,,,,0,,,,,,,,0,35.0
TENX,35.0,üîµ MODERADA,0.0,100,52.4,0.0,0,,,,Healthcare,improving,0,DJUSHC,,,,,,0,,,,,,,,0,35.0
VANI,35.0,üîµ MODERADA,0.0,100,52.4,0.0,0,,,,Healthcare,improving,0,DJUSHC,,,,,,0,,,,,,,,0,35.0
FUSB,35.0,üîµ MODERADA,0.0,100,68.05,0.0,0,,,,Financial Services,improving,0,DJUSFI,,,,,,0,,,,,,,,0,35.0
SELF,35.0,üîµ MODERADA,0.0,100,42.31,0.0,0,,,,Real Estate,improving,0,DJUSRE,,,,,,0,,,,,,,,0,35.0
MRUS,35.0,üîµ MODERADA,0.0,100,52.4,0.0,0,,2025-11-12,-88.0,Healthcare,improving,0,DJUSHC,,,,,,0,,,,,,,,0,35.0
GABC,35.0,üîµ MODERADA,0.0,100,68.05,0.0,0,,2026-01-26,-13.0,Financial Services,improving,0,DJUSFI,,,,,,0,,,,,,,,0,35.0
UA,35.0,üîµ MODERADA,0.0,100,63.84,0.0,0,,2026-02-06,-2.0,Consumer Cyclical,improving,0,DJUSGT,,,,,,0,,,,,,,,0,35.0
NRIM,35.0,üîµ MODERADA,0.0,100,68.05,0.0,0,,2026-01-23,-16.0,Financial Services,improving,0,DJUSFI,,,,,,0,,,,,,,,0,35.0
APRE,35.0,üîµ MODERADA,0.0,100,52.4,0.0,0,,,,Healthcare,improving,0,DJUSHC,,,,,,0,,,,,,,,0,35.0
MDRR,35.0,üîµ MODERADA,0.0,100,42.31,0.0,0,,,,Real Estate,improving,0,DJUSRE,,,,,,0,,,,,,,,0,35.0
IMNM,35.0,üîµ MODERADA,0.0,100,52.4,0.0,0,,,,Healthcare,improving,0,DJUSHC,,,,,,0,,,,,,,,0,35.0
MDBH,35.0,üîµ MODERADA,0.0,100,68.05,0.0,0,,,,Financial Services,improving,0,DJUSFI,,,,,,0,,,,,,,,0,35.0
FMBM,35.0,üîµ MODERADA,0.0,100,68.05,0.0,0,,,,Financial Services,improving,0,DJUSFI,,,,,,0,,,,,,,,0,35.0
COO,35.0,üîµ MODERADA,0.0,100,52.4,0.0,0,,2026-03-05,25.0,Healthcare,improving,0,DJUSHC,,,,,,0,,,,,,,,0,35.0
VENU,35.0,üîµ MODERADA,0.0,100,63.84,0.0,0,,2025-11-14,-86.0,Consumer Cyclical,improving,0,DJUSGT,,,,,,0,,,,,,,,0,35.0
RLMD,35.0,üîµ MODERADA,0.0,100,52.4,0.0,0,,2025-11-13,-87.0,Healthcare,improving,0,DJUSHC,,,,,,0,,,,,,,,0,35.0
NWBI,35.0,üîµ MODERADA,0.0,100,68.05,0.0,0,,2026-01-26,-13.0,Financial Services,improving,0,DJUSFI,,,,,,0,,,,,,,,0,35.0
NKE,35.0,üîµ MODERADA,0.0,100,63.84,0.0,0,,2025-12-18,-52.0,Consumer Cyclical,improving,0,DJUSGT,,,,,,0,,,,,,,,0,35.0
INV,35.0,üîµ MODERADA,0.0,100,68.05,0.0,0,,2025-11-13,-87.0,Financial Services,improving,0,DJUSFI,,,,,,0,,,,,,,,0,35.0
FOSL,35.0,üîµ MODERADA,0.0,100,63.84,0.0,0,,2025-11-13,-87.0,Consumer Cyclical,improving,0,DJUSGT,,,,,,0,,,,,,,,0,35.0
CDNL,35.0,üîµ MODERADA,0.0,100,67.8,0.0,0,,,,Industrials,improving,0,DJUSIG,,,,,,0,,,,,,,,0,35.0
TTRX,35.0,üîµ MODERADA,0.0,100,52.4,0.0,0,,,,Healthcare,improving,0,DJUSHC,,,,,,0,,,,,,,,0,35.0
MDLN,35.0,üîµ MODERADA,0.0,100,52.4,0.0,0,,2026-02-25,17.0,Healthcare,improving,0,DJUSHC,,,,,,0,,,,,,,,0,35.0
AGIG,35.0,üîµ MODERADA,0.0,100,51.0,0.0,0,,,,Utilities,improving,0,DJUSUT,,,,,,0,,,,,,,,0,35.0
UTZ,35.0,üîµ MODERADA,0.0,100,19.75,0.0,0,,2026-02-12,4.0,Consumer Defensive,improving,0,DJUSFB,,,,,,0,,,,,,,,0,35.0
ACRV,35.0,üîµ MODERADA,0.0,100,52.4,0.0,0,,,,Healthcare,improving,0,DJUSHC,,,,,,0,,,,,,,,0,35.0
SRBK,35.0,üîµ MODERADA,0.0,100,68.05,0.0,0,,2026-01-28,-11.0,Financial Services,improving,0,DJUSFI,,,,,,0,,,,,,,,0,35.0
HYNE,35.0,üîµ MODERADA,0.0,100,68.05,0.0,0,,,,Financial Services,improving,0,DJUSFI,,,,,,0,,,,,,,,0,35.0
GRNT,35.0,üîµ MODERADA,0.0,100,38.11,0.0,0,,,,Energy,improving,0,DJUSEN,,,,,,0,,,,,,,,0,35.0
BH,35.0,üîµ MODERADA,0.0,100,63.84,0.0,0,,,,Consumer Cyclical,improving,0,DJUSGT,,,,,,0,,,,,,,,0,35.0
NWTG,35.0,üîµ MODERADA,0.0,100,63.84,0.0,0,,,,Consumer Cyclical,improving,0,DJUSGT,,,,,,0,,,,,,,,0,35.0
ADC,35.0,üîµ MODERADA,0.0,100,42.31,0.0,0,,2026-02-10,2.0,Real Estate,improving,0,DJUSRE,,,,,,0,,,,,,,,0,35.0
MPB,35.0,üîµ MODERADA,0.0,100,68.05,0.0,0,,2026-01-21,-18.0,Financial Services,improving,0,DJUSFI,,,,,,0,,,,,,,,0,35.0
EP,35.0,üîµ MODERADA,0.0,100,38.11,0.0,0,,2025-11-14,-86.0,Energy,improving,0,DJUSEN,3.57,,,,,0,10.0,,,-7.956985982347491,-0.31425,-0.13,15.0,0,35.0
ATLO,35.0,üîµ MODERADA,0.0,100,68.05,0.0,0,,2026-04-16,67.0,Financial Services,improving,0,DJUSFI,,,,,,0,,,,,,,,0,35.0
CJMB,35.0,üîµ MODERADA,0.0,100,67.8,0.0,0,,,,Industrials,improving,0,DJUSIG,1.81,,,,,0,20.0,,,-20.21529748157135,-1.55258,0.008,0.0,0,35.0
ANDG,35.0,üîµ MODERADA,0.0,100,63.84,0.0,0,,,,Consumer Cyclical,improving,0,DJUSGT,21.42,26.53,23.86,29.5,37.72175536881419,6,58.33,,,,,0.148,10.0,0,35.0
RNXT,35.0,üîµ MODERADA,0.0,100,52.4,0.0,0,,,,Healthcare,improving,0,DJUSHC,0.99,3.57,260.61,6.05,511.1111111111111,5,25.0,,,-17.913142467070905,-1.4661,,25.0,0,35.0
LUCY,35.0,üîµ MODERADA,0.0,100,52.4,0.0,0,,,,Healthcare,improving,0,DJUSHC,1.16,2.14,84.48,3.0,158.6206896551724,1,37.5,,,-82.47317365246305,-0.74096,1.635,0.0,0,35.0
MIGI,35.0,üîµ MODERADA,0.0,100,68.05,0.0,0,,,,Financial Services,improving,0,DJUSFI,3.52,3.87,9.94,,,0,16.67,,,-47.76204409489908,,0.07,0.0,0,35.0
ELUT,35.0,üîµ MODERADA,0.0,100,52.4,0.0,0,,,,Healthcare,improving,0,DJUSHC,0.9871,2.29,132.5,3.5,254.5740046601155,2,0.0,,,-32.8259511073932,,-0.093,15.0,0,35.0
ONMD,35.0,üîµ MODERADA,0.0,100,52.4,0.0,0,,,,Healthcare,improving,0,DJUSHC,0.7301,,,,,0,66.67,,,13.025178517804232,,0.246,0.0,0,35.0
YORW,35.0,üîµ MODERADA,0.0,100,51.0,0.0,0,,,,Utilities,improving,0,DJUSUT,31.81,33.75,6.1,34.0,6.884627475636607,1,5.0,22.884892,,-6.951199089217111,0.08585,0.033,30.0,0,35.0
GPUS,35.0,üîµ MODERADA,0.0,100,67.8,0.0,0,,,,Industrials,improving,0,DJUSIG,0.2127,0.23,8.13,,,0,0.0,0.12969512,,-48.20480500091679,-1.31472,-0.217,0.0,0,35.0
EML,35.0,üîµ MODERADA,0.0,100,67.8,0.0,0,,,,Industrials,improving,0,DJUSIG,19.47,21.42,10.02,,,0,40.0,15.959016,,16.616643226589577,0.05192,-0.224,25.0,0,35.0
STEX,35.0,üîµ MODERADA,0.0,100,68.05,0.0,0,,,,Financial Services,improving,0,DJUSFI,3.28,12.0,265.85,12.0,265.8536585365854,1,50.0,,,18.8857538163,,,30.0,0,35.0
LAKE,35.0,üîµ MODERADA,0.0,100,63.84,0.0,0,,2025-12-09,-61.0,Consumer Cyclical,improving,0,DJUSGT,9.65,13.56,40.52,16.5,70.9844559585492,4,20.0,,,-9.016515506726428,-0.28969,0.04,0.0,0,35.0
AUBN,35.0,üîµ MODERADA,0.0,100,68.05,0.0,0,,,,Financial Services,improving,0,DJUSFI,24.63,26.28,6.7,,,0,0.0,11.841346,,,0.08642,-0.023,30.0,0,35.0
AIRJ,35.0,üîµ MODERADA,0.0,100,67.8,0.0,0,,2025-11-13,-87.0,Industrials,improving,0,DJUSIG,3.23,6.24,93.3,8.9375,176.702786377709,4,25.0,,,-2.520277909575483,-0.00336,,0.0,0,35.0
XZO,35.0,üîµ MODERADA,0.0,100,68.05,0.0,0,,2026-02-25,17.0,Financial Services,improving,0,DJUSFI,17.61,22.69,28.82,26.0,47.64338444065872,2,58.33,22.0125,,,,0.92,10.0,0,35.0
HKHC,35.0,üîµ MODERADA,0.0,100,68.05,0.0,0,,,,Financial Services,improving,0,DJUSFI,27.0,,,,,0,60.0,,,-2.9198089938462375,0.49165002,0.37,15.0,0,35.0
GAIA,35.0,üîµ MODERADA,0.0,100,16.97,0.0,0,,,,Communication Services,improving,0,DJUSTL,3.23,5.59,72.99,7.625,136.06811145510838,4,45.0,,,20.913837817994526,-0.05605,0.134,0.0,0,35.0
COSM,35.0,üîµ MODERADA,0.0,100,52.4,0.0,0,,,,Healthcare,improving,0,DJUSHC,0.4495,2.5,455.06,4.5,901.1123470522803,1,25.0,,,-31.63333519588149,-0.63816,0.379,0.0,0,35.0
ALT,35.0,üîµ MODERADA,0.0,100,52.4,0.0,0,,,,Healthcare,improving,0,DJUSHC,4.87,11.51,136.41,17.66667,262.7652977412731,9,25.0,,,-6.176875807506421,-0.52615,0.0,30.0,0,35.0
EMBY,35.0,üîµ MODERADA,0.0,100,50.0,0.0,0,,,,,stable,0,,0.0,,,,,0,50.0,,,,,,,0,35.0
VRCA,35.0,üîµ MODERADA,0.0,100,52.4,0.0,0,,2025-11-14,-86.0,Healthcare,improving,0,DJUSHC,6.91,12.05,74.38,16.5,138.78437047756873,4,0.0,,,-22.644254394770986,,,35.0,0,35.0
PROP,35.0,üîµ MODERADA,0.0,100,38.11,0.0,0,,2025-11-14,-86.0,Energy,improving,0,DJUSEN,1.82,3.25,78.57,4.5,147.25274725274727,4,12.5,,,-101.8815729626303,0.13931,,15.0,0,35.0
AKTS,35.0,üîµ MODERADA,0.0,100,52.4,0.0,0,,,,Healthcare,improving,0,DJUSHC,18.98,26.27,38.43,31.66667,66.84230769230768,3,25.0,,,-3.6377759364997924,-0.26504,,10.0,0,35.0
OTH,35.0,üîµ MODERADA,0.0,100,63.84,0.0,0,,2025-12-15,-55.0,Consumer Cyclical,improving,0,DJUSGT,2.53,6.39,152.57,10.0,295.25691699604744,1,0.0,Infinity,,,,-0.072,0.0,0,35.0
TOFB,35.0,üîµ MODERADA,0.0,100,19.75,0.0,0,,,,Consumer Defensive,improving,0,DJUSFB,0.67,,,,,0,40.0,,,17.470401678780348,-0.20905,-0.04,10.0,0,35.0
JYNT,35.0,üîµ MODERADA,0.0,100,52.4,0.0,0,,,,Healthcare,improving,0,DJUSHC,9.72,7.6,-21.82,10.66667,9.73940329218106,3,25.0,,,1.8611958654777057,-0.01013,0.057,25.0,0,35.0
DMLP,35.0,üîµ MODERADA,0.0,100,38.11,0.0,0,,,,Energy,improving,0,DJUSEN,24.53,31.56,28.67,,,0,50.0,22.712963,,9.293342240047666,0.15389,-0.338,25.0,0,35.0
NEXT,35.0,üîµ MODERADA,0.0,100,38.11,0.0,0,,2025-11-18,-82.0,Energy,improving,0,DJUSEN,5.24,7.38,40.84,9.0,71.75572519083968,4,0.0,,,-240.97887633625135,-0.01269,,0.0,0,35.0
GLP,35.0,üîµ MODERADA,0.0,100,38.11,0.0,0,,,,Energy,improving,0,DJUSEN,46.94,57.56,22.64,49.0,4.388581167447803,2,35.0,22.567308,,8.654649747292058,0.13768,0.062,25.0,0,35.0
VAC,35.0,üîµ MODERADA,0.0,100,63.84,0.0,0,,2026-02-25,17.0,Consumer Cyclical,improving,0,DJUSGT,55.58,80.41,44.68,61.90909,11.387351565311254,11,30.0,12.161925,,12.7414056311874,0.07084,-0.024,0.0,0,35.0
LFT,35.0,üîµ MODERADA,0.0,100,42.31,0.0,0,,2025-11-12,-88.0,Real Estate,improving,0,DJUSRE,1.35,1.49,10.37,,,0,12.5,13.5,,,0.04143,-0.444,0.0,0,35.0
NYC,35.0,üîµ MODERADA,0.0,100,42.31,0.0,0,,2025-11-19,-81.0,Real Estate,improving,0,DJUSRE,9.08,9.99,10.02,,,0,20.0,,,259.642208290438,-0.25831,-0.206,15.0,0,35.0
BETA,35.0,üîµ MODERADA,0.0,100,67.8,0.0,0,,2025-12-04,-66.0,Industrials,improving,0,DJUSIG,16.6,27.94,68.33,37.625,126.6566265060241,8,66.67,,,,,1.909,0.0,0,35.0
FKYS,35.0,üîµ MODERADA,0.0,100,68.05,0.0,0,,,,Financial Services,improving,0,DJUSFI,,,,,,0,,,,,,,,0,35.0
TCBI,35.0,üîµ MODERADA,0.0,100,68.05,0.0,0,,2026-04-16,67.0,Financial Services,improving,0,DJUSFI,,,,,,0,,,,,,,,0,35.0
CWBC,35.0,üîµ MODERADA,0.0,100,68.05,0.0,0,,2026-01-22,-17.0,Financial Services,improving,0,DJUSFI,,,,,,0,,,,,,,,0,35.0
PETV,35.0,üîµ MODERADA,0.0,100,52.4,0.0,0,,2026-02-12,4.0,Healthcare,improving,0,DJUSHC,,,,,,0,,,,,,,,0,35.0
LIFE,35.0,üîµ MODERADA,0.0,100,68.05,0.0,0,,,,Financial Services,improving,0,DJUSFI,,,,,,0,,,,,,,,0,35.0
IP,35.0,üîµ MODERADA,0.0,100,63.84,0.0,0,,2026-04-30,81.0,Consumer Cyclical,improving,0,DJUSGT,,,,,,0,,,,,,,,0,35.0
EONR,35.0,üîµ MODERADA,0.0,100,38.11,0.0,0,,,,Energy,improving,0,DJUSEN,,,,,,0,,,,,,,,0,35.0
CZNC,35.0,üîµ MODERADA,0.0,100,68.05,0.0,0,,2026-04-22,73.0,Financial Services,improving,0,DJUSFI,,,,,,0,,,,,,,,0,35.0
LBRA,35.0,üîµ MODERADA,0.0,100,63.84,0.0,0,,,,Consumer Cyclical,improving,0,DJUSGT,,,,,,0,,,,,,,,0,35.0
MSBI,35.0,üîµ MODERADA,0.0,100,68.05,0.0,0,,2026-01-22,-17.0,Financial Services,improving,0,DJUSFI,,,,,,0,,,,,,,,0,35.0
LAB,35.0,üîµ MODERADA,0.0,100,52.4,0.0,0,,,,Healthcare,improving,0,DJUSHC,,,,,,0,,,,,,,,0,35.0
MMLP,35.0,üîµ MODERADA,0.0,100,38.11,0.0,0,,2026-02-18,10.0,Energy,improving,0,DJUSEN,,,,,,0,,,,,,,,0,35.0
ADMQ,35.0,üîµ MODERADA,0.0,100,67.8,0.0,0,,,,Industrials,improving,0,DJUSIG,,,,,,0,,,,,,,,0,35.0
PHIO,35.0,üîµ MODERADA,0.0,100,52.4,0.0,0,,,,Healthcare,improving,0,DJUSHC,,,,,,0,,,,,,,,0,35.0
IOR,35.0,üîµ MODERADA,0.0,100,68.05,0.0,0,,,,Financial Services,improving,0,DJUSFI,,,,,,0,,,,,,,,0,35.0
PEBO,35.0,üîµ MODERADA,0.0,100,68.05,0.0,0,,2026-04-21,72.0,Financial Services,improving,0,DJUSFI,,,,,,0,,,,,,,,0,35.0
J,35.0,üîµ MODERADA,0.0,100,67.8,0.0,0,,2026-02-03,-5.0,Industrials,improving,0,DJUSIG,,,,,,0,,,,,,,,0,35.0
PARK,35.0,üîµ MODERADA,0.0,100,52.4,0.0,0,,,,Healthcare,improving,0,DJUSHC,,,,,,0,,,,,,,,0,35.0
ELAN,35.0,üîµ MODERADA,0.0,100,52.4,0.0,0,,2026-02-24,16.0,Healthcare,improving,0,DJUSHC,,,,,,0,,,,,,,,0,35.0
IPSC,35.0,üîµ MODERADA,0.0,100,52.4,0.0,0,,2025-11-13,-87.0,Healthcare,improving,0,DJUSHC,,,,,,0,,,,,,,,0,35.0
CBK,35.0,üîµ MODERADA,0.0,100,68.05,0.0,0,,2026-01-26,-13.0,Financial Services,improving,0,DJUSFI,,,,,,0,,,,,,,,0,35.0
AIG,35.0,üîµ MODERADA,0.0,100,68.05,0.0,0,,2026-02-10,2.0,Financial Services,improving,0,DJUSFI,,,,,,0,,,,,,,,0,35.0
AMTB,35.0,üîµ MODERADA,0.0,100,68.05,0.0,0,,2026-04-22,73.0,Financial Services,improving,0,DJUSFI,,,,,,0,,,,,,,,0,35.0
PW,35.0,üîµ MODERADA,0.0,100,42.31,0.0,0,,,,Real Estate,improving,0,DJUSRE,,,,,,0,,,,,,,,0,35.0
INDV,35.0,üîµ MODERADA,0.0,100,52.4,0.0,0,,2026-02-26,18.0,Healthcare,improving,0,DJUSHC,,,,,,0,,,,,,,,0,35.0
LMNR,35.0,üîµ MODERADA,0.0,100,19.75,0.0,0,,2026-03-12,32.0,Consumer Defensive,improving,0,DJUSFB,,,,,,0,,,,,,,,0,35.0
MYNZ,35.0,üîµ MODERADA,0.0,100,52.4,0.0,0,,,,Healthcare,improving,0,DJUSHC,,,,,,0,,,,,,,,0,35.0
PALI,35.0,üîµ MODERADA,0.0,100,52.4,0.0,0,,,,Healthcare,improving,0,DJUSHC,,,,,,0,,,,,,,,0,35.0
TCI,35.0,üîµ MODERADA,0.0,100,42.31,0.0,0,,,,Real Estate,improving,0,DJUSRE,,,,,,0,,,,,,,,0,35.0
BDSX,35.0,üîµ MODERADA,0.0,100,52.4,0.0,0,,,,Healthcare,improving,0,DJUSHC,,,,,,0,,,,,,,,0,35.0
NFJ,35.0,üîµ MODERADA,0.0,100,68.05,0.0,0,,,,Financial Services,improving,0,DJUSFI,,,,,,0,,,,,,,,0,35.0
RLI,35.0,üîµ MODERADA,0.0,100,68.05,0.0,0,,2026-01-21,-18.0,Financial Services,improving,0,DJUSFI,,,,,,0,,,,,,,,0,35.0
TBRG,35.0,üîµ MODERADA,0.0,100,52.4,0.0,0,,,,Healthcare,improving,0,DJUSHC,,,,,,0,,,,,,,,0,35.0
IMMX,35.0,üîµ MODERADA,0.0,100,52.4,0.0,0,,,,Healthcare,improving,0,DJUSHC,,,,,,0,,,,,,,,0,35.0
DOMH,35.0,üîµ MODERADA,0.0,100,68.05,0.0,0,,,,Financial Services,improving,0,DJUSFI,,,,,,0,,,,,,,,0,35.0
BFLY,35.0,üîµ MODERADA,0.0,100,52.4,0.0,0,,2026-02-26,18.0,Healthcare,improving,0,DJUSHC,,,,,,0,,,,,,,,0,35.0
PMCB,35.0,üîµ MODERADA,0.0,100,52.4,0.0,0,,,,Healthcare,improving,0,DJUSHC,,,,,,0,,,,,,,,0,35.0
VIRC,35.0,üîµ MODERADA,0.0,100,63.84,0.0,0,,2025-12-08,-62.0,Consumer Cyclical,improving,0,DJUSGT,,,,,,0,,,,,,,,0,35.0
ASST,35.0,üîµ MODERADA,0.0,100,68.05,0.0,0,,2026-02-09,1.0,Financial Services,improving,0,DJUSFI,,,,,,0,,,,,,,,0,35.0
AP,35.0,üîµ MODERADA,0.0,100,67.8,0.0,0,,2025-11-12,-88.0,Industrials,improving,0,DJUSIG,,,,,,0,,,,,,,,0,35.0
BWFG,35.0,üîµ MODERADA,0.0,100,68.05,0.0,0,,2026-04-22,73.0,Financial Services,improving,0,DJUSFI,,,,,,0,,,,,,,,0,35.0
LB,35.0,üîµ MODERADA,0.0,100,38.11,0.0,0,,2026-02-25,17.0,Energy,improving,0,DJUSEN,,,,,,0,,,,,,,,0,35.0
BOC,35.0,üîµ MODERADA,0.0,100,67.8,0.0,0,,2025-11-13,-87.0,Industrials,improving,0,DJUSIG,,,,,,0,,,,,,,,0,35.0
ROLR,35.0,üîµ MODERADA,0.0,100,63.84,0.0,0,,2025-11-11,-89.0,Consumer Cyclical,improving,0,DJUSGT,,,,,,0,,,,,,,,0,35.0
AZO,35.0,üîµ MODERADA,0.0,100,63.84,0.0,0,,2026-03-03,23.0,Consumer Cyclical,improving,0,DJUSGT,,,,,,0,,,,,,,,0,35.0
PPTIN,35.0,üîµ MODERADA,0.0,100,50.0,0.0,0,,,,,stable,0,,,,,,,0,,,,,,,,0,35.0
VSTS,35.0,üîµ MODERADA,0.0,100,67.8,0.0,0,,2026-02-10,2.0,Industrials,improving,0,DJUSIG,,,,,,0,,,,,,,,0,35.0
BRR,35.0,üîµ MODERADA,0.0,100,68.05,0.0,0,,,,Financial Services,improving,0,DJUSFI,,,,,,0,,,,,,,,0,35.0
ANNX,35.0,üîµ MODERADA,0.0,100,52.4,0.0,0,,2025-11-13,-87.0,Healthcare,improving,0,DJUSHC,,,,,,0,,,,,,,,0,35.0
QNBC,35.0,üîµ MODERADA,0.0,100,68.05,0.0,0,,,,Financial Services,improving,0,DJUSFI,,,,,,0,,,,,,,,0,35.0
RZLT,35.0,üîµ MODERADA,0.0,100,52.4,0.0,0,,2026-02-12,4.0,Healthcare,improving,0,DJUSHC,,,,,,0,,,,,,,,0,35.0
CFBK,35.0,üîµ MODERADA,0.0,100,68.05,0.0,0,,2026-05-05,86.0,Financial Services,improving,0,DJUSFI,,,,,,0,,,,,,,,0,35.0
LUCK,35.0,üîµ MODERADA,0.0,100,63.84,0.0,0,,2026-02-04,-4.0,Consumer Cyclical,improving,0,DJUSGT,,,,,,0,,,,,,,,0,35.0
NEOG,35.0,üîµ MODERADA,0.0,100,52.4,0.0,0,,2026-04-08,59.0,Healthcare,improving,0,DJUSHC,,,,,,0,,,,,,,,0,35.0
DFDV,35.0,üîµ MODERADA,0.0,100,68.05,0.0,0,,2025-11-12,-88.0,Financial Services,improving,0,DJUSFI,,,,,,0,,,,,,,,0,35.0
CGEH,35.0,üîµ MODERADA,0.0,100,67.8,0.0,0,,,,Industrials,improving,0,DJUSIG,,,,,,0,,,,,,,,0,35.0
AFCG,35.0,üîµ MODERADA,0.0,100,42.31,0.0,0,,2025-11-12,-88.0,Real Estate,improving,0,DJUSRE,,,,,,0,,,,,,,,0,35.0
AEBI,35.0,üîµ MODERADA,0.0,100,67.8,0.0,0,,2025-11-13,-87.0,Industrials,improving,0,DJUSIG,,,,,,0,,,,,,,,0,35.0
NWPP,35.0,üîµ MODERADA,0.0,100,68.05,0.0,0,,,,Financial Services,improving,0,DJUSFI,,,,,,0,,,,,,,,0,35.0
STRR,35.0,üîµ MODERADA,0.0,100,67.8,0.0,0,,2025-11-13,-87.0,Industrials,improving,0,DJUSIG,,,,,,0,,,,,,,,0,35.0
CCNE,35.0,üîµ MODERADA,0.0,100,68.05,0.0,0,,2026-04-14,65.0,Financial Services,improving,0,DJUSFI,,,,,,0,,,,,,,,0,35.0
PODC,35.0,üîµ MODERADA,0.0,100,16.97,0.0,0,,2026-02-11,3.0,Communication Services,improving,0,DJUSTL,,,,,,0,,,,,,,,0,35.0
DLHC,35.0,üîµ MODERADA,0.0,100,67.8,0.0,0,,2026-02-09,1.0,Industrials,improving,0,DJUSIG,,,,,,0,,,,,,,,0,35.0
UPXI,35.0,üîµ MODERADA,0.0,100,16.97,0.0,0,,2026-02-10,2.0,Communication Services,improving,0,DJUSTL,,,,,,0,,,,,,,,0,35.0
ACVA,35.0,üîµ MODERADA,0.0,100,63.84,0.0,0,,2026-02-23,15.0,Consumer Cyclical,improving,0,DJUSGT,,,,,,0,,,,,,,,0,35.0
FAST,35.0,üîµ MODERADA,0.0,100,67.8,0.0,0,,2026-04-13,64.0,Industrials,improving,0,DJUSIG,,,,,,0,,,,,,,,0,35.0
ARX,35.0,üîµ MODERADA,0.0,100,68.05,0.0,0,,2025-11-12,-88.0,Financial Services,improving,0,DJUSFI,,,,,,0,,,,,,,,0,35.0
STAA,35.0,üîµ MODERADA,0.0,100,52.4,0.0,0,,2026-02-10,2.0,Healthcare,improving,0,DJUSHC,,,,,,0,,,,,,,,0,35.0
ZIVO,35.0,üîµ MODERADA,0.0,100,52.4,0.0,0,,,,Healthcare,improving,0,DJUSHC,,,,,,0,,,,,,,,0,35.0
NRDE,35.0,üîµ MODERADA,0.0,100,63.84,0.0,0,,,,Consumer Cyclical,improving,0,DJUSGT,,,,,,0,,,,,,,,0,35.0
SUNS,35.0,üîµ MODERADA,0.0,100,42.31,0.0,0,,2025-11-13,-87.0,Real Estate,improving,0,DJUSRE,,,,,,0,,,,,,,,0,35.0
ULBI,35.0,üîµ MODERADA,0.0,100,67.8,0.0,0,,2025-11-18,-82.0,Industrials,improving,0,DJUSIG,,,,,,0,,,,,,,,0,35.0
QDEL,35.0,üîµ MODERADA,0.0,100,52.4,0.0,0,,2026-02-11,3.0,Healthcare,improving,0,DJUSHC,,,,,,0,,,,,,,,0,35.0
QNTO,35.0,üîµ MODERADA,0.0,100,68.05,0.0,0,,,,Financial Services,improving,0,DJUSFI,,,,,,0,,,,,,,,0,35.0
EXP,30.0,üîµ MODERADA,0.0,70,79.76,10.000218978,1,Tiger Global Management,2026-01-29,-10.0,Basic Materials,improving,3,DJUSBS,,,,,,0,,,,,,,,0,33.0
VTSI,30.0,üîµ MODERADA,0.0,80,77.96,0.0,0,,2025-11-10,-90.0,Technology,improving,3,DJUSTC,,,,,,0,,,,,,,,0,33.0
AMRZ,30.0,üîµ MODERADA,0.0,80,79.76,0.0,0,,2026-02-17,9.0,Basic Materials,improving,3,DJUSBS,,,,,,0,,,,,,,,0,33.0
ESOA,32.5,üîµ MODERADA,0.0,90,67.8,0.0,0,,2026-02-09,1.0,Industrials,improving,0,DJUSIG,,,,,,0,,,,,,,,0,32.5
TCRX,32.5,üîµ MODERADA,0.0,90,52.4,0.0,0,,2025-11-12,-88.0,Healthcare,improving,0,DJUSHC,,,,,,0,,,,,,,,0,32.5
AMLX,32.5,üîµ MODERADA,0.0,90,52.4,0.0,0,,,,Healthcare,improving,0,DJUSHC,,,,,,0,,,,,,,,0,32.5
PLX,32.5,üîµ MODERADA,0.0,90,52.4,0.0,0,,2025-11-13,-87.0,Healthcare,improving,0,DJUSHC,,,,,,0,,,,,,,,0,32.5
FFAI,32.5,üîµ MODERADA,0.0,90,63.84,0.0,0,,2025-11-13,-87.0,Consumer Cyclical,improving,0,DJUSGT,,,,,,0,,,,,,,,0,32.5
QRHC,32.5,üîµ MODERADA,0.0,90,67.8,0.0,0,,2025-11-10,-90.0,Industrials,improving,0,DJUSIG,,,,,,0,,,,,,,,0,32.5
TXMD,32.5,üîµ MODERADA,0.0,90,52.4,0.0,0,,,,Healthcare,improving,0,DJUSHC,,,,,,0,,,,,,,,0,32.5
DLTH,32.5,üîµ MODERADA,0.0,90,63.84,0.0,0,,2026-03-12,32.0,Consumer Cyclical,improving,0,DJUSGT,,,,,,0,,,,,,,,0,32.5
IMA,32.5,üîµ MODERADA,0.0,90,52.4,0.0,0,,,,Healthcare,improving,0,DJUSHC,,,,,,0,,,,,,,,0,32.5
MNPR,32.5,üîµ MODERADA,0.0,90,52.4,0.0,0,,2025-11-13,-87.0,Healthcare,improving,0,DJUSHC,,,,,,0,,,,,,,,0,32.5
MBIO,32.5,üîµ MODERADA,0.0,90,52.4,0.0,0,,,,Healthcare,improving,0,DJUSHC,,,,,,0,,,,,,,,0,32.5
NRXS,32.5,üîµ MODERADA,0.0,90,52.4,0.0,0,,,,Healthcare,improving,0,DJUSHC,,,,,,0,,,,,,,,0,32.5
EPD,32.5,üîµ MODERADA,0.0,90,38.11,0.0,0,,2026-04-28,79.0,Energy,improving,0,DJUSEN,,,,,,0,,,,,,,,0,32.5
HHH,32.5,üîµ MODERADA,0.0,90,42.31,0.0,0,,2026-02-19,11.0,Real Estate,improving,0,DJUSRE,,,,,,0,,,,,,,,0,32.5
ATEX,32.5,üîµ MODERADA,0.0,90,16.97,0.0,0,,2026-02-11,3.0,Communication Services,improving,0,DJUSTL,,,,,,0,,,,,,,,0,32.5
MCFT,32.5,üîµ MODERADA,0.0,90,63.84,0.0,0,,2026-05-06,87.0,Consumer Cyclical,improving,0,DJUSGT,,,,,,0,,,,,,,,0,32.5
CNK,32.5,üîµ MODERADA,0.0,90,16.97,0.0,0,,2026-02-18,10.0,Communication Services,improving,0,DJUSTL,,,,,,0,,,,,,,,0,32.5
BBT,32.5,üîµ MODERADA,0.0,90,68.05,0.0,0,,2026-04-23,74.0,Financial Services,improving,0,DJUSFI,,,,,,0,,,,,,,,0,32.5
GOOD,32.5,üîµ MODERADA,0.0,90,42.31,0.0,0,,2026-02-18,10.0,Real Estate,improving,0,DJUSRE,,,,,,0,,,,,,,,0,32.5
ZOMDF,32.5,üîµ MODERADA,0.0,90,52.4,0.0,0,,,,Healthcare,improving,0,DJUSHC,,,,,,0,,,,,,,,0,32.5
RDW,32.5,üîµ MODERADA,0.0,90,67.8,0.0,0,,,,Industrials,improving,0,DJUSIG,,,,,,0,,,,,,,,0,32.5
FTAI,32.5,üîµ MODERADA,0.0,90,67.8,0.0,0,,2026-02-25,17.0,Industrials,improving,0,DJUSIG,,,,,,0,,,,,,,,0,32.5
BATRA,32.5,üîµ MODERADA,0.0,90,16.97,0.0,0,,2026-02-25,17.0,Communication Services,improving,0,DJUSTL,,,,,,0,,,,,,,,0,32.5
ENTX,32.5,üîµ MODERADA,0.0,90,52.4,0.0,0,,,,Healthcare,improving,0,DJUSHC,,,,,,0,,,,,,,,0,32.5
ALG,32.5,üîµ MODERADA,0.0,90,67.8,0.0,0,,,,Industrials,improving,0,DJUSIG,,,,,,0,,,,,,,,0,32.5
STCB,32.5,üîµ MODERADA,0.0,90,19.75,0.0,0,,,,Consumer Defensive,improving,0,DJUSFB,,,,,,0,,,,,,,,0,32.5
UTI,32.5,üîµ MODERADA,0.0,90,19.75,0.0,0,,2026-02-04,-4.0,Consumer Defensive,improving,0,DJUSFB,,,,,,0,,,,,,,,0,32.5
FULT,32.5,üîµ MODERADA,0.0,90,68.05,0.0,0,,2026-04-14,65.0,Financial Services,improving,0,DJUSFI,,,,,,0,,,,,,,,0,32.5
NSC,32.5,üîµ MODERADA,0.0,90,67.8,0.0,0,,2026-04-23,74.0,Industrials,improving,0,DJUSIG,,,,,,0,,,,,,,,0,32.5
NGS,32.5,üîµ MODERADA,0.0,90,38.11,0.0,0,,2025-11-10,-90.0,Energy,improving,0,DJUSEN,,,,,,0,,,,,,,,0,32.5
AMH,32.5,üîµ MODERADA,0.0,90,42.31,0.0,0,,2026-02-19,11.0,Real Estate,improving,0,DJUSRE,,,,,,0,,,,,,,,0,32.5
FRST,32.5,üîµ MODERADA,0.0,90,68.05,0.0,0,,2026-01-29,-10.0,Financial Services,improving,0,DJUSFI,,,,,,0,,,,,,,,0,32.5
VRA,32.5,üîµ MODERADA,0.0,90,63.84,0.0,0,,2026-03-11,31.0,Consumer Cyclical,improving,0,DJUSGT,,,,,,0,,,,,,,,0,32.5
BSBK,32.5,üîµ MODERADA,0.0,90,68.05,0.0,0,,,,Financial Services,improving,0,DJUSFI,,,,,,0,,,,,,,,0,32.5
XELB,32.5,üîµ MODERADA,0.0,90,63.84,0.0,0,,2025-11-19,-81.0,Consumer Cyclical,improving,0,DJUSGT,,,,,,0,,,,,,,,0,32.5
LQR,32.5,üîµ MODERADA,0.0,90,50.0,0.0,0,,,,,stable,0,,,,,,,0,,,,,,,,0,32.5
CCXIU,32.5,üîµ MODERADA,0.0,90,68.05,0.0,0,,,,Financial Services,improving,0,DJUSFI,,,,,,0,,,,,,,,0,32.5
NMZ,32.5,üîµ MODERADA,0.0,90,68.05,0.0,0,,,,Financial Services,improving,0,DJUSFI,,,,,,0,,,,,,,,0,32.5
EVMN,32.5,üîµ MODERADA,0.0,90,52.4,0.0,0,,2025-12-11,-59.0,Healthcare,improving,0,DJUSHC,,,,,,0,,,,,,,,0,32.5
KYTX,32.5,üîµ MODERADA,0.0,90,52.4,0.0,0,,2025-11-12,-88.0,Healthcare,improving,0,DJUSHC,,,,,,0,,,,,,,,0,32.5
NMCO,32.5,üîµ MODERADA,0.0,90,68.05,0.0,0,,,,Financial Services,improving,0,DJUSFI,,,,,,0,,,,,,,,0,32.5
CWGL,32.5,üîµ MODERADA,0.0,90,19.75,0.0,0,,,,Consumer Defensive,improving,0,DJUSFB,,,,,,0,,,,,,,,0,32.5
SGRP,32.5,üîµ MODERADA,0.0,90,67.8,0.0,0,,,,Industrials,improving,0,DJUSIG,,,,,,0,,,,,,,,0,32.5
RMBI,32.5,üîµ MODERADA,0.0,90,68.05,0.0,0,,2026-01-22,-17.0,Financial Services,improving,0,DJUSFI,,,,,,0,,,,,,,,0,32.5
UAA,32.5,üîµ MODERADA,0.0,90,63.84,0.0,0,,2026-02-06,-2.0,Consumer Cyclical,improving,0,DJUSGT,,,,,,0,,,,,,,,0,32.5
BFST,32.5,üîµ MODERADA,0.0,90,68.05,0.0,0,,2026-01-22,-17.0,Financial Services,improving,0,DJUSFI,,,,,,0,,,,,,,,0,32.5
CRSP,32.5,üîµ MODERADA,0.0,90,52.4,0.0,0,,2025-11-10,-90.0,Healthcare,improving,0,DJUSHC,,,,,,0,,,,,,,,0,32.5
MIRM,32.5,üîµ MODERADA,0.0,90,52.4,0.0,0,,,,Healthcare,improving,0,DJUSHC,,,,,,0,,,,,,,,0,32.5
UBSI,32.5,üîµ MODERADA,0.0,90,68.05,0.0,0,,2026-04-23,74.0,Financial Services,improving,0,DJUSFI,,,,,,0,,,,,,,,0,32.5
AASP,32.5,üîµ MODERADA,0.0,90,68.05,0.0,0,,,,Financial Services,improving,0,DJUSFI,,,,,,0,,,,,,,,0,32.5
HLXC,32.5,üîµ MODERADA,0.0,90,50.0,0.0,0,,,,,stable,0,,,,,,,0,,,,,,,,0,32.5
BY,32.5,üîµ MODERADA,0.0,90,68.05,0.0,0,,2026-01-22,-17.0,Financial Services,improving,0,DJUSFI,,,,,,0,,,,,,,,0,32.5
STRW,32.5,üîµ MODERADA,0.0,90,42.31,0.0,0,,2026-02-19,11.0,Real Estate,improving,0,DJUSRE,,,,,,0,,,,,,,,0,32.5
ANIX,32.5,üîµ MODERADA,0.0,90,52.4,0.0,0,,2026-03-10,30.0,Healthcare,improving,0,DJUSHC,,,,,,0,,,,,,,,0,32.5
BFC,32.5,üîµ MODERADA,0.0,90,68.05,0.0,0,,2026-04-14,65.0,Financial Services,improving,0,DJUSFI,,,,,,0,,,,,,,,0,32.5
ONCY,32.5,üîµ MODERADA,0.0,90,52.4,0.0,0,,2025-11-14,-86.0,Healthcare,improving,0,DJUSHC,,,,,,0,,,,,,,,0,32.5
PKBK,32.5,üîµ MODERADA,0.0,90,68.05,0.0,0,,2026-04-16,67.0,Financial Services,improving,0,DJUSFI,,,,,,0,,,,,,,,0,32.5
AGL,32.5,üîµ MODERADA,0.0,90,52.4,0.0,0,,2026-02-25,17.0,Healthcare,improving,0,DJUSHC,,,,,,0,,,,,,,,0,32.5
EMPD,32.5,üîµ MODERADA,0.0,90,63.84,0.0,0,,2025-11-11,-89.0,Consumer Cyclical,improving,0,DJUSGT,,,,,,0,,,,,,,,0,32.5
NOMA,32.5,üîµ MODERADA,0.0,90,63.84,0.0,0,,,,Consumer Cyclical,improving,0,DJUSGT,,,,,,0,,,,,,,,0,32.5
MLAA,32.5,üîµ MODERADA,0.0,90,50.0,0.0,0,,,,,stable,0,,,,,,,0,,,,,,,,0,32.5
SGU,32.5,üîµ MODERADA,0.0,90,38.11,0.0,0,,2026-02-04,-4.0,Energy,improving,0,DJUSEN,,,,,,0,,,,,,,,0,32.5
FCCO,32.5,üîµ MODERADA,0.0,90,68.05,0.0,0,,2026-04-22,73.0,Financial Services,improving,0,DJUSFI,,,,,,0,,,,,,,,0,32.5
FCBC,32.5,üîµ MODERADA,0.0,90,68.05,0.0,0,,2026-04-21,72.0,Financial Services,improving,0,DJUSFI,,,,,,0,,,,,,,,0,32.5
SHCO,32.5,üîµ MODERADA,0.0,90,63.84,0.0,0,,,,Consumer Cyclical,improving,0,DJUSGT,,,,,,0,,,,,,,,0,32.5
AROW,32.5,üîµ MODERADA,0.0,90,68.05,0.0,0,,2026-04-30,81.0,Financial Services,improving,0,DJUSFI,,,,,,0,,,,,,,,0,32.5
QTIH,32.5,üîµ MODERADA,0.0,90,52.4,0.0,0,,2026-02-09,1.0,Healthcare,improving,0,DJUSHC,,,,,,0,,,,,,,,0,32.5
EQPT,32.5,üîµ MODERADA,0.0,90,67.8,0.0,0,,,,Industrials,improving,0,DJUSIG,,,,,,0,,,,,,,,0,32.5
AKAN,32.5,üîµ MODERADA,0.0,90,52.4,0.0,0,,,,Healthcare,improving,0,DJUSHC,,,,,,0,,,,,,,,0,32.5
ZNTL,32.5,üîµ MODERADA,0.0,90,52.4,0.0,0,,2025-11-10,-90.0,Healthcare,improving,0,DJUSHC,,,,,,0,,,,,,,,0,32.5
CLPR,32.5,üîµ MODERADA,0.0,90,42.31,0.0,0,,2025-11-13,-87.0,Real Estate,improving,0,DJUSRE,,,,,,0,,,,,,,,0,32.5
IRD,32.5,üîµ MODERADA,0.0,90,52.4,0.0,0,,,,Healthcare,improving,0,DJUSHC,,,,,,0,,,,,,,,0,32.5
EFOI,32.5,üîµ MODERADA,0.0,90,63.84,0.0,0,,,,Consumer Cyclical,improving,0,DJUSGT,,,,,,0,,,,,,,,0,32.5
OSG,32.5,üîµ MODERADA,0.0,90,68.05,0.0,0,,,,Financial Services,improving,0,DJUSFI,,,,,,0,,,,,,,,0,32.5
RCKT,32.5,üîµ MODERADA,0.0,90,52.4,0.0,0,,,,Healthcare,improving,0,DJUSHC,,,,,,0,,,,,,,,0,32.5
CASY,32.5,üîµ MODERADA,0.0,90,63.84,0.0,0,,2025-12-09,-61.0,Consumer Cyclical,improving,0,DJUSGT,,,,,,0,,,,,,,,0,32.5
PLAY,32.5,üîµ MODERADA,0.0,90,16.97,0.0,0,,2025-12-09,-61.0,Communication Services,improving,0,DJUSTL,,,,,,0,,,,,,,,0,32.5
RPLRT,32.5,üîµ MODERADA,0.0,90,50.0,0.0,0,,,,,stable,0,,,,,,,0,,,,,,,,0,32.5
CDTX,32.5,üîµ MODERADA,0.0,90,52.4,0.0,0,,,,Healthcare,improving,0,DJUSHC,,,,,,0,,,,,,,,0,32.5
NTLA,32.5,üîµ MODERADA,0.0,90,52.4,0.0,0,,,,Healthcare,improving,0,DJUSHC,,,,,,0,,,,,,,,0,32.5
MWA,32.5,üîµ MODERADA,0.0,90,67.8,0.0,0,,2026-05-04,85.0,Industrials,improving,0,DJUSIG,,,,,,0,,,,,,,,0,32.5
UNFI,32.5,üîµ MODERADA,0.0,90,19.75,0.0,0,,2025-12-02,-68.0,Consumer Defensive,improving,0,DJUSFB,,,,,,0,,,,,,,,0,32.5
APG,32.5,üîµ MODERADA,0.0,90,67.8,0.0,0,,2026-02-25,17.0,Industrials,improving,0,DJUSIG,,,,,,0,,,,,,,,0,32.5
ZBIO,32.5,üîµ MODERADA,0.0,90,52.4,0.0,0,,2025-11-12,-88.0,Healthcare,improving,0,DJUSHC,,,,,,0,,,,,,,,0,32.5
CLNN,32.5,üîµ MODERADA,0.0,90,19.75,0.0,0,,,,Consumer Defensive,improving,0,DJUSFB,,,,,,0,,,,,,,,0,32.5
GBCS,32.5,üîµ MODERADA,0.0,90,52.4,0.0,0,,,,Healthcare,improving,0,DJUSHC,,,,,,0,,,,,,,,0,32.5
SPGI,32.5,üîµ MODERADA,0.0,90,68.05,0.0,0,,2026-02-10,2.0,Financial Services,improving,0,DJUSFI,,,,,,0,,,,,,,,0,32.5
PRIM,32.5,üîµ MODERADA,0.0,90,67.8,0.0,0,,,,Industrials,improving,0,DJUSIG,,,,,,0,,,,,,,,0,32.5
AHH,32.5,üîµ MODERADA,0.0,90,42.31,0.0,0,,2026-02-16,8.0,Real Estate,improving,0,DJUSRE,,,,,,0,,,,,,,,0,32.5
NVT,32.5,üîµ MODERADA,0.0,90,67.8,0.0,0,,2026-05-01,82.0,Industrials,improving,0,DJUSIG,,,,,,0,,,,,,,,0,32.5
PK,32.5,üîµ MODERADA,0.0,90,42.31,0.0,0,,2026-02-19,11.0,Real Estate,improving,0,DJUSRE,,,,,,0,,,,,,,,0,32.5
LPG,32.5,üîµ MODERADA,0.0,90,38.11,0.0,0,,2026-02-05,-3.0,Energy,improving,0,DJUSEN,,,,,,0,,,,,,,,0,32.5
IT,27.5,üîµ MODERADA,0.0,70,77.96,0.0,0,,2026-02-03,-5.0,Technology,improving,3,DJUSTC,,,,,,0,,,,,,,,0,30.5
S,27.5,üîµ MODERADA,0.0,70,77.96,0.0,0,,2025-12-04,-66.0,Technology,improving,3,DJUSTC,,,,,,0,,,,,,,,0,30.5
AEYE,27.5,üîµ MODERADA,0.0,70,77.96,0.0,0,,,,Technology,improving,3,DJUSTC,,,,,,0,,,,,,,,0,30.5
THRY,27.5,üîµ MODERADA,0.0,70,77.96,0.0,0,,2026-02-26,18.0,Technology,improving,3,DJUSTC,,,,,,0,,,,,,,,0,30.5
IFF,27.5,üîµ MODERADA,0.0,70,79.76,0.0,0,,2026-02-11,3.0,Basic Materials,improving,3,DJUSBS,,,,,,0,,,,,,,,0,30.5
MSFT,27.5,üîµ MODERADA,0.0,70,77.96,0.0,0,,2026-04-29,80.0,Technology,improving,3,DJUSTC,,,,,,0,,,,,,,,0,30.5
AMZE,27.5,üîµ MODERADA,0.0,70,77.96,0.0,0,,,,Technology,improving,3,DJUSTC,,,,,,0,,,,,,,,0,30.5
CRSR,27.5,üîµ MODERADA,0.0,70,77.96,0.0,0,,2026-02-12,4.0,Technology,improving,3,DJUSTC,,,,,,0,,,,,,,,0,30.5
AUR,27.5,üîµ MODERADA,0.0,70,77.96,0.0,0,,2026-02-11,3.0,Technology,improving,3,DJUSTC,,,,,,0,,,,,,,,0,30.5
LYFT,27.5,üîµ MODERADA,0.0,70,77.96,0.0,0,,2026-02-10,2.0,Technology,improving,3,DJUSTC,,,,,,0,,,,,,,,0,30.5
GCTS,27.5,üîµ MODERADA,0.0,70,77.96,0.0,0,,2025-11-12,-88.0,Technology,improving,3,DJUSTC,,,,,,0,,,,,,,,0,30.5
SXC,27.5,üîµ MODERADA,0.0,70,79.76,0.0,0,,2026-02-17,9.0,Basic Materials,improving,3,DJUSBS,,,,,,0,,,,,,,,0,30.5
MERC,27.5,üîµ MODERADA,0.0,70,79.76,0.0,0,,2026-02-12,4.0,Basic Materials,improving,3,DJUSBS,,,,,,0,,,,,,,,0,30.5
MSM,30.0,üîµ MODERADA,0.0,80,67.8,0.0,0,,2026-04-01,52.0,Industrials,improving,0,DJUSIG,,,,,,0,,,,,,,,0,30.0
NIC,30.0,üîµ MODERADA,0.0,80,68.05,0.0,0,,2026-04-14,65.0,Financial Services,improving,0,DJUSFI,,,,,,0,,,,,,,,0,30.0
MANE,30.0,üîµ MODERADA,0.0,80,52.4,0.0,0,,,,Healthcare,improving,0,DJUSHC,,,,,,0,,,,,,,,0,30.0
AMCR,30.0,üîµ MODERADA,0.0,80,63.84,0.0,0,,2026-04-30,81.0,Consumer Cyclical,improving,0,DJUSGT,,,,,,0,,,,,,,,0,30.0
INSE,30.0,üîµ MODERADA,0.0,80,63.84,0.0,0,,,,Consumer Cyclical,improving,0,DJUSGT,,,,,,0,,,,,,,,0,30.0
SHBI,30.0,üîµ MODERADA,0.0,80,68.05,0.0,0,,2026-01-28,-11.0,Financial Services,improving,0,DJUSFI,,,,,,0,,,,,,,,0,30.0
EVLV,30.0,üîµ MODERADA,0.0,80,67.8,0.0,0,,2026-03-10,30.0,Industrials,improving,0,DJUSIG,,,,,,0,,,,,,,,0,30.0
EGBN,30.0,üîµ MODERADA,0.0,80,68.05,0.0,0,,2026-01-21,-18.0,Financial Services,improving,0,DJUSFI,,,,,,0,,,,,,,,0,30.0
AZTA,30.0,üîµ MODERADA,0.0,80,52.4,0.0,0,,2026-02-04,-4.0,Healthcare,improving,0,DJUSHC,,,,,,0,,,,,,,,0,30.0
OBLG,30.0,üîµ MODERADA,0.0,80,68.05,0.0,0,,,,Financial Services,improving,0,DJUSFI,,,,,,0,,,,,,,,0,30.0
ARAI,25.0,üîµ MODERADA,0.0,60,77.96,0.0,0,,2025-11-14,-86.0,Technology,improving,3,DJUSTC,,,,,,0,,,,,,,,0,28.0
RVP,27.5,üîµ MODERADA,0.0,70,52.4,0.0,0,,,,Healthcare,improving,0,DJUSHC,,,,,,0,,,,,,,,0,27.5
GBLI,27.5,üîµ MODERADA,0.0,70,68.05,0.0,0,,,,Financial Services,improving,0,DJUSFI,,,,,,0,,,,,,,,0,27.5
THFF,27.5,üîµ MODERADA,0.0,70,68.05,0.0,0,,2026-04-21,72.0,Financial Services,improving,0,DJUSFI,,,,,,0,,,,,,,,0,27.5
VXRT,27.5,üîµ MODERADA,0.0,70,52.4,0.0,0,,2025-11-13,-87.0,Healthcare,improving,0,DJUSHC,,,,,,0,,,,,,,,0,27.5
TH,27.5,üîµ MODERADA,0.0,70,67.8,0.0,0,,,,Industrials,improving,0,DJUSIG,,,,,,0,,,,,,,,0,27.5
SAMG,27.5,üîµ MODERADA,0.0,70,68.05,0.0,0,,,,Financial Services,improving,0,DJUSFI,,,,,,0,,,,,,,,0,27.5
RCKY,27.5,üîµ MODERADA,0.0,70,63.84,0.0,0,,,,Consumer Cyclical,improving,0,DJUSGT,,,,,,0,,,,,,,,0,27.5
NLCP,27.5,üîµ MODERADA,0.0,70,42.31,0.0,0,,,,Real Estate,improving,0,DJUSRE,,,,,,0,,,,,,,,0,27.5
MBBC,27.5,üîµ MODERADA,0.0,70,68.05,0.0,0,,,,Financial Services,improving,0,DJUSFI,,,,,,0,,,,,,,,0,27.5
MKZR,27.5,üîµ MODERADA,0.0,70,42.31,0.0,0,,,,Real Estate,improving,0,DJUSRE,,,,,,0,,,,,,,,0,27.5
EXEL,27.5,üîµ MODERADA,0.0,70,52.4,0.0,0,,2026-02-10,2.0,Healthcare,improving,0,DJUSHC,,,,,,0,,,,,,,,0,27.5
PACS,27.5,üîµ MODERADA,0.0,70,52.4,0.0,0,,,,Healthcare,improving,0,DJUSHC,,,,,,0,,,,,,,,0,27.5
RRBI,27.5,üîµ MODERADA,0.0,70,68.05,0.0,0,,2026-04-30,81.0,Financial Services,improving,0,DJUSFI,,,,,,0,,,,,,,,0,27.5
ABCL,27.5,üîµ MODERADA,0.0,70,52.4,0.0,0,,2026-02-24,16.0,Healthcare,improving,0,DJUSHC,,,,,,0,,,,,,,,0,27.5
SINT,27.5,üîµ MODERADA,0.0,70,52.4,0.0,0,,,,Healthcare,improving,0,DJUSHC,,,,,,0,,,,,,,,0,27.5
CSBB,27.5,üîµ MODERADA,0.0,70,68.05,0.0,0,,,,Financial Services,improving,0,DJUSFI,,,,,,0,,,,,,,,0,27.5
CMPR,27.5,üîµ MODERADA,0.0,70,67.8,0.0,0,,2026-01-28,-11.0,Industrials,improving,0,DJUSIG,,,,,,0,,,,,,,,0,27.5
STKL,27.5,üîµ MODERADA,0.0,70,19.75,0.0,0,,,,Consumer Defensive,improving,0,DJUSFB,,,,,,0,,,,,,,,0,27.5
GMGI,27.5,üîµ MODERADA,0.0,70,16.97,0.0,0,,,,Communication Services,improving,0,DJUSTL,,,,,,0,,,,,,,,0,27.5
OVLY,27.5,üîµ MODERADA,0.0,70,68.05,0.0,0,,2026-04-17,68.0,Financial Services,improving,0,DJUSFI,,,,,,0,,,,,,,,0,27.5
FMFG,27.5,üîµ MODERADA,0.0,70,68.05,0.0,0,,,,Financial Services,improving,0,DJUSFI,,,,,,0,,,,,,,,0,27.5
EBMT,27.5,üîµ MODERADA,0.0,70,68.05,0.0,0,,2026-04-28,79.0,Financial Services,improving,0,DJUSFI,,,,,,0,,,,,,,,0,27.5
KITT,27.5,üîµ MODERADA,0.0,70,67.8,0.0,0,,2025-11-14,-86.0,Industrials,improving,0,DJUSIG,,,,,,0,,,,,,,,0,27.5
MRP,27.5,üîµ MODERADA,0.0,70,42.31,0.0,0,,2026-02-26,18.0,Real Estate,improving,0,DJUSRE,,,,,,0,,,,,,,,0,27.5
MNRO,27.5,üîµ MODERADA,0.0,70,63.84,0.0,0,,2026-01-28,-11.0,Consumer Cyclical,improving,0,DJUSGT,,,,,,0,,,,,,,,0,27.5
MYO,27.5,üîµ MODERADA,0.0,70,52.4,0.0,0,,2025-11-10,-90.0,Healthcare,improving,0,DJUSHC,,,,,,0,,,,,,,,0,27.5
CRWS,27.5,üîµ MODERADA,0.0,70,63.84,0.0,0,,2026-02-11,3.0,Consumer Cyclical,improving,0,DJUSGT,,,,,,0,,,,,,,,0,27.5
BRCC,27.5,üîµ MODERADA,0.0,70,19.75,0.0,0,,,,Consumer Defensive,improving,0,DJUSFB,,,,,,0,,,,,,,,0,27.5
RBKB,27.5,üîµ MODERADA,0.0,70,68.05,0.0,0,,,,Financial Services,improving,0,DJUSFI,,,,,,0,,,,,,,,0,27.5
LENZ,27.5,üîµ MODERADA,0.0,70,52.4,0.0,0,,,,Healthcare,improving,0,DJUSHC,,,,,,0,,,,,,,,0,27.5
FIGR,27.5,üîµ MODERADA,0.0,70,68.05,0.0,0,,2026-02-26,18.0,Financial Services,improving,0,DJUSFI,,,,,,0,,,,,,,,0,27.5
BETR,27.5,üîµ MODERADA,0.0,70,68.05,0.0,0,,2025-11-13,-87.0,Financial Services,improving,0,DJUSFI,,,,,,0,,,,,,,,0,27.5
PLUG,27.5,üîµ MODERADA,0.0,70,67.8,0.0,0,,2025-11-10,-90.0,Industrials,improving,0,DJUSIG,,,,,,0,,,,,,,,0,27.5
INR,27.5,üîµ MODERADA,0.0,70,38.11,0.0,0,,2025-11-10,-90.0,Energy,improving,0,DJUSEN,,,,,,0,,,,,,,,0,27.5
HTFL,27.5,üîµ MODERADA,0.0,70,52.4,0.0,0,,2025-11-12,-88.0,Healthcare,improving,0,DJUSHC,,,,,,0,,,,,,,,0,27.5
WY,27.5,üîµ MODERADA,0.0,70,42.31,0.0,0,,2026-04-23,74.0,Real Estate,improving,0,DJUSRE,,,,,,0,,,,,,,,0,27.5
SGHT,27.5,üîµ MODERADA,0.0,70,52.4,0.0,0,,,,Healthcare,improving,0,DJUSHC,,,,,,0,,,,,,,,0,27.5
JOBY,27.5,üîµ MODERADA,0.0,70,67.8,0.0,0,,,,Industrials,improving,0,DJUSIG,,,,,,0,,,,,,,,0,27.5
ONFO,27.5,üîµ MODERADA,0.0,70,16.97,0.0,0,,,,Communication Services,improving,0,DJUSTL,,,,,,0,,,,,,,,0,27.5
BDL,27.5,üîµ MODERADA,0.0,70,63.84,0.0,0,,,,Consumer Cyclical,improving,0,DJUSGT,,,,,,0,,,,,,,,0,27.5
DHC,27.5,üîµ MODERADA,0.0,70,42.31,0.0,0,,2026-02-23,15.0,Real Estate,improving,0,DJUSRE,,,,,,0,,,,,,,,0,27.5
CUE,27.5,üîµ MODERADA,0.0,70,52.4,0.0,0,,,,Healthcare,improving,0,DJUSHC,,,,,,0,,,,,,,,0,27.5
FBRX,27.5,üîµ MODERADA,0.0,70,52.4,0.0,0,,,,Healthcare,improving,0,DJUSHC,,,,,,0,,,,,,,,0,27.5
EDBL,27.5,üîµ MODERADA,0.0,70,19.75,0.0,0,,2025-11-14,-86.0,Consumer Defensive,improving,0,DJUSFB,,,,,,0,,,,,,,,0,27.5
NAD,27.5,üîµ MODERADA,0.0,70,68.05,0.0,0,,,,Financial Services,improving,0,DJUSFI,,,,,,0,,,,,,,,0,27.5
VKI,27.5,üîµ MODERADA,0.0,70,68.05,0.0,0,,,,Financial Services,improving,0,DJUSFI,,,,,,0,,,,,,,,0,27.5
SMBK,27.5,üîµ MODERADA,0.0,70,68.05,0.0,0,,2026-04-20,71.0,Financial Services,improving,0,DJUSFI,,,,,,0,,,,,,,,0,27.5
SATL,27.5,üîµ MODERADA,0.0,70,67.8,0.0,0,,2025-11-13,-87.0,Industrials,improving,0,DJUSIG,,,,,,0,,,,,,,,0,27.5
SRRK,27.5,üîµ MODERADA,0.0,70,52.4,0.0,0,,2025-11-14,-86.0,Healthcare,improving,0,DJUSHC,,,,,,0,,,,,,,,0,27.5
OMCC,27.5,üîµ MODERADA,0.0,70,68.05,0.0,0,,,,Financial Services,improving,0,DJUSFI,,,,,,0,,,,,,,,0,27.5
FPI,27.5,üîµ MODERADA,0.0,70,42.31,0.0,0,,,,Real Estate,improving,0,DJUSRE,,,,,,0,,,,,,,,0,27.5
CRMT,27.5,üîµ MODERADA,0.0,70,63.84,0.0,0,,2026-03-05,25.0,Consumer Cyclical,improving,0,DJUSGT,,,,,,0,,,,,,,,0,27.5
CWT,27.5,üîµ MODERADA,0.0,70,51.0,0.0,0,,2026-02-25,17.0,Utilities,improving,0,DJUSUT,,,,,,0,,,,,,,,0,27.5
MCY,27.5,üîµ MODERADA,0.0,70,68.05,0.0,0,,2026-02-17,9.0,Financial Services,improving,0,DJUSFI,,,,,,0,,,,,,,,0,27.5
WULF,27.5,üîµ MODERADA,0.0,70,68.05,0.0,0,,2026-02-26,18.0,Financial Services,improving,0,DJUSFI,,,,,,0,,,,,,,,0,27.5
ACNB,27.5,üîµ MODERADA,0.0,70,68.05,0.0,0,,2026-01-22,-17.0,Financial Services,improving,0,DJUSFI,,,,,,0,,,,,,,,0,27.5
RSG,27.5,üîµ MODERADA,0.0,70,67.8,0.0,0,,2026-02-17,9.0,Industrials,improving,0,DJUSIG,,,,,,0,,,,,,,,0,27.5
SEVN,27.5,üîµ MODERADA,0.0,70,42.31,0.0,0,,2026-02-18,10.0,Real Estate,improving,0,DJUSRE,,,,,,0,,,,,,,,0,27.5
KYMR,27.5,üîµ MODERADA,0.0,70,52.4,0.0,0,,,,Healthcare,improving,0,DJUSHC,,,,,,0,,,,,,,,0,27.5
DLX,27.5,üîµ MODERADA,0.0,70,67.8,0.0,0,,2026-04-29,80.0,Industrials,improving,0,DJUSIG,,,,,,0,,,,,,,,0,27.5
SURG,27.5,üîµ MODERADA,0.0,70,16.97,0.0,0,,2025-11-12,-88.0,Communication Services,improving,0,DJUSTL,,,,,,0,,,,,,,,0,27.5
MSGM,27.5,üîµ MODERADA,0.0,70,16.97,0.0,0,,,,Communication Services,improving,0,DJUSTL,,,,,,0,,,,,,,,0,27.5
OXM,27.5,üîµ MODERADA,0.0,70,63.84,0.0,0,,2025-12-10,-60.0,Consumer Cyclical,improving,0,DJUSGT,,,,,,0,,,,,,,,0,27.5
NOG,27.5,üîµ MODERADA,0.0,70,38.11,0.0,0,,2026-02-25,17.0,Energy,improving,0,DJUSEN,,,,,,0,,,,,,,,0,27.5
ITW,27.5,üîµ MODERADA,0.0,70,67.8,0.0,0,,2026-04-29,80.0,Industrials,improving,0,DJUSIG,,,,,,0,,,,,,,,0,27.5
UMH,27.5,üîµ MODERADA,0.0,70,42.31,0.0,0,,2026-02-25,17.0,Real Estate,improving,0,DJUSRE,,,,,,0,,,,,,,,0,27.5
IMVT,27.5,üîµ MODERADA,0.0,70,52.4,0.0,0,,2026-02-06,-2.0,Healthcare,improving,0,DJUSHC,,,,,,0,,,,,,,,0,27.5
ARE,27.5,üîµ MODERADA,0.0,70,42.31,0.0,0,,2026-01-26,-13.0,Real Estate,improving,0,DJUSRE,,,,,,0,,,,,,,,0,27.5
ESTC,22.5,üîµ MODERADA,0.0,50,77.96,0.0,0,,2026-02-26,18.0,Technology,improving,3,DJUSTC,,,,,,0,,,,,,,,0,25.5
CLFD,22.5,üîµ MODERADA,0.0,50,77.96,0.0,0,,2026-02-04,-4.0,Technology,improving,3,DJUSTC,,,,,,0,,,,,,,,0,25.5
ZEUS,22.5,üîµ MODERADA,0.0,50,79.76,0.0,0,,,,Basic Materials,improving,3,DJUSBS,,,,,,0,,,,,,,,0,25.5
LIN,22.5,üîµ MODERADA,0.0,50,79.76,0.0,0,,2026-04-30,81.0,Basic Materials,improving,3,DJUSBS,,,,,,0,,,,,,,,0,25.5
KOSS,22.5,üîµ MODERADA,0.0,50,77.96,0.0,0,,,,Technology,improving,3,DJUSTC,,,,,,0,,,,,,,,0,25.5
ALRM,22.5,üîµ MODERADA,0.0,50,77.96,0.0,0,,2026-02-19,11.0,Technology,improving,3,DJUSTC,,,,,,0,,,,,,,,0,25.5
TEAM,22.5,üîµ MODERADA,0.0,50,77.96,0.0,0,,2026-04-30,81.0,Technology,improving,3,DJUSTC,,,,,,0,,,,,,,,0,25.5
ICHR,22.5,üîµ MODERADA,0.0,50,77.96,0.0,0,,2026-02-09,1.0,Technology,improving,3,DJUSTC,,,,,,0,,,,,,,,0,25.5
IOSP,22.5,üîµ MODERADA,0.0,50,79.76,0.0,0,,2026-02-17,9.0,Basic Materials,improving,3,DJUSBS,,,,,,0,,,,,,,,0,25.5
GEN,22.5,üîµ MODERADA,0.0,50,77.96,0.0,0,,2026-05-07,88.0,Technology,improving,3,DJUSTC,,,,,,0,,,,,,,,0,25.5
CORZ,22.5,üîµ MODERADA,0.0,50,77.96,0.0,0,,,,Technology,improving,3,DJUSTC,,,,,,0,,,,,,,,0,25.5
FTCI,22.5,üîµ MODERADA,0.0,50,77.96,0.0,0,,2025-11-12,-88.0,Technology,improving,3,DJUSTC,,,,,,0,,,,,,,,0,25.5
HLIT,22.5,üîµ MODERADA,0.0,50,77.96,0.0,0,,2026-02-19,11.0,Technology,improving,3,DJUSTC,,,,,,0,,,,,,,,0,25.5
OSPN,22.5,üîµ MODERADA,0.0,50,77.96,0.0,0,,2026-02-26,18.0,Technology,improving,3,DJUSTC,,,,,,0,,,,,,,,0,25.5
MNSB,25.0,üîµ MODERADA,0.0,60,68.05,0.0,0,,,,Financial Services,improving,0,DJUSFI,,,,,,0,,,,,,,,0,25.0
SLRX,25.0,üîµ MODERADA,0.0,60,52.4,0.0,0,,,,Healthcare,improving,0,DJUSHC,,,,,,0,,,,,,,,0,25.0
AAON,25.0,üîµ MODERADA,0.0,50,67.8,10.000000692,1,BlackRock,,,Industrials,improving,0,DJUSIG,,,,,,0,,,,,,,,0,25.0
NTHI,25.0,üîµ MODERADA,0.0,60,52.4,0.0,0,,2025-11-14,-86.0,Healthcare,improving,0,DJUSHC,,,,,,0,,,,,,,,0,25.0
PENN,25.0,üîµ MODERADA,0.0,60,63.84,0.0,0,,2026-02-26,18.0,Consumer Cyclical,improving,0,DJUSGT,,,,,,0,,,,,,,,0,25.0
FBLA,25.0,üîµ MODERADA,0.0,60,68.05,0.0,0,,,,Financial Services,improving,0,DJUSFI,,,,,,0,,,,,,,,0,25.0
CATX,25.0,üîµ MODERADA,0.0,60,52.4,0.0,0,,2025-11-10,-90.0,Healthcare,improving,0,DJUSHC,,,,,,0,,,,,,,,0,25.0
TBBK,25.0,üîµ MODERADA,0.0,60,68.05,0.0,0,,2026-04-23,74.0,Financial Services,improving,0,DJUSFI,,,,,,0,,,,,,,,0,25.0
LOAN,25.0,üîµ MODERADA,0.0,60,42.31,0.0,0,,,,Real Estate,improving,0,DJUSRE,,,,,,0,,,,,,,,0,25.0
JACK,25.0,üîµ MODERADA,0.0,60,63.84,0.0,0,,2026-02-18,10.0,Consumer Cyclical,improving,0,DJUSGT,,,,,,0,,,,,,,,0,25.0
LINE,25.0,üîµ MODERADA,0.0,60,42.31,0.0,0,,2026-02-25,17.0,Real Estate,improving,0,DJUSRE,,,,,,0,,,,,,,,0,25.0
SPFX,25.0,üîµ MODERADA,0.0,60,68.05,0.0,0,,,,Financial Services,improving,0,DJUSFI,,,,,,0,,,,,,,,0,25.0
RXO,22.5,üîµ MODERADA,0.0,50,67.8,0.0,0,,2026-05-06,87.0,Industrials,improving,0,DJUSIG,,,,,,0,,,,,,,,0,22.5
SUNC,22.5,üîµ MODERADA,0.0,50,38.11,0.0,0,,,,Energy,improving,0,DJUSEN,,,,,,0,,,,,,,,0,22.5
JJSF,22.5,üîµ MODERADA,0.0,50,19.75,0.0,0,,2026-02-03,-5.0,Consumer Defensive,improving,0,DJUSFB,,,,,,0,,,,,,,,0,22.5
RUM,22.5,üîµ MODERADA,0.0,50,16.97,0.0,0,,2025-11-12,-88.0,Communication Services,improving,0,DJUSTL,,,,,,0,,,,,,,,0,22.5
ASLE,22.5,üîµ MODERADA,0.0,50,67.8,0.0,0,,,,Industrials,improving,0,DJUSIG,,,,,,0,,,,,,,,0,22.5
ET,22.5,üîµ MODERADA,0.0,50,38.11,0.0,0,,2026-02-17,9.0,Energy,improving,0,DJUSEN,,,,,,0,,,,,,,,0,22.5
FRAF,22.5,üîµ MODERADA,0.0,50,68.05,0.0,0,,2026-01-27,-12.0,Financial Services,improving,0,DJUSFI,,,,,,0,,,,,,,,0,22.5
ENOV,22.5,üîµ MODERADA,0.0,50,52.4,0.0,0,,2026-02-26,18.0,Healthcare,improving,0,DJUSHC,,,,,,0,,,,,,,,0,22.5
BTCS,22.5,üîµ MODERADA,0.0,50,68.05,0.0,0,,,,Financial Services,improving,0,DJUSFI,,,,,,0,,,,,,,,0,22.5
NUTX,22.5,üîµ MODERADA,0.0,50,52.4,0.0,0,,2026-03-31,51.0,Healthcare,improving,0,DJUSHC,,,,,,0,,,,,,,,0,22.5
BHC,22.5,üîµ MODERADA,0.0,50,52.4,0.0,0,,2026-02-18,10.0,Healthcare,improving,0,DJUSHC,,,,,,0,,,,,,,,0,22.5
ACON,22.5,üîµ MODERADA,0.0,50,52.4,0.0,0,,,,Healthcare,improving,0,DJUSHC,,,,,,0,,,,,,,,0,22.5
CZFS,22.5,üîµ MODERADA,0.0,50,68.05,0.0,0,,2026-04-20,71.0,Financial Services,improving,0,DJUSFI,,,,,,0,,,,,,,,0,22.5
ELA,22.5,üîµ MODERADA,0.0,50,63.84,0.0,0,,,,Consumer Cyclical,improving,0,DJUSGT,,,,,,0,,,,,,,,0,22.5
HRGN,22.5,üîµ MODERADA,0.0,50,52.4,0.0,0,,,,Healthcare,improving,0,DJUSHC,,,,,,0,,,,,,,,0,22.5
TRST,22.5,üîµ MODERADA,0.0,50,68.05,0.0,0,,2026-04-20,71.0,Financial Services,improving,0,DJUSFI,,,,,,0,,,,,,,,0,22.5
CBZ,22.5,üîµ MODERADA,0.0,50,67.8,0.0,0,,,,Industrials,improving,0,DJUSIG,,,,,,0,,,,,,,,0,22.5
SAIA,22.5,üîµ MODERADA,0.0,50,67.8,0.0,0,,2026-02-10,2.0,Industrials,improving,0,DJUSIG,,,,,,0,,,,,,,,0,22.5
JNJ,22.5,üîµ MODERADA,0.0,50,52.4,0.0,0,,2026-04-14,65.0,Healthcare,improving,0,DJUSHC,,,,,,0,,,,,,,,0,22.5
GXO,22.5,üîµ MODERADA,0.0,50,67.8,0.0,0,,2026-02-10,2.0,Industrials,improving,0,DJUSIG,,,,,,0,,,,,,,,0,22.5
GLRE,22.5,üîµ MODERADA,0.0,50,68.05,0.0,0,,,,Financial Services,improving,0,DJUSFI,,,,,,0,,,,,,,,0,22.5
LGCY,22.5,üîµ MODERADA,0.0,50,19.75,0.0,0,,2026-02-12,4.0,Consumer Defensive,improving,0,DJUSFB,,,,,,0,,,,,,,,0,22.5
CBL,22.5,üîµ MODERADA,0.0,50,42.31,0.0,0,,2026-02-12,4.0,Real Estate,improving,0,DJUSRE,,,,,,0,,,,,,,,0,22.5
DCOM,22.5,üîµ MODERADA,0.0,50,68.05,0.0,0,,2026-04-21,72.0,Financial Services,improving,0,DJUSFI,,,,,,0,,,,,,,,0,22.5
TSQ,22.5,üîµ MODERADA,0.0,50,16.97,0.0,0,,2026-03-16,36.0,Communication Services,improving,0,DJUSTL,,,,,,0,,,,,,,,0,22.5
SFST,22.5,üîµ MODERADA,0.0,50,68.05,0.0,0,,2026-04-21,72.0,Financial Services,improving,0,DJUSFI,,,,,,0,,,,,,,,0,22.5
FMAO,22.5,üîµ MODERADA,0.0,50,68.05,0.0,0,,2026-02-12,4.0,Financial Services,improving,0,DJUSFI,,,,,,0,,,,,,,,0,22.5
FMCB,22.5,üîµ MODERADA,0.0,50,68.05,0.0,0,,2026-04-15,66.0,Financial Services,improving,0,DJUSFI,,,,,,0,,,,,,,,0,22.5
TAP,22.5,üîµ MODERADA,0.0,50,19.75,0.0,0,,2026-02-18,10.0,Consumer Defensive,improving,0,DJUSFB,,,,,,0,,,,,,,,0,22.5
NTRP,22.5,üîµ MODERADA,0.0,50,63.84,0.0,0,,2026-01-14,-25.0,Consumer Cyclical,improving,0,DJUSGT,,,,,,0,,,,,,,,0,22.5
IART,22.5,üîµ MODERADA,0.0,50,52.4,0.0,0,,,,Healthcare,improving,0,DJUSHC,,,,,,0,,,,,,,,0,22.5
SYBT,22.5,üîµ MODERADA,0.0,50,68.05,0.0,0,,2026-01-27,-12.0,Financial Services,improving,0,DJUSFI,,,,,,0,,,,,,,,0,22.5
JBLU,22.5,üîµ MODERADA,0.0,50,67.8,0.0,0,,2026-04-28,79.0,Industrials,improving,0,DJUSIG,,,,,,0,,,,,,,,0,22.5
TDUP,22.5,üîµ MODERADA,0.0,50,63.84,0.0,0,,2026-03-02,22.0,Consumer Cyclical,improving,0,DJUSGT,,,,,,0,,,,,,,,0,22.5
AMBC,22.5,üîµ MODERADA,0.0,50,50.0,0.0,0,,,,,stable,0,,,,,,,0,,,,,,,,0,22.5
SMPL,22.5,üîµ MODERADA,0.0,50,19.75,0.0,0,,2026-04-08,59.0,Consumer Defensive,improving,0,DJUSFB,,,,,,0,,,,,,,,0,22.5
TRS,22.5,üîµ MODERADA,0.0,50,63.84,0.0,0,,2026-02-26,18.0,Consumer Cyclical,improving,0,DJUSGT,,,,,,0,,,,,,,,0,22.5
COLM,22.5,üîµ MODERADA,0.0,50,63.84,0.0,0,,2026-04-30,81.0,Consumer Cyclical,improving,0,DJUSGT,,,,,,0,,,,,,,,0,22.5
CTRI,22.5,üîµ MODERADA,0.0,50,51.0,0.0,0,,,,Utilities,improving,0,DJUSUT,,,,,,0,,,,,,,,0,22.5
COTY,22.5,üîµ MODERADA,0.0,50,19.75,0.0,0,,2026-05-05,86.0,Consumer Defensive,improving,0,DJUSFB,,,,,,0,,,,,,,,0,22.5
SXI,22.5,üîµ MODERADA,0.0,50,67.8,0.0,0,,2026-01-29,-10.0,Industrials,improving,0,DJUSIG,,,,,,0,,,,,,,,0,22.5
TCBX,22.5,üîµ MODERADA,0.0,50,68.05,0.0,0,,2026-01-21,-18.0,Financial Services,improving,0,DJUSFI,,,,,,0,,,,,,,,0,22.5
DJT,22.5,üîµ MODERADA,0.0,50,16.97,0.0,0,,2026-02-13,5.0,Communication Services,improving,0,DJUSTL,,,,,,0,,,,,,,,0,22.5
ARAY,22.5,üîµ MODERADA,0.0,50,52.4,0.0,0,,2026-04-29,80.0,Healthcare,improving,0,DJUSHC,,,,,,0,,,,,,,,0,22.5
PRSU,22.5,üîµ MODERADA,0.0,50,63.84,0.0,0,,2026-02-25,17.0,Consumer Cyclical,improving,0,DJUSGT,,,,,,0,,,,,,,,0,22.5
OSUR,22.5,üîµ MODERADA,0.0,50,52.4,0.0,0,,,,Healthcare,improving,0,DJUSHC,,,,,,0,,,,,,,,0,22.5
KCHV,22.5,üîµ MODERADA,0.0,50,50.0,0.0,0,,,,,stable,0,,,,,,,0,,,,,,,,0,22.5
,22.5,üîµ MODERADA,0.0,50,50.0,0.0,0,,,,,stable,0,,,,,,,0,,,,,,,,0,22.5
SHIM,22.5,üîµ MODERADA,0.0,50,67.8,0.0,0,,2025-11-13,-87.0,Industrials,improving,0,DJUSIG,,,,,,0,,,,,,,,0,22.5
ABCB,22.5,üîµ MODERADA,0.0,50,68.05,0.0,0,,2026-04-27,78.0,Financial Services,improving,0,DJUSFI,,,,,,0,,,,,,,,0,22.5
ALTG,22.5,üîµ MODERADA,0.0,50,67.8,0.0,0,,,,Industrials,improving,0,DJUSIG,,,,,,0,,,,,,,,0,22.5
LFAC,22.5,üîµ MODERADA,0.0,50,68.05,0.0,0,,,,Financial Services,improving,0,DJUSFI,,,,,,0,,,,,,,,0,22.5
FBLG,22.5,üîµ MODERADA,0.0,50,52.4,0.0,0,,,,Healthcare,improving,0,DJUSHC,,,,,,0,,,,,,,,0,22.5
TEAD,22.5,üîµ MODERADA,0.0,50,16.97,0.0,0,,,,Communication Services,improving,0,DJUSTL,,,,,,0,,,,,,,,0,22.5
TUSK,22.5,üîµ MODERADA,0.0,50,67.8,0.0,0,,2026-03-06,26.0,Industrials,improving,0,DJUSIG,,,,,,0,,,,,,,,0,22.5
MAA,22.5,üîµ MODERADA,0.0,50,42.31,0.0,0,,2026-04-29,80.0,Real Estate,improving,0,DJUSRE,,,,,,0,,,,,,,,0,22.5
HUBG,22.5,üîµ MODERADA,0.0,50,67.8,0.0,0,,2026-03-02,22.0,Industrials,improving,0,DJUSIG,,,,,,0,,,,,,,,0,22.5
VERA,22.5,üîµ MODERADA,0.0,50,52.4,0.0,0,,,,Healthcare,improving,0,DJUSHC,,,,,,0,,,,,,,,0,22.5
GLXY,22.5,üîµ MODERADA,0.0,50,68.05,0.0,0,,2026-02-03,-5.0,Financial Services,improving,0,DJUSFI,,,,,,0,,,,,,,,0,22.5
DIS,22.5,üîµ MODERADA,0.0,50,16.97,0.0,0,,2026-05-06,87.0,Communication Services,improving,0,DJUSTL,,,,,,0,,,,,,,,0,22.5
TWLV,22.5,üîµ MODERADA,0.0,50,68.05,0.0,0,,,,Financial Services,improving,0,DJUSFI,,,,,,0,,,,,,,,0,22.5
KVUE,22.5,üîµ MODERADA,0.0,50,19.75,0.0,0,,2026-02-17,9.0,Consumer Defensive,improving,0,DJUSFB,,,,,,0,,,,,,,,0,22.5
MRMD,22.5,üîµ MODERADA,0.0,50,52.4,0.0,0,,2026-03-11,31.0,Healthcare,improving,0,DJUSHC,,,,,,0,,,,,,,,0,22.5
TFSL,22.5,üîµ MODERADA,0.0,50,68.05,0.0,0,,2026-01-29,-10.0,Financial Services,improving,0,DJUSFI,,,,,,0,,,,,,,,0,22.5
TXO,22.5,üîµ MODERADA,0.0,50,38.11,0.0,0,,,,Energy,improving,0,DJUSEN,,,,,,0,,,,,,,,0,22.5
CVR,22.5,üîµ MODERADA,0.0,50,67.8,0.0,0,,,,Industrials,improving,0,DJUSIG,,,,,,0,,,,,,,,0,22.5
LFVN,22.5,üîµ MODERADA,0.0,50,19.75,0.0,0,,2026-02-04,-4.0,Consumer Defensive,improving,0,DJUSFB,,,,,,0,,,,,,,,0,22.5
KNSL,22.5,üîµ MODERADA,0.0,50,68.05,0.0,0,,2026-02-12,4.0,Financial Services,improving,0,DJUSFI,,,,,,0,,,,,,,,0,22.5
UNB,22.5,üîµ MODERADA,0.0,50,68.05,0.0,0,,2026-01-21,-18.0,Financial Services,improving,0,DJUSFI,,,,,,0,,,,,,,,0,22.5
SNEX,22.5,üîµ MODERADA,0.0,50,68.05,0.0,0,,2026-02-04,-4.0,Financial Services,improving,0,DJUSFI,,,,,,0,,,,,,,,0,22.5
CME,22.5,üîµ MODERADA,0.0,50,68.05,0.0,0,,2026-04-22,73.0,Financial Services,improving,0,DJUSFI,,,,,,0,,,,,,,,0,22.5
ED,22.5,üîµ MODERADA,0.0,50,51.0,0.0,0,,2026-02-19,11.0,Utilities,improving,0,DJUSUT,,,,,,0,,,,,,,,0,22.5
MBAV,22.5,üîµ MODERADA,0.0,50,68.05,0.0,0,,,,Financial Services,improving,0,DJUSFI,,,,,,0,,,,,,,,0,22.5
FSEA,22.5,üîµ MODERADA,0.0,50,68.05,0.0,0,,,,Financial Services,improving,0,DJUSFI,,,,,,0,,,,,,,,0,22.5
NAN,22.5,üîµ MODERADA,0.0,50,68.05,0.0,0,,,,Financial Services,improving,0,DJUSFI,,,,,,0,,,,,,,,0,22.5
FLD,22.5,üîµ MODERADA,0.0,50,68.05,0.0,0,,2025-11-10,-90.0,Financial Services,improving,0,DJUSFI,,,,,,0,,,,,,,,0,22.5
MSCI,22.5,üîµ MODERADA,0.0,50,68.05,0.0,0,,2026-04-21,72.0,Financial Services,improving,0,DJUSFI,,,,,,0,,,,,,,,0,22.5
KOD,22.5,üîµ MODERADA,0.0,50,52.4,0.0,0,,2025-11-13,-87.0,Healthcare,improving,0,DJUSHC,,,,,,0,,,,,,,,0,22.5
ECOR,22.5,üîµ MODERADA,0.0,50,52.4,0.0,0,,,,Healthcare,improving,0,DJUSHC,,,,,,0,,,,,,,,0,22.5
ZONE,22.5,üîµ MODERADA,0.0,50,67.8,0.0,0,,,,Industrials,improving,0,DJUSIG,,,,,,0,,,,,,,,0,22.5
BV,22.5,üîµ MODERADA,0.0,50,67.8,0.0,0,,2026-02-03,-5.0,Industrials,improving,0,DJUSIG,,,,,,0,,,,,,,,0,22.5
KLNG,22.5,üîµ MODERADA,0.0,50,38.11,0.0,0,,,,Energy,improving,0,DJUSEN,,,,,,0,,,,,,,,0,22.5
BAER,22.5,üîµ MODERADA,0.0,50,67.8,0.0,0,,,,Industrials,improving,0,DJUSIG,,,,,,0,,,,,,,,0,22.5
SGI,22.5,üîµ MODERADA,0.0,50,63.84,0.0,0,,2026-02-17,9.0,Consumer Cyclical,improving,0,DJUSGT,,,,,,0,,,,,,,,0,22.5
CINF,22.5,üîµ MODERADA,0.0,50,68.05,0.0,0,,2026-02-09,1.0,Financial Services,improving,0,DJUSFI,,,,,,0,,,,,,,,0,22.5
SBSI,22.5,üîµ MODERADA,0.0,50,68.05,0.0,0,,2026-04-29,80.0,Financial Services,improving,0,DJUSFI,,,,,,0,,,,,,,,0,22.5
GRDN,22.5,üîµ MODERADA,0.0,50,52.4,0.0,0,,2025-11-10,-90.0,Healthcare,improving,0,DJUSHC,,,,,,0,,,,,,,,0,22.5
MVBF,22.5,üîµ MODERADA,0.0,50,68.05,0.0,0,,2026-02-12,4.0,Financial Services,improving,0,DJUSFI,,,,,,0,,,,,,,,0,22.5
MGEE,22.5,üîµ MODERADA,0.0,50,51.0,0.0,0,,,,Utilities,improving,0,DJUSUT,,,,,,0,,,,,,,,0,22.5
ECG,22.5,üîµ MODERADA,0.0,50,67.8,0.0,0,,2026-02-24,16.0,Industrials,improving,0,DJUSIG,,,,,,0,,,,,,,,0,22.5
RNAC,22.5,üîµ MODERADA,0.0,50,52.4,0.0,0,,,,Healthcare,improving,0,DJUSHC,,,,,,0,,,,,,,,0,22.5
XOMA,22.5,üîµ MODERADA,0.0,50,52.4,0.0,0,,2025-11-12,-88.0,Healthcare,improving,0,DJUSHC,,,,,,0,,,,,,,,0,22.5
NWAX,22.5,üîµ MODERADA,0.0,50,50.0,0.0,0,,,,,stable,0,,,,,,,0,,,,,,,,0,22.5
DMAC,22.5,üîµ MODERADA,0.0,50,52.4,0.0,0,,2025-11-12,-88.0,Healthcare,improving,0,DJUSHC,,,,,,0,,,,,,,,0,22.5
CBIO,22.5,üîµ MODERADA,0.0,50,52.4,0.0,0,,,,Healthcare,improving,0,DJUSHC,,,,,,0,,,,,,,,0,22.5
GLBZ,22.5,üîµ MODERADA,0.0,50,68.05,0.0,0,,,,Financial Services,improving,0,DJUSFI,,,,,,0,,,,,,,,0,22.5
OPHC,22.5,üîµ MODERADA,0.0,50,68.05,0.0,0,,2026-02-02,-6.0,Financial Services,improving,0,DJUSFI,,,,,,0,,,,,,,,0,22.5
CCRN,22.5,üîµ MODERADA,0.0,50,52.4,0.0,0,,2025-11-12,-88.0,Healthcare,improving,0,DJUSHC,,,,,,0,,,,,,,,0,22.5
ECBK,22.5,üîµ MODERADA,0.0,50,68.05,0.0,0,,,,Financial Services,improving,0,DJUSFI,,,,,,0,,,,,,,,0,22.5
ABSI,22.5,üîµ MODERADA,0.0,50,52.4,0.0,0,,2025-11-12,-88.0,Healthcare,improving,0,DJUSHC,,,,,,0,,,,,,,,0,22.5
RVSB,22.5,üîµ MODERADA,0.0,50,68.05,0.0,0,,2026-01-27,-12.0,Financial Services,improving,0,DJUSFI,,,,,,0,,,,,,,,0,22.5
